{
"type": "FeatureCollection",
"name": "Rivers",
"crs": { "type": "name", "properties": { "name": "urn:ogc:def:crs:OGC:1.3:CRS84" } },
"features": [
{ "type": "Feature", "properties": { "fid": 1, "osm_id": "4742020", "code": 8101, "fclass": "river", "width": 0, "name": "Mto Nairobi" }, "geometry": { "type": "LineString", "coordinates": [ [ 36.7820402, -1.2655595 ], [ 36.7821032, -1.265474 ], [ 36.7822241, -1.2653267 ], [ 36.7823283, -1.2651441 ], [ 36.7823473, -1.2651108 ], [ 36.7826049, -1.2650761 ], [ 36.7827846, -1.2651763 ], [ 36.7827687, -1.265381 ], [ 36.7827981, -1.2656034 ], [ 36.7830846, -1.2658249 ], [ 36.7834923, -1.2661359 ], [ 36.7837283, -1.2663612 ], [ 36.7840609, -1.266447 ], [ 36.7845652, -1.2663504 ], [ 36.7847557, -1.2662093 ], [ 36.7849737, -1.2662207 ], [ 36.7852321, -1.2662979 ], [ 36.7855304, -1.2661864 ], [ 36.7856888, -1.2663176 ], [ 36.7857733, -1.2664575 ], [ 36.7860002, -1.2667179 ], [ 36.7863207, -1.2668205 ], [ 36.7864494, -1.2669801 ], [ 36.786561, -1.2670381 ], [ 36.7867646, -1.2671227 ], [ 36.7870062, -1.2672193 ], [ 36.7872799, -1.2673411 ], [ 36.7874448, -1.2674008 ], [ 36.7876583, -1.2674483 ], [ 36.7879158, -1.2674054 ], [ 36.7881379, -1.2674016 ], [ 36.7882484, -1.2674697 ], [ 36.7884276, -1.2675303 ], [ 36.7886239, -1.2676306 ], [ 36.7888889, -1.2676483 ], [ 36.7893502, -1.2676483 ], [ 36.7896721, -1.267541 ], [ 36.7899296, -1.2673587 ], [ 36.7900369, -1.2672407 ], [ 36.7902976, -1.2671158 ], [ 36.7904693, -1.2671587 ], [ 36.7906913, -1.2673373 ], [ 36.7909306, -1.2674375 ], [ 36.7911988, -1.2674161 ], [ 36.7914424, -1.2672193 ], [ 36.791775, -1.2671978 ], [ 36.7920432, -1.2673373 ], [ 36.7922792, -1.2675089 ], [ 36.7925399, -1.2677271 ], [ 36.7929122, -1.2678843 ], [ 36.7933736, -1.2678414 ], [ 36.7936986, -1.2678022 ], [ 36.79416, -1.2679309 ], [ 36.794897, -1.2683133 ], [ 36.7952543, -1.2685638 ], [ 36.7956052, -1.2685386 ], [ 36.7957983, -1.2683562 ], [ 36.7959807, -1.2681417 ], [ 36.7962596, -1.267895 ], [ 36.7965203, -1.2677915 ], [ 36.7969066, -1.2679095 ], [ 36.7971186, -1.2680418 ], [ 36.7972788, -1.2681417 ], [ 36.7978078, -1.2682742 ], [ 36.7980514, -1.2683268 ], [ 36.7983303, -1.2682704 ], [ 36.7985878, -1.2681524 ], [ 36.7990089, -1.2680613 ], [ 36.7993983, -1.2681293 ], [ 36.7997143, -1.2681632 ], [ 36.8001407, -1.2681739 ], [ 36.8004709, -1.2681945 ], [ 36.8006509, -1.2683493 ], [ 36.800991, -1.268914 ], [ 36.8014416, -1.2692251 ], [ 36.8024534, -1.2694219 ], [ 36.8032795, -1.2694112 ], [ 36.8036765, -1.2693468 ], [ 36.8039339, -1.2694541 ], [ 36.8041485, -1.2697008 ], [ 36.8042558, -1.2700333 ], [ 36.8042236, -1.2703872 ], [ 36.8041914, -1.2707627 ], [ 36.8042793, -1.2710696 ], [ 36.8045502, -1.2712707 ], [ 36.8048425, -1.2714209 ], [ 36.8051349, -1.2714719 ], [ 36.8055905, -1.271229 ], [ 36.8061833, -1.2709246 ], [ 36.806803, -1.2708454 ], [ 36.806948, -1.270961 ], [ 36.8073014, -1.2713278 ], [ 36.8077231, -1.2717871 ], [ 36.8090989, -1.2731933 ], [ 36.809996, -1.2741256 ], [ 36.8102413, -1.2742742 ], [ 36.8104203, -1.2742131 ] ] } },
{ "type": "Feature", "properties": { "fid": 2, "osm_id": "22804335", "code": 8102, "fclass": "stream", "width": 0, "name": "Kirichwa Kubwa River" }, "geometry": { "type": "LineString", "coordinates": [ [ 36.777454, -1.2919025 ], [ 36.7776335, -1.2917132 ], [ 36.7776498, -1.2914294 ], [ 36.777702, -1.2911815 ], [ 36.7777836, -1.2909564 ], [ 36.7781882, -1.290865 ], [ 36.7783808, -1.2906334 ], [ 36.7786481, -1.2905023 ], [ 36.778755, -1.2904263 ], [ 36.7789051, -1.2904197 ], [ 36.7790552, -1.2904415 ], [ 36.7793492, -1.290336 ], [ 36.7794793, -1.2902259 ], [ 36.7796823, -1.290183 ], [ 36.7800094, -1.290062 ], [ 36.7802022, -1.2899354 ], [ 36.7802471, -1.2898119 ], [ 36.7802623, -1.2896758 ], [ 36.7802735, -1.2893618 ], [ 36.7803266, -1.289256 ], [ 36.7804172, -1.2891964 ], [ 36.7805442, -1.2891128 ], [ 36.7806541, -1.2890406 ], [ 36.7807866, -1.2888217 ], [ 36.7809051, -1.2888755 ], [ 36.7809867, -1.2889496 ], [ 36.7811109, -1.288953 ], [ 36.7812058, -1.288785 ], [ 36.7813006, -1.2886459 ], [ 36.7813657, -1.2885725 ], [ 36.7813553, -1.2884206 ], [ 36.7813118, -1.2882469 ], [ 36.7814132, -1.2879573 ], [ 36.7816521, -1.2876967 ], [ 36.781768, -1.2875592 ], [ 36.7818694, -1.2873709 ], [ 36.781949, -1.2873709 ], [ 36.7819852, -1.2872768 ], [ 36.7820866, -1.2872696 ], [ 36.7823762, -1.2869583 ], [ 36.7824993, -1.286799 ], [ 36.7826731, -1.286647 ], [ 36.7827383, -1.2865022 ], [ 36.7827383, -1.2863502 ], [ 36.7828903, -1.2862272 ], [ 36.7830641, -1.2860389 ], [ 36.7831438, -1.2858435 ], [ 36.7832162, -1.2857204 ], [ 36.7833103, -1.2856698 ], [ 36.7834769, -1.2856625 ], [ 36.783571, -1.2856118 ], [ 36.7837448, -1.2855974 ], [ 36.7838389, -1.2855177 ], [ 36.7841285, -1.2854598 ], [ 36.7844182, -1.2854815 ], [ 36.7851495, -1.2851703 ], [ 36.785316, -1.2851703 ], [ 36.7854247, -1.2850255 ], [ 36.7856129, -1.2850255 ], [ 36.7857071, -1.2847866 ], [ 36.7857215, -1.2844536 ], [ 36.786006, -1.2843785 ], [ 36.786199, -1.2843354 ], [ 36.7862553, -1.2843102 ], [ 36.7865968, -1.2840613 ] ] } },
{ "type": "Feature", "properties": { "fid": 3, "osm_id": "22810615", "code": 8102, "fclass": "stream", "width": 0, "name": "Kirichwa Dogo River" }, "geometry": { "type": "LineString", "coordinates": [ [ 36.7801462, -1.2795205 ], [ 36.7801957, -1.2794655 ], [ 36.7803438, -1.2792871 ], [ 36.7804466, -1.27923 ], [ 36.7805609, -1.2793043 ], [ 36.780698, -1.2793043 ], [ 36.7807922, -1.2791216 ], [ 36.7809345, -1.2789629 ], [ 36.7811208, -1.278773 ], [ 36.7812408, -1.2787159 ], [ 36.7815436, -1.2786131 ], [ 36.7818807, -1.2785845 ], [ 36.7820666, -1.2785259 ], [ 36.7821895, -1.2785191 ], [ 36.7822846, -1.2784809 ], [ 36.7824977, -1.2784303 ], [ 36.7826977, -1.2783446 ], [ 36.7829377, -1.2783046 ], [ 36.7831548, -1.2782475 ], [ 36.7833148, -1.278059 ], [ 36.7834347, -1.2779277 ], [ 36.7835833, -1.2778363 ], [ 36.7835947, -1.2777106 ], [ 36.7835719, -1.2775792 ], [ 36.7836519, -1.2772936 ], [ 36.783749, -1.2770594 ], [ 36.7839832, -1.2768995 ], [ 36.7841946, -1.2767453 ], [ 36.7843318, -1.2765739 ], [ 36.7845146, -1.276414 ], [ 36.7847146, -1.2762483 ], [ 36.7849831, -1.2760141 ], [ 36.7852859, -1.2756542 ], [ 36.7855316, -1.2752258 ], [ 36.7856326, -1.274913 ], [ 36.7858612, -1.2748382 ], [ 36.7859088, -1.2746971 ], [ 36.7859841, -1.2746999 ], [ 36.7861211, -1.2743748 ] ] } },
{ "type": "Feature", "properties": { "fid": 4, "osm_id": "24968935", "code": 8101, "fclass": "river", "width": 0, "name": "Nairobi River" }, "geometry": { "type": "LineString", "coordinates": [ [ 36.8373861, -1.2862178 ], [ 36.8375578, -1.2862607 ], [ 36.8377638, -1.2863037 ], [ 36.837944, -1.286338 ], [ 36.8381243, -1.2863551 ], [ 36.8383131, -1.2862951 ], [ 36.8385449, -1.2863037 ], [ 36.8387423, -1.286338 ], [ 36.8389483, -1.2862693 ], [ 36.8390684, -1.2863122 ], [ 36.8391886, -1.2863294 ], [ 36.8394976, -1.2863466 ], [ 36.8397722, -1.2863551 ], [ 36.8400297, -1.2863122 ], [ 36.8402443, -1.2863466 ], [ 36.8404675, -1.2864753 ], [ 36.8406992, -1.2866469 ], [ 36.8408537, -1.2868614 ], [ 36.8410082, -1.2869558 ], [ 36.8411026, -1.2871188 ], [ 36.8411627, -1.2872733 ], [ 36.8413086, -1.2873934 ], [ 36.8414888, -1.2874363 ], [ 36.8416262, -1.287505 ], [ 36.8417978, -1.287505 ], [ 36.8420038, -1.287505 ], [ 36.8422957, -1.2875565 ], [ 36.8425531, -1.287565 ], [ 36.8426905, -1.2875221 ], [ 36.8427248, -1.2873334 ], [ 36.8429136, -1.2872046 ], [ 36.8429995, -1.2869987 ], [ 36.8431454, -1.2868099 ], [ 36.8431625, -1.2866126 ], [ 36.8432741, -1.2864667 ], [ 36.8434458, -1.2864409 ], [ 36.8436174, -1.2864495 ], [ 36.8437462, -1.286501 ], [ 36.8438406, -1.2866469 ], [ 36.8439608, -1.2868185 ], [ 36.8440638, -1.2869129 ], [ 36.8442612, -1.2870073 ], [ 36.84445, -1.2870416 ], [ 36.8448191, -1.2871017 ], [ 36.8450937, -1.2871617 ], [ 36.8453169, -1.2871617 ], [ 36.8455229, -1.2871961 ], [ 36.8456945, -1.287239 ], [ 36.845892, -1.2873419 ], [ 36.8460207, -1.2874106 ], [ 36.8462009, -1.2874278 ], [ 36.8464584, -1.2874363 ], [ 36.846673, -1.2874964 ], [ 36.8468962, -1.2876251 ], [ 36.8470678, -1.2876938 ], [ 36.8472395, -1.2877452 ], [ 36.8473167, -1.2878482 ], [ 36.847497, -1.2879683 ], [ 36.8475485, -1.2880971 ], [ 36.8476858, -1.2882344 ], [ 36.8477373, -1.2883631 ], [ 36.8478746, -1.2884317 ], [ 36.8480222, -1.2885366 ], [ 36.8481799, -1.2885816 ], [ 36.848454, -1.288664 ], [ 36.8486777, -1.2887017 ], [ 36.8488418, -1.2887331 ], [ 36.8490473, -1.2887959 ], [ 36.8491445, -1.2888645 ], [ 36.849029, -1.28902 ], [ 36.8489103, -1.2890911 ], [ 36.8489304, -1.2890983 ], [ 36.8489261, -1.2892217 ], [ 36.8490317, -1.2893214 ], [ 36.849109, -1.2894175 ], [ 36.8493359, -1.2894957 ], [ 36.8494539, -1.2894786 ], [ 36.8495655, -1.2894614 ], [ 36.849698, -1.2894164 ], [ 36.8497972, -1.2893922 ], [ 36.8498509, -1.2893472 ], [ 36.8498798, -1.2893043 ], [ 36.8499421, -1.2892528 ], [ 36.8500462, -1.2892297 ], [ 36.8502693, -1.2892812 ], [ 36.8503981, -1.2892898 ], [ 36.8505011, -1.2893241 ], [ 36.8505976, -1.2893719 ], [ 36.8507447, -1.2893616 ], [ 36.8509388, -1.2893413 ], [ 36.851119, -1.2893585 ], [ 36.851634, -1.2894014 ], [ 36.8520804, -1.2894099 ], [ 36.8524065, -1.2893928 ], [ 36.8537712, -1.2890924 ], [ 36.8545609, -1.2883631 ], [ 36.8552475, -1.2876423 ], [ 36.8554792, -1.2874278 ], [ 36.8557882, -1.2873162 ], [ 36.8566294, -1.287136 ], [ 36.8568354, -1.2871617 ], [ 36.8571615, -1.2870931 ], [ 36.8573246, -1.2871017 ], [ 36.8576765, -1.2870073 ], [ 36.8579254, -1.2869472 ], [ 36.858001, -1.2869218 ], [ 36.8580647, -1.2868659 ], [ 36.8580687, -1.2867968 ], [ 36.8580542, -1.286717 ], [ 36.8580414, -1.2866554 ], [ 36.8580491, -1.2865641 ], [ 36.8580775, -1.2864941 ], [ 36.8581743, -1.2864152 ], [ 36.8582687, -1.286398 ], [ 36.8583717, -1.2864324 ], [ 36.8586893, -1.2861578 ], [ 36.8589983, -1.2859347 ], [ 36.8592043, -1.2857974 ], [ 36.859376, -1.2857202 ], [ 36.8595562, -1.2856944 ], [ 36.8597193, -1.2855485 ], [ 36.8599253, -1.2854885 ], [ 36.8601313, -1.2853855 ], [ 36.8603373, -1.285231 ], [ 36.8605604, -1.2850251 ], [ 36.8608694, -1.2847419 ], [ 36.8612493, -1.284336 ], [ 36.8613616, -1.2841941 ], [ 36.8614705, -1.2840769 ], [ 36.8616864, -1.2838656 ], [ 36.8618162, -1.2837294 ], [ 36.8619479, -1.2836013 ], [ 36.8620377, -1.2835327 ], [ 36.8621069, -1.2835106 ], [ 36.8621826, -1.283505 ], [ 36.8622734, -1.2835314 ], [ 36.8623659, -1.2836139 ], [ 36.8625206, -1.2836816 ], [ 36.8627663, -1.2837465 ], [ 36.8629379, -1.283798 ], [ 36.8630238, -1.2839353 ], [ 36.8631954, -1.2839525 ], [ 36.8634958, -1.2838838 ], [ 36.8637533, -1.283798 ], [ 36.8639801, -1.2837129 ], [ 36.8641627, -1.2836626 ], [ 36.8644056, -1.2835928 ], [ 36.8647983, -1.2834369 ], [ 36.8649206, -1.2834119 ], [ 36.865034, -1.2834176 ], [ 36.8652554, -1.2834205 ], [ 36.86553, -1.2833776 ], [ 36.8656673, -1.2833776 ], [ 36.8658304, -1.2833347 ], [ 36.8658991, -1.2831201 ], [ 36.8659592, -1.2828713 ], [ 36.8660708, -1.2826482 ], [ 36.8661566, -1.282468 ], [ 36.8662767, -1.2824251 ], [ 36.8664484, -1.2824251 ], [ 36.866663, -1.2823564 ], [ 36.8668776, -1.2823049 ], [ 36.8670492, -1.2823479 ], [ 36.8672381, -1.2823564 ], [ 36.8673582, -1.2823564 ], [ 36.8675213, -1.282202 ], [ 36.8677015, -1.2821333 ], [ 36.8678732, -1.2821762 ], [ 36.8680792, -1.2822191 ], [ 36.8681994, -1.2821162 ], [ 36.868474, -1.2816957 ], [ 36.8686285, -1.281464 ], [ 36.8687058, -1.2812667 ], [ 36.8687916, -1.2810865 ], [ 36.8689032, -1.280932 ], [ 36.8690577, -1.2808376 ], [ 36.8692207, -1.2806917 ], [ 36.8693667, -1.2805544 ], [ 36.8696241, -1.2805459 ], [ 36.8698731, -1.2805201 ], [ 36.870122, -1.280503 ], [ 36.8704224, -1.2804171 ], [ 36.8706198, -1.2803485 ], [ 36.8707571, -1.2802112 ], [ 36.8707399, -1.280031 ], [ 36.870651, -1.2798635 ], [ 36.8705809, -1.2796792 ], [ 36.8705304, -1.2794358 ], [ 36.8705586, -1.2792298 ], [ 36.8705854, -1.2790099 ], [ 36.8705857, -1.2788387 ], [ 36.8706063, -1.2787292 ], [ 36.8706254, -1.2786811 ], [ 36.8706536, -1.2786543 ], [ 36.8707005, -1.2786422 ], [ 36.8707555, -1.2786489 ], [ 36.8708025, -1.2786556 ], [ 36.8708601, -1.2786449 ], [ 36.8709446, -1.2786033 ], [ 36.8710707, -1.2785712 ], [ 36.8712088, -1.2785148 ], [ 36.871355, -1.2784934 ], [ 36.8716058, -1.278417 ], [ 36.8717372, -1.2783875 ], [ 36.8718338, -1.2783137 ], [ 36.8719558, -1.2782065 ], [ 36.8720188, -1.2781086 ], [ 36.8721181, -1.2779437 ], [ 36.8721838, -1.2777989 ], [ 36.8721918, -1.2776795 ], [ 36.8721637, -1.2775817 ], [ 36.8721154, -1.2774851 ], [ 36.8720859, -1.277406 ], [ 36.8720711, -1.2771526 ], [ 36.8720658, -1.2769783 ], [ 36.8721194, -1.2766874 ], [ 36.8721583, -1.2765023 ], [ 36.872227, -1.2761124 ], [ 36.8723163, -1.2758783 ], [ 36.8724057, -1.2757459 ], [ 36.8725751, -1.2754655 ], [ 36.8725874, -1.2753772 ], [ 36.872556, -1.275227 ], [ 36.8725494, -1.2750801 ], [ 36.8725131, -1.2749843 ], [ 36.8724603, -1.2749084 ], [ 36.8723777, -1.2748242 ], [ 36.8722737, -1.2746889 ], [ 36.8722291, -1.2745964 ], [ 36.8722258, -1.2745205 ], [ 36.8722555, -1.2744396 ], [ 36.8722753, -1.2743802 ], [ 36.8722886, -1.2742712 ], [ 36.8723463, -1.274159 ], [ 36.8724074, -1.2740781 ], [ 36.8724636, -1.2740534 ], [ 36.8725527, -1.2740534 ], [ 36.8726419, -1.2740979 ], [ 36.8727162, -1.2741111 ], [ 36.8727839, -1.2741161 ], [ 36.8728301, -1.274088 ], [ 36.8728697, -1.2740451 ], [ 36.8728763, -1.2740071 ], [ 36.8728598, -1.2739609 ], [ 36.8728367, -1.2739081 ], [ 36.8728252, -1.273847 ], [ 36.87284, -1.2737216 ], [ 36.8728681, -1.273535 ], [ 36.8729586, -1.2731209 ], [ 36.8730387, -1.2729052 ], [ 36.8731681, -1.2726865 ], [ 36.8732913, -1.2724802 ], [ 36.8733221, -1.2723508 ], [ 36.8733745, -1.2722676 ], [ 36.8734947, -1.2721198 ], [ 36.8735748, -1.271975 ], [ 36.8736179, -1.2718364 ], [ 36.8736857, -1.2717471 ], [ 36.8737535, -1.2717009 ], [ 36.8739256, -1.2716768 ], [ 36.8741402, -1.2716366 ], [ 36.8741903, -1.2715788 ] ] } },
{ "type": "Feature", "properties": { "fid": 5, "osm_id": "25064662", "code": 8102, "fclass": "stream", "width": 0, "name": null }, "geometry": { "type": "LineString", "coordinates": [ [ 36.782759984836645, -1.21235202049903 ], [ 36.782784, -1.2124 ], [ 36.7828612, -1.2125373 ], [ 36.7829127, -1.2126059 ], [ 36.7829213, -1.2127089 ], [ 36.7829814, -1.2128805 ], [ 36.7830672, -1.2130093 ], [ 36.7831616, -1.2131465 ], [ 36.7831959, -1.213198 ], [ 36.7832989, -1.2132667 ], [ 36.7833333, -1.2133697 ], [ 36.783462, -1.213507 ], [ 36.7835221, -1.2136013 ], [ 36.7835822, -1.2136013 ], [ 36.7836423, -1.2137386 ], [ 36.7837109, -1.2138931 ], [ 36.783771, -1.2139961 ], [ 36.783771, -1.2140905 ], [ 36.7837453, -1.2142793 ], [ 36.783771, -1.2144595 ], [ 36.7838397, -1.2144595 ], [ 36.7838654, -1.2146053 ], [ 36.7839856, -1.2146912 ], [ 36.7841401, -1.2146826 ], [ 36.7842259, -1.2147426 ], [ 36.7843289, -1.2148885 ], [ 36.7844405, -1.214837 ], [ 36.7845521, -1.2148971 ], [ 36.7846293, -1.2149743 ], [ 36.7847237, -1.2151374 ], [ 36.7848439, -1.2151717 ], [ 36.7849726, -1.2152232 ], [ 36.7851357, -1.215309 ], [ 36.7852473, -1.2154463 ], [ 36.7853589, -1.2155664 ], [ 36.7854876, -1.2156522 ], [ 36.785582, -1.2157381 ], [ 36.7857108, -1.215781 ], [ 36.7858138, -1.215781 ], [ 36.7858653, -1.2158239 ], [ 36.785891, -1.2159097 ], [ 36.7859683, -1.2159612 ], [ 36.7861399, -1.2159612 ], [ 36.7862086, -1.2159097 ], [ 36.786303, -1.2159612 ], [ 36.7863631, -1.216107 ], [ 36.7863888, -1.2162272 ], [ 36.7864747, -1.2162958 ], [ 36.7865691, -1.2163473 ], [ 36.7866206, -1.2164245 ], [ 36.7867064, -1.2165018 ], [ 36.7868609, -1.2165189 ], [ 36.7869467, -1.2165876 ], [ 36.7869982, -1.2166991 ], [ 36.7871356, -1.2167678 ], [ 36.7871871, -1.2167678 ], [ 36.7873072, -1.216785 ], [ 36.7873502, -1.2168622 ], [ 36.7875132, -1.2168622 ], [ 36.7876076, -1.2169394 ], [ 36.7876677, -1.2170424 ], [ 36.7878222, -1.2171625 ], [ 36.7878909, -1.2172998 ], [ 36.7880625, -1.2173341 ], [ 36.7882085, -1.2174972 ], [ 36.7882685, -1.2176259 ], [ 36.7884316, -1.217686 ], [ 36.7885432, -1.2178147 ], [ 36.7886033, -1.2179606 ], [ 36.7886634, -1.2181064 ], [ 36.7888007, -1.2181837 ], [ 36.7889466, -1.2183124 ], [ 36.7890925, -1.2183038 ], [ 36.7892813, -1.2183124 ], [ 36.789453, -1.2184583 ], [ 36.789556, -1.2185441 ], [ 36.7896332, -1.2186471 ], [ 36.7898307, -1.2187672 ], [ 36.7899594, -1.2187672 ], [ 36.7900452, -1.2187844 ], [ 36.7901911, -1.2187157 ], [ 36.7903199, -1.2187672 ], [ 36.7904143, -1.2188358 ], [ 36.7905688, -1.2188187 ], [ 36.7907061, -1.21875 ], [ 36.7908349, -1.2187586 ], [ 36.7909808, -1.2188358 ], [ 36.791161, -1.2190075 ], [ 36.7913241, -1.2191705 ], [ 36.7915215, -1.2193335 ], [ 36.791676, -1.2194451 ], [ 36.7917018, -1.2195652 ], [ 36.7918219, -1.2197111 ], [ 36.7918906, -1.2198141 ], [ 36.7920365, -1.2198999 ], [ 36.7920794, -1.2199514 ], [ 36.792191, -1.2199514 ], [ 36.7923026, -1.219857 ], [ 36.7924142, -1.219857 ], [ 36.7925944, -1.2200029 ], [ 36.7927223, -1.2199353 ], [ 36.7929379, -1.2198717 ], [ 36.7931853, -1.219957 ], [ 36.7933363, -1.2200421 ], [ 36.7934548, -1.2201989 ], [ 36.7935702, -1.2203166 ], [ 36.7937148, -1.2203558 ], [ 36.793884, -1.2203665 ], [ 36.7940382, -1.2203995 ], [ 36.7942161, -1.220432 ], [ 36.794278, -1.2204895 ], [ 36.7943539, -1.2204234 ], [ 36.7944398, -1.2204234 ], [ 36.7945857, -1.220389 ], [ 36.7947402, -1.2204577 ], [ 36.7948775, -1.2203976 ] ] } },
{ "type": "Feature", "properties": { "fid": 6, "osm_id": "25342063", "code": 8101, "fclass": "river", "width": 0, "name": "Nairobi River" }, "geometry": { "type": "LineString", "coordinates": [ [ 36.7679934, -1.269615 ], [ 36.7680487, -1.2695836 ], [ 36.7681216, -1.2695706 ], [ 36.7681756, -1.2695756 ], [ 36.7682614, -1.2695756 ], [ 36.7683987, -1.2695927 ], [ 36.7684674, -1.2696785 ], [ 36.7685876, -1.2697558 ], [ 36.7686734, -1.2697472 ], [ 36.7687077, -1.2696528 ], [ 36.7687936, -1.2696099 ], [ 36.7688279, -1.2694726 ], [ 36.7689223, -1.2694468 ], [ 36.7690768, -1.2694383 ], [ 36.7691712, -1.2693868 ], [ 36.7692656, -1.2693096 ], [ 36.7693772, -1.2692409 ], [ 36.7694287, -1.269095 ], [ 36.7695574, -1.2690521 ], [ 36.7696089, -1.2688977 ], [ 36.7697034, -1.2688204 ], [ 36.769772, -1.2687175 ], [ 36.7698922, -1.2685887 ], [ 36.7699437, -1.2685287 ], [ 36.770081, -1.2685373 ], [ 36.7701325, -1.2686231 ], [ 36.7702183, -1.2685887 ], [ 36.7702441, -1.2684171 ], [ 36.7702183, -1.2682884 ], [ 36.7702956, -1.2682541 ], [ 36.7704415, -1.268297 ], [ 36.7705359, -1.2683399 ], [ 36.7706389, -1.2682026 ], [ 36.7706732, -1.2680481 ], [ 36.7707505, -1.2679452 ], [ 36.7707934, -1.2677907 ], [ 36.7708964, -1.2676963 ], [ 36.7709908, -1.2675848 ], [ 36.7711539, -1.2675505 ], [ 36.7732138, -1.2671214 ], [ 36.7734284, -1.2671815 ], [ 36.7737546, -1.2673359 ], [ 36.7740035, -1.2673874 ], [ 36.7741923, -1.2674303 ], [ 36.7743257, -1.2673855 ] ] } },
{ "type": "Feature", "properties": { "fid": 7, "osm_id": "25575938", "code": 8101, "fclass": "river", "width": 0, "name": null }, "geometry": { "type": "MultiLineString", "coordinates": [ [ [ 36.795409829123798, -1.3855233 ], [ 36.7957258, -1.3855233 ], [ 36.7959146, -1.3855834 ], [ 36.7960691, -1.3859008 ], [ 36.79606951069804, -1.385902113404684 ] ], [ [ 36.805382788879008, -1.386709251866523 ], [ 36.8054748, -1.3866837 ], [ 36.8058302, -1.3866596 ], [ 36.806147, -1.3868295 ], [ 36.806170351029735, -1.386853060906125 ] ], [ [ 36.844257018156796, -1.38668662860851 ], [ 36.8444101, -1.3867339 ], [ 36.8446804, -1.3868556 ], [ 36.8448071, -1.3869772 ], [ 36.8448822, -1.387164 ], [ 36.8454321, -1.3877424 ], [ 36.8453113, -1.3880359 ], [ 36.8453276, -1.3882283 ], [ 36.8452501, -1.3884149 ], [ 36.8450587, -1.3886673 ], [ 36.8449591, -1.3889052 ], [ 36.844928953518867, -1.389293678518162 ] ] ] } },
{ "type": "Feature", "properties": { "fid": 8, "osm_id": "25576081", "code": 8101, "fclass": "river", "width": 0, "name": null }, "geometry": { "type": "LineString", "coordinates": [ [ 36.665731820877085, -1.313267109250319 ], [ 36.6657679, -1.3133147 ], [ 36.6659595, -1.3134759 ], [ 36.6660319, -1.3135623 ], [ 36.6660763, -1.3137305 ], [ 36.6662025, -1.3137515 ], [ 36.6661604, -1.3138075 ], [ 36.6662141, -1.3138519 ], [ 36.6663006, -1.3138986 ], [ 36.6663754, -1.3139944 ], [ 36.6664571, -1.3141416 ], [ 36.6664992, -1.3142257 ], [ 36.6664712, -1.3143471 ], [ 36.6665506, -1.3143985 ], [ 36.6665506, -1.3145083 ], [ 36.6666885, -1.3146812 ], [ 36.6667705, -1.3148152 ], [ 36.6667835, -1.3148334 ], [ 36.6668297, -1.3148814 ], [ 36.6668741, -1.3149247 ], [ 36.6668614, -1.3149895 ], [ 36.666911, -1.314999 ], [ 36.6669792, -1.3149857 ], [ 36.6670401, -1.3150188 ], [ 36.6671047, -1.3150483 ], [ 36.6672822, -1.3155651 ], [ 36.66768, -1.3162615 ], [ 36.6676638, -1.3166419 ], [ 36.6683195, -1.3173298 ], [ 36.6686028, -1.3177992 ], [ 36.6689267, -1.3181149 ], [ 36.6695015, -1.318123 ], [ 36.6701167, -1.3178235 ], [ 36.6707482, -1.3170951 ], [ 36.6712987, -1.316739 ], [ 36.6720596, -1.3167876 ], [ 36.6724644, -1.316828 ], [ 36.6728449, -1.3168685 ], [ 36.6735897, -1.3169737 ], [ 36.6740916, -1.3169251 ], [ 36.6744559, -1.3166338 ], [ 36.6749255, -1.3165367 ], [ 36.6759293, -1.3162777 ], [ 36.676326, -1.3160349 ], [ 36.6767713, -1.3157921 ], [ 36.6772489, -1.3156464 ], [ 36.6781232, -1.3155493 ], [ 36.6787628, -1.3155007 ], [ 36.6800095, -1.3154602 ], [ 36.6808165, -1.315404 ], [ 36.681227, -1.3155532 ], [ 36.6818138, -1.3157567 ], [ 36.6821327, -1.3159466 ], [ 36.6826381, -1.3162858 ], [ 36.6827466, -1.3163536 ], [ 36.6828552, -1.3164519 ], [ 36.6829976, -1.3166181 ], [ 36.6830994, -1.3166215 ], [ 36.6832385, -1.3166283 ], [ 36.6833911, -1.3168114 ], [ 36.6834963, -1.3167978 ], [ 36.6835879, -1.3169063 ], [ 36.6837202, -1.3168792 ], [ 36.683883, -1.3169199 ], [ 36.6840526, -1.3170386 ], [ 36.6843172, -1.3170183 ], [ 36.6844936, -1.3170725 ], [ 36.6847208, -1.3173031 ], [ 36.6847378, -1.3175473 ], [ 36.6850193, -1.3176219 ], [ 36.685155, -1.3175507 ], [ 36.6854264, -1.3176151 ], [ 36.6856503, -1.3175303 ], [ 36.6858029, -1.3174761 ], [ 36.6858742, -1.3175371 ], [ 36.6859556, -1.3176321 ], [ 36.6863796, -1.3176185 ], [ 36.6866984, -1.3177067 ], [ 36.6869223, -1.3178118 ], [ 36.6876516, -1.3181238 ], [ 36.6884589, -1.3185239 ], [ 36.6886523, -1.318585 ], [ 36.6888321, -1.3187139 ], [ 36.6889304, -1.3188631 ], [ 36.6889847, -1.3189818 ], [ 36.6890152, -1.319131 ], [ 36.6890661, -1.3191615 ], [ 36.6891916, -1.3192598 ], [ 36.689307, -1.3193684 ], [ 36.6893782, -1.3195074 ], [ 36.6895546, -1.3196939 ], [ 36.6897378, -1.3198669 ], [ 36.6898531, -1.3199177 ], [ 36.689965, -1.3200432 ], [ 36.6900804, -1.3201789 ], [ 36.6901652, -1.3202365 ], [ 36.6902601, -1.3204061 ], [ 36.6903755, -1.3205824 ], [ 36.6903924, -1.3207655 ], [ 36.6905417, -1.3209453 ], [ 36.6906401, -1.3213624 ], [ 36.6905926, -1.3216676 ], [ 36.690735, -1.321905 ], [ 36.6908572, -1.3222204 ], [ 36.6909046, -1.3223696 ], [ 36.6909352, -1.3225188 ], [ 36.6910607, -1.3225697 ], [ 36.691115, -1.3228003 ], [ 36.6912405, -1.323119 ], [ 36.6913558, -1.3233259 ], [ 36.6915186, -1.3234514 ], [ 36.691712, -1.3235056 ], [ 36.6919392, -1.3234107 ], [ 36.6922106, -1.3232954 ], [ 36.6924413, -1.3233734 ], [ 36.6925532, -1.3237193 ], [ 36.6925871, -1.3239397 ], [ 36.6926278, -1.3242246 ], [ 36.69256, -1.3244111 ], [ 36.692621, -1.3245603 ], [ 36.6925057, -1.3247875 ], [ 36.6925532, -1.3249876 ], [ 36.6925803, -1.3250249 ], [ 36.6926109, -1.3251809 ], [ 36.6924718, -1.3254352 ], [ 36.6924141, -1.3256997 ], [ 36.692482, -1.3258625 ] ] } },
{ "type": "Feature", "properties": { "fid": 9, "osm_id": "25576552", "code": 8102, "fclass": "stream", "width": 0, "name": "Mokoyeti River" }, "geometry": { "type": "LineString", "coordinates": [ [ 36.8186299, -1.3490985 ], [ 36.8186648, -1.349195 ], [ 36.8186514, -1.3493774 ], [ 36.8188284, -1.3495678 ], [ 36.8188767, -1.3497608 ], [ 36.8189116, -1.3498869 ], [ 36.8188526, -1.3500585 ], [ 36.8190752, -1.3500585 ], [ 36.8192013, -1.3499834 ], [ 36.8192173, -1.3498761 ], [ 36.8195338, -1.3499083 ], [ 36.8197752, -1.3498949 ], [ 36.8199979, -1.3498788 ], [ 36.82025, -1.3500156 ], [ 36.8204163, -1.3500317 ], [ 36.8205182, -1.3501845 ], [ 36.8206952, -1.3501952 ], [ 36.8208294, -1.3500397 ], [ 36.821052, -1.3502489 ], [ 36.8213604, -1.3501818 ], [ 36.8215723, -1.3503159 ], [ 36.821744, -1.3502864 ], [ 36.8218003, -1.3502301 ], [ 36.8224682, -1.350265 ], [ 36.8227525, -1.3503749 ], [ 36.8229266, -1.3502313 ], [ 36.8231412, -1.3499739 ], [ 36.8233129, -1.3502313 ], [ 36.8233987, -1.3505745 ], [ 36.8236133, -1.35036 ], [ 36.8237849, -1.3507032 ], [ 36.8239995, -1.3510465 ], [ 36.8242141, -1.3513897 ], [ 36.8243857, -1.35169 ], [ 36.8246432, -1.3516042 ], [ 36.8250295, -1.3516471 ], [ 36.8253728, -1.3517758 ], [ 36.8255874, -1.3520332 ], [ 36.8256732, -1.3523765 ], [ 36.8256732, -1.3527626 ], [ 36.8257161, -1.35302 ], [ 36.8259307, -1.3532345 ], [ 36.8260594, -1.3535349 ], [ 36.826274, -1.3536636 ], [ 36.8261882, -1.3534061 ], [ 36.826274, -1.3531916 ], [ 36.8265315, -1.3534061 ], [ 36.8267461, -1.3536207 ], [ 36.8270465, -1.3538352 ], [ 36.8273469, -1.3539639 ], [ 36.8276044, -1.3540926 ], [ 36.8276473, -1.35435 ], [ 36.8277761, -1.3546503 ], [ 36.8278619, -1.3549936 ], [ 36.8280765, -1.3554226 ], [ 36.8281623, -1.3557658 ], [ 36.8280335, -1.3561091 ], [ 36.8279048, -1.3564094 ], [ 36.8279477, -1.3567955 ], [ 36.8280765, -1.3572245 ], [ 36.8282052, -1.3576107 ], [ 36.8284627, -1.3579968 ], [ 36.8286344, -1.3582542 ], [ 36.8288489, -1.3585975 ], [ 36.8288467, -1.3590105 ], [ 36.8290785, -1.3592422 ], [ 36.8293531, -1.3593108 ], [ 36.8295334, -1.3592422 ], [ 36.8296106, -1.3593108 ], [ 36.8295763, -1.3596369 ], [ 36.8297651, -1.3597828 ], [ 36.8299282, -1.359757 ], [ 36.8301793, -1.3599704 ], [ 36.830351, -1.3602707 ], [ 36.8306085, -1.3605281 ], [ 36.8309947, -1.3607426 ], [ 36.8313809, -1.3608713 ], [ 36.8317243, -1.3610429 ], [ 36.8321534, -1.3611287 ], [ 36.8325397, -1.3612145 ], [ 36.8329259, -1.3613862 ], [ 36.8330976, -1.3615578 ], [ 36.8329259, -1.3616865 ], [ 36.8326684, -1.3618581 ], [ 36.8325397, -1.3621584 ], [ 36.8325826, -1.3625016 ], [ 36.8327542, -1.362802 ], [ 36.8330546, -1.362802 ], [ 36.8332692, -1.362802 ], [ 36.8337413, -1.3626733 ], [ 36.8340417, -1.3625875 ], [ 36.8344279, -1.3624158 ], [ 36.8346425, -1.36233 ], [ 36.8347713, -1.3625016 ], [ 36.8347283, -1.3627162 ], [ 36.8348142, -1.3631452 ], [ 36.8349, -1.3635313 ], [ 36.8350287, -1.3638316 ], [ 36.8352433, -1.3640462 ], [ 36.8355008, -1.3642178 ], [ 36.8358012, -1.3644752 ], [ 36.8360587, -1.3646897 ], [ 36.8362733, -1.3649471 ], [ 36.8363591, -1.3652474 ], [ 36.8362304, -1.3655049 ], [ 36.8360158, -1.3654191 ], [ 36.8357583, -1.3655478 ], [ 36.8355437, -1.3658052 ], [ 36.835415, -1.3660197 ], [ 36.8352862, -1.36632 ], [ 36.8351575, -1.3664916 ], [ 36.8350717, -1.366792 ], [ 36.8351575, -1.3671781 ], [ 36.8352433, -1.3676071 ], [ 36.8353721, -1.3679933 ], [ 36.8355866, -1.3682078 ], [ 36.8358012, -1.3683365 ], [ 36.8360587, -1.368551 ], [ 36.8362304, -1.3687655 ], [ 36.8363162, -1.3690658 ], [ 36.8363591, -1.3693661 ], [ 36.8365308, -1.3696665 ], [ 36.8367454, -1.3699239 ], [ 36.8370029, -1.3702242 ], [ 36.8371316, -1.3704816 ], [ 36.8372603, -1.37031 ], [ 36.8373462, -1.3701813 ], [ 36.8375608, -1.3703529 ], [ 36.8377753, -1.3705674 ], [ 36.8379899, -1.370782 ], [ 36.8382903, -1.3710823 ], [ 36.8385049, -1.3713397 ], [ 36.8386336, -1.3716829 ], [ 36.8387624, -1.3720261 ], [ 36.8390199, -1.3721548 ], [ 36.8391915, -1.3721548 ], [ 36.8393203, -1.3724123 ], [ 36.8394061, -1.3727126 ], [ 36.8394061, -1.3731416 ], [ 36.8395778, -1.3734419 ], [ 36.8397923, -1.3736994 ], [ 36.8400498, -1.373871 ], [ 36.8402644, -1.3738281 ], [ 36.840479, -1.3739139 ], [ 36.8407365, -1.3740426 ], [ 36.840994, -1.3739568 ], [ 36.8412086, -1.3736136 ], [ 36.8413373, -1.373399 ], [ 36.8416806, -1.373399 ], [ 36.841981, -1.3735706 ], [ 36.8421956, -1.3736994 ], [ 36.8423673, -1.373871 ], [ 36.842496, -1.3742571 ], [ 36.8427106, -1.3746432 ], [ 36.8428411, -1.374698 ], [ 36.8431397, -1.3749864 ], [ 36.843526, -1.3751152 ], [ 36.8438264, -1.3750294 ], [ 36.8441268, -1.3749864 ], [ 36.8444701, -1.3748148 ], [ 36.8447705, -1.3746861 ], [ 36.845028, -1.3745574 ], [ 36.8451997, -1.374729 ], [ 36.8455001, -1.3749864 ], [ 36.8457576, -1.3749864 ], [ 36.846058, -1.3747719 ], [ 36.8462726, -1.3745574 ], [ 36.8464442, -1.3742571 ], [ 36.846573, -1.373871 ], [ 36.8468734, -1.373871 ], [ 36.8472596, -1.3738281 ], [ 36.8476029, -1.3739568 ], [ 36.8479463, -1.3740426 ], [ 36.8484612, -1.3740855 ], [ 36.8488046, -1.3740855 ], [ 36.8490621, -1.3742142 ], [ 36.8493196, -1.3743429 ], [ 36.84962, -1.3744716 ], [ 36.8499204, -1.3747719 ], [ 36.8501779, -1.3749864 ], [ 36.8505212, -1.3750294 ], [ 36.8508216, -1.3752868 ], [ 36.851122, -1.3755442 ], [ 36.8514224, -1.3758445 ], [ 36.851637, -1.3761448 ], [ 36.8518945, -1.3764022 ], [ 36.852152, -1.3765739 ], [ 36.8523665, -1.3766168 ], [ 36.8525811, -1.3767026 ], [ 36.8528386, -1.3766597 ], [ 36.8530961, -1.3765739 ], [ 36.8533107, -1.3765739 ], [ 36.8535253, -1.3764451 ], [ 36.8537817, -1.376548 ], [ 36.8540649, -1.3766338 ], [ 36.8543224, -1.3767196 ], [ 36.8546056, -1.3768569 ], [ 36.8548975, -1.3769427 ], [ 36.855155, -1.376977 ], [ 36.8553524, -1.3770285 ], [ 36.8555841, -1.3772001 ], [ 36.8557815, -1.3774061 ], [ 36.8559789, -1.3775434 ], [ 36.8562364, -1.3776034 ], [ 36.8564253, -1.3778008 ], [ 36.8566828, -1.3779467 ], [ 36.8569832, -1.3780067 ], [ 36.8572407, -1.3780067 ], [ 36.8573866, -1.3781183 ], [ 36.8574981, -1.3783328 ], [ 36.8575582, -1.3785902 ], [ 36.857584, -1.3788305 ], [ 36.8576698, -1.3791222 ], [ 36.8577556, -1.3793796 ], [ 36.857953, -1.3796199 ], [ 36.8581247, -1.3798086 ], [ 36.8583307, -1.3800317 ], [ 36.8585281, -1.3802033 ], [ 36.8586998, -1.3802892 ], [ 36.8588714, -1.3803235 ], [ 36.859086, -1.3804779 ], [ 36.8593006, -1.3806066 ], [ 36.8595152, -1.3807353 ], [ 36.8596182, -1.3808641 ], [ 36.8596868, -1.3810614 ], [ 36.8597727, -1.381233 ], [ 36.8599272, -1.381233 ], [ 36.8600988, -1.3812931 ], [ 36.8603048, -1.3814647 ], [ 36.8605022, -1.3815934 ], [ 36.860631, -1.3817479 ], [ 36.8606739, -1.3820053 ], [ 36.8606996, -1.3822798 ], [ 36.8608713, -1.3823657 ], [ 36.861043, -1.3825373 ], [ 36.8613004, -1.3826402 ], [ 36.8615064, -1.3827089 ], [ 36.8616781, -1.3828376 ] ] } },
{ "type": "Feature", "properties": { "fid": 10, "osm_id": "25576699", "code": 8102, "fclass": "stream", "width": 0, "name": null }, "geometry": { "type": "LineString", "coordinates": [ [ 36.8593208, -1.3768229 ], [ 36.8592968, -1.3769343 ], [ 36.8594888, -1.377224 ], [ 36.8597341, -1.3774417 ], [ 36.8598757, -1.3776034 ], [ 36.860013, -1.3777493 ], [ 36.860116, -1.3779724 ], [ 36.8603563, -1.3782041 ], [ 36.8604765, -1.3784186 ], [ 36.860734, -1.378676 ], [ 36.8608713, -1.3789334 ], [ 36.861103, -1.3791737 ], [ 36.8612318, -1.3793625 ], [ 36.8612489, -1.3795341 ], [ 36.8611631, -1.3797228 ], [ 36.861103, -1.380006 ], [ 36.8610172, -1.3802033 ], [ 36.8607597, -1.3802892 ], [ 36.8605451, -1.3804093 ], [ 36.8602876, -1.3804608 ], [ 36.8600731, -1.3805809 ], [ 36.8598585, -1.3806066 ], [ 36.8596868, -1.3806667 ], [ 36.8595152, -1.3807353 ] ] } },
{ "type": "Feature", "properties": { "fid": 11, "osm_id": "25576722", "code": 8101, "fclass": "river", "width": 0, "name": "Mbagathi River" }, "geometry": { "type": "MultiLineString", "coordinates": [ [ [ 36.894067965354459, -1.410978975542205 ], [ 36.8941511, -1.4110498 ], [ 36.8942458, -1.4113687 ], [ 36.8944282, -1.4116475 ], [ 36.8949486, -1.4117655 ], [ 36.8953557, -1.4119136 ], [ 36.8956805, -1.4122571 ], [ 36.8957425, -1.4125163 ], [ 36.895485, -1.4129829 ], [ 36.8957425, -1.4132778 ], [ 36.8961663, -1.4134923 ], [ 36.8965579, -1.4134441 ], [ 36.8968905, -1.4138034 ], [ 36.897384, -1.4141412 ], [ 36.8977005, -1.4142592 ], [ 36.8980814, -1.414345 ], [ 36.8989075, -1.4145005 ], [ 36.8996585, -1.4147043 ], [ 36.900136, -1.4147955 ], [ 36.9008119, -1.4147901 ], [ 36.9009674, -1.4145113 ], [ 36.90071, -1.4140286 ], [ 36.9002486, -1.4138087 ], [ 36.9003935, -1.4133261 ], [ 36.9006402, -1.4131223 ], [ 36.9011767, -1.4127791 ], [ 36.9017238, -1.4124627 ], [ 36.90233, -1.4120497 ], [ 36.9028825, -1.4117065 ], [ 36.9032473, -1.4114008 ], [ 36.9033248, -1.4113305 ], [ 36.903596, -1.4110844 ], [ 36.9040949, -1.4111005 ], [ 36.9047762, -1.4112131 ], [ 36.9053448, -1.4111649 ], [ 36.9058115, -1.4110254 ], [ 36.9061763, -1.4106125 ], [ 36.9065786, -1.4104248 ], [ 36.9068308, -1.4105642 ], [ 36.9070936, -1.4108592 ], [ 36.9074691, -1.4109396 ], [ 36.9078017, -1.4108002 ], [ 36.9082684, -1.4103658 ], [ 36.9086547, -1.4103551 ], [ 36.9091428, -1.4104838 ], [ 36.9096149, -1.4105267 ], [ 36.9098456, -1.4100762 ], [ 36.9102479, -1.4097759 ], [ 36.9106449, -1.409792 ], [ 36.9113261, -1.4099046 ], [ 36.911471, -1.4104409 ], [ 36.9115461, -1.4109718 ], [ 36.9119967, -1.4113258 ], [ 36.9125117, -1.411433 ], [ 36.9125707, -1.4110362 ], [ 36.9126029, -1.4106447 ], [ 36.9129945, -1.4107412 ], [ 36.9135041, -1.4112131 ], [ 36.913842, -1.4115242 ], [ 36.9141639, -1.4116636 ], [ 36.9151551, -1.4122149 ], [ 36.9158704, -1.4126566 ], [ 36.9161859, -1.4129931 ], [ 36.9164043, -1.4133622 ], [ 36.9163646, -1.4136043 ], [ 36.9162812, -1.4139298 ], [ 36.9165472, -1.4142036 ], [ 36.9169998, -1.4143981 ], [ 36.9170792, -1.4141639 ], [ 36.9174881, -1.4140568 ], [ 36.9178812, -1.4141044 ], [ 36.9184727, -1.4138543 ], [ 36.9191476, -1.4139456 ], [ 36.9197829, -1.4141203 ], [ 36.9202355, -1.4143108 ], [ 36.9206285, -1.4144616 ], [ 36.9209064, -1.4145926 ], [ 36.9211883, -1.4150649 ], [ 36.9214861, -1.4156959 ], [ 36.9214821, -1.4160015 ], [ 36.9214384, -1.4162794 ], [ 36.9214662, -1.4166445 ], [ 36.9213312, -1.4168787 ], [ 36.9209025, -1.417089 ], [ 36.9207992, -1.417355 ], [ 36.9207794, -1.4177002 ], [ 36.9207873, -1.4180932 ], [ 36.9211288, -1.4182122 ], [ 36.92149, -1.4182757 ], [ 36.9217163, -1.4182797 ], [ 36.9219466, -1.4181884 ], [ 36.9220339, -1.4185615 ], [ 36.9221689, -1.4189663 ], [ 36.9224032, -1.4192124 ], [ 36.9227486, -1.4192521 ], [ 36.9230225, -1.4193196 ], [ 36.9232488, -1.419399 ], [ 36.923487, -1.4194228 ], [ 36.9236299, -1.4192997 ], [ 36.9238523, -1.4193394 ], [ 36.9240706, -1.419526 ], [ 36.9241482, -1.4197384 ], [ 36.9241619, -1.419776 ], [ 36.9241295, -1.4198734 ], [ 36.9240746, -1.420038 ], [ 36.9239237, -1.4202562 ], [ 36.9237371, -1.420415 ], [ 36.9238165, -1.4206412 ], [ 36.9240508, -1.4207166 ], [ 36.9244438, -1.4205618 ], [ 36.924817, -1.4206452 ], [ 36.9249599, -1.4208833 ], [ 36.9250036, -1.4210064 ], [ 36.9248925, -1.4212167 ], [ 36.9247178, -1.4213358 ], [ 36.9246026, -1.4215144 ], [ 36.9246304, -1.4217763 ], [ 36.9248131, -1.4221018 ], [ 36.9251346, -1.4222526 ], [ 36.9254999, -1.4224114 ], [ 36.9258016, -1.4226455 ], [ 36.9259326, -1.4230266 ], [ 36.9260001, -1.4232845 ], [ 36.9261629, -1.4236338 ], [ 36.926286, -1.4238283 ], [ 36.9265162, -1.4239553 ], [ 36.9268418, -1.4241259 ], [ 36.9271435, -1.4242212 ], [ 36.9273579, -1.4243125 ], [ 36.92735, -1.4244474 ], [ 36.9273341, -1.4247451 ], [ 36.927477, -1.4250467 ], [ 36.9279495, -1.4256143 ], [ 36.9282274, -1.4259358 ], [ 36.9283663, -1.4262969 ], [ 36.9285887, -1.4264319 ], [ 36.9287872, -1.4266383 ], [ 36.9289261, -1.4267137 ], [ 36.9293748, -1.4267375 ], [ 36.9298115, -1.4267296 ], [ 36.9301807, -1.4268764 ], [ 36.9305062, -1.4270907 ], [ 36.9305459, -1.4273447 ], [ 36.9307246, -1.4277416 ], [ 36.930939, -1.4278805 ], [ 36.931332, -1.4279758 ], [ 36.9317092, -1.4281226 ], [ 36.9320268, -1.4281742 ], [ 36.9323881, -1.4282377 ], [ 36.9326938, -1.4281266 ], [ 36.9329598, -1.4278964 ], [ 36.9331186, -1.4277734 ], [ 36.9333012, -1.4278012 ], [ 36.9337022, -1.4279798 ], [ 36.934, -1.4281623 ], [ 36.9341945, -1.4281465 ], [ 36.9344645, -1.4280075 ], [ 36.9343573, -1.427825 ], [ 36.934528, -1.4277138 ], [ 36.9346828, -1.4277813 ], [ 36.9349211, -1.4279877 ], [ 36.9351235, -1.4282576 ], [ 36.9354689, -1.4285672 ], [ 36.9360089, -1.4286029 ], [ 36.9363305, -1.4286823 ], [ 36.9365409, -1.4286981 ], [ 36.9368108, -1.4289402 ], [ 36.9370014, -1.4288807 ], [ 36.9371483, -1.4289125 ], [ 36.937184, -1.4291188 ], [ 36.9371999, -1.4291982 ], [ 36.9372674, -1.4292181 ], [ 36.9373428, -1.429361 ], [ 36.9375533, -1.4295634 ], [ 36.9377399, -1.4295951 ], [ 36.937994, -1.429488 ], [ 36.9381925, -1.429484 ], [ 36.9384386, -1.4296189 ], [ 36.938526, -1.4298809 ], [ 36.9386927, -1.4300754 ], [ 36.9387403, -1.4302182 ], [ 36.9385498, -1.4303968 ], [ 36.938551707077366, -1.430491909371447 ] ], [ [ 36.957149315526294, -1.438391554903456 ], [ 36.9572727, -1.4386606 ], [ 36.9573569, -1.4388674 ], [ 36.9575392, -1.4392214 ], [ 36.9575637, -1.4397332 ], [ 36.957605947092588, -1.440020651238996 ] ] ] } },
{ "type": "Feature", "properties": { "fid": 12, "osm_id": "25592101", "code": 8102, "fclass": "stream", "width": 0, "name": null }, "geometry": { "type": "LineString", "coordinates": [ [ 36.9522365, -1.3269104 ], [ 36.9526809, -1.3264109 ], [ 36.9531718, -1.3262795 ], [ 36.953436, -1.3265208 ], [ 36.9541293, -1.3262232 ], [ 36.9547999, -1.3253919 ], [ 36.9554112, -1.3244434 ], [ 36.9554541, -1.3243361 ], [ 36.9556902, -1.3242503 ], [ 36.9559691, -1.3243361 ], [ 36.9563339, -1.3244219 ], [ 36.956527, -1.3244005 ], [ 36.9567845, -1.3241645 ], [ 36.9569132, -1.3239071 ], [ 36.9570542, -1.3236911 ], [ 36.95708, -1.3236139 ], [ 36.9571916, -1.3234937 ], [ 36.9573031, -1.3233822 ], [ 36.9574147, -1.3231762 ], [ 36.9574147, -1.3229274 ], [ 36.9574662, -1.32267 ], [ 36.9575349, -1.3224211 ], [ 36.9576036, -1.3221637 ], [ 36.957698, -1.321932 ], [ 36.957861, -1.3216317 ], [ 36.9580756, -1.3213743 ], [ 36.9580928, -1.3212971 ] ] } },
{ "type": "Feature", "properties": { "fid": 13, "osm_id": "25592103", "code": 8102, "fclass": "stream", "width": 0, "name": null }, "geometry": { "type": "LineString", "coordinates": [ [ 36.9679032, -1.317204 ], [ 36.9677573, -1.3171697 ], [ 36.9675342, -1.3171525 ], [ 36.9673368, -1.3171182 ], [ 36.9671136, -1.3171354 ], [ 36.9669591, -1.3172212 ], [ 36.9668218, -1.3173241 ], [ 36.966693, -1.3174614 ], [ 36.9665128, -1.3175644 ], [ 36.966324, -1.3176845 ], [ 36.9662038, -1.3176931 ], [ 36.9660665, -1.317573 ], [ 36.9659291, -1.3174443 ], [ 36.9657746, -1.3174357 ], [ 36.9656287, -1.31747 ], [ 36.9654313, -1.3175129 ], [ 36.9652425, -1.3174872 ], [ 36.9650537, -1.3174958 ], [ 36.964882, -1.3175472 ], [ 36.9647704, -1.3176502 ], [ 36.964676, -1.3177532 ], [ 36.964573, -1.3178905 ], [ 36.9644357, -1.3180106 ], [ 36.9643327, -1.3180964 ], [ 36.9641782, -1.3182337 ], [ 36.9640237, -1.3183281 ], [ 36.9638864, -1.3183453 ], [ 36.9637404, -1.3183195 ], [ 36.9635945, -1.3183195 ], [ 36.9634229, -1.3183024 ], [ 36.9633027, -1.3182165 ], [ 36.963234, -1.3180707 ], [ 36.9631139, -1.3179162 ], [ 36.9629594, -1.3177789 ], [ 36.9628221, -1.3176674 ], [ 36.962659, -1.3176159 ], [ 36.9624959, -1.3176073 ], [ 36.9622727, -1.3176331 ], [ 36.9621097, -1.3176845 ], [ 36.9619638, -1.317839 ], [ 36.9618779, -1.3180707 ], [ 36.9618093, -1.3183281 ], [ 36.9617921, -1.3185512 ], [ 36.9617835, -1.3187743 ], [ 36.9617663, -1.3189202 ], [ 36.9618178, -1.3190746 ], [ 36.9618693, -1.3192033 ], [ 36.9618264, -1.319375 ], [ 36.9617148, -1.3194951 ], [ 36.9615947, -1.3195809 ], [ 36.9615432, -1.3196924 ], [ 36.9615346, -1.3198641 ], [ 36.9615775, -1.319967 ], [ 36.9614917, -1.3201043 ] ] } },
{ "type": "Feature", "properties": { "fid": 14, "osm_id": "25592113", "code": 8102, "fclass": "stream", "width": 0, "name": null }, "geometry": { "type": "LineString", "coordinates": [ [ 36.9649592, -1.2736647 ], [ 36.9650794, -1.2736132 ], [ 36.9651824, -1.273596 ], [ 36.9652768, -1.2735788 ], [ 36.9654227, -1.2735531 ], [ 36.9655, -1.2735359 ], [ 36.9655944, -1.2734673 ], [ 36.9656802, -1.2733643 ], [ 36.9657489, -1.2732699 ], [ 36.9658175, -1.273167 ], [ 36.9658519, -1.2730726 ], [ 36.9658862, -1.2729439 ], [ 36.9658862, -1.2728409 ], [ 36.965869, -1.2727208 ], [ 36.9658433, -1.2726521 ], [ 36.9658175, -1.2726006 ], [ 36.9657403, -1.2724805 ], [ 36.9656716, -1.2723518 ], [ 36.9655944, -1.2722231 ], [ 36.9655686, -1.2721287 ], [ 36.9655086, -1.2720343 ], [ 36.9655086, -1.2719313 ], [ 36.9655257, -1.271794 ], [ 36.9656631, -1.2716739 ], [ 36.9657146, -1.2716138 ], [ 36.9657661, -1.2715623 ], [ 36.9657832, -1.2714937 ], [ 36.9658433, -1.2714508 ], [ 36.9659291, -1.2714336 ], [ 36.9660493, -1.271365 ], [ 36.9661265, -1.2712448 ], [ 36.9662038, -1.2711762 ], [ 36.9662553, -1.2710646 ], [ 36.9662295, -1.2709617 ], [ 36.9662639, -1.2708758 ], [ 36.9663154, -1.2707557 ], [ 36.9663926, -1.2706098 ], [ 36.9664612, -1.2704926 ], [ 36.9665241, -1.2703696 ], [ 36.9665814, -1.2702323 ], [ 36.9665814, -1.2701036 ], [ 36.9666329, -1.269992 ], [ 36.9666673, -1.2699062 ], [ 36.9667359, -1.2698118 ], [ 36.9668218, -1.2697346 ], [ 36.9669505, -1.2696831 ], [ 36.9670621, -1.2696316 ], [ 36.9671994, -1.2696316 ], [ 36.9673368, -1.2696144 ], [ 36.9674655, -1.2696745 ], [ 36.9675599, -1.2697517 ], [ 36.9676715, -1.2698719 ], [ 36.9677487, -1.2699577 ], [ 36.9678346, -1.2700178 ], [ 36.9679461, -1.2701094 ], [ 36.9680372, -1.2701646 ], [ 36.9681695, -1.270202 ], [ 36.9682471, -1.2702135 ], [ 36.9683506, -1.2701819 ], [ 36.9684339, -1.2701071 ], [ 36.9684857, -1.2700238 ], [ 36.9685144, -1.269814 ], [ 36.9685461, -1.2694203 ], [ 36.9685231, -1.2691587 ], [ 36.9685231, -1.2689777 ], [ 36.9685547, -1.2688483 ], [ 36.9686064, -1.268765 ], [ 36.9686984, -1.2687018 ], [ 36.968799, -1.2686845 ], [ 36.9689686, -1.2686903 ], [ 36.9690664, -1.2686816 ], [ 36.969167, -1.2686558 ], [ 36.9692475, -1.268604 ], [ 36.9693194, -1.2685293 ], [ 36.9693884, -1.2684 ], [ 36.9694257, -1.2682218 ], [ 36.9694717, -1.268104 ], [ 36.9695752, -1.2680149 ], [ 36.9696758, -1.2679574 ], [ 36.9698943, -1.2678884 ], [ 36.9700093, -1.2678367 ], [ 36.9700783, -1.2677619 ], [ 36.97013, -1.2675981 ], [ 36.9701358, -1.2673711 ], [ 36.9702019, -1.2671297 ], [ 36.9703485, -1.2668969 ], [ 36.9704606, -1.2666497 ], [ 36.9705095, -1.2663795 ], [ 36.9704721, -1.2660347 ], [ 36.9704549, -1.2658852 ], [ 36.9705095, -1.2657013 ], [ 36.9707165, -1.2652616 ], [ 36.970958, -1.2647816 ], [ 36.9711132, -1.264543 ], [ 36.971254, -1.2643677 ], [ 36.9714955, -1.2641206 ], [ 36.9716709, -1.2639884 ], [ 36.9717341, -1.2638562 ], [ 36.9717571, -1.2636492 ], [ 36.9718175, -1.2633302 ], [ 36.9719785, -1.2629336 ], [ 36.972059, -1.2626404 ], [ 36.972059, -1.2623588 ], [ 36.9720101, -1.262011 ], [ 36.9720023, -1.2617723 ], [ 36.9720364, -1.2615997 ], [ 36.9721047, -1.2614954 ], [ 36.9722356, -1.2613949 ], [ 36.9723778, -1.2613115 ], [ 36.9725371, -1.2612394 ], [ 36.9726358, -1.2611712 ], [ 36.9727571, -1.2610574 ], [ 36.9728501, -1.2609759 ] ] } },
{ "type": "Feature", "properties": { "fid": 15, "osm_id": "25592114", "code": 8102, "fclass": "stream", "width": 0, "name": null }, "geometry": { "type": "LineString", "coordinates": [ [ 36.9618093, -1.2811215 ], [ 36.9617578, -1.2810271 ], [ 36.9617578, -1.280967 ], [ 36.9617148, -1.2808984 ], [ 36.9617092, -1.28083 ], [ 36.9617391, -1.2807731 ], [ 36.9617642, -1.2807454 ], [ 36.9617937, -1.2807179 ], [ 36.9618219, -1.2807105 ], [ 36.9618436, -1.2807268 ], [ 36.9618951, -1.2806924 ], [ 36.9619466, -1.2806324 ], [ 36.9619723, -1.2805637 ], [ 36.9620496, -1.2805037 ], [ 36.9620925, -1.2804179 ], [ 36.9621268, -1.2803835 ], [ 36.9620839, -1.2803063 ], [ 36.9620324, -1.2802119 ], [ 36.9619809, -1.2801776 ], [ 36.962041, -1.2800317 ], [ 36.9620839, -1.2799545 ], [ 36.9621182, -1.2799202 ], [ 36.9622041, -1.2799202 ], [ 36.9622384, -1.2798601 ], [ 36.9622127, -1.2797829 ], [ 36.9622127, -1.2797314 ], [ 36.9622899, -1.2796885 ], [ 36.9622899, -1.2796284 ], [ 36.9623929, -1.2796627 ], [ 36.9624444, -1.2796627 ], [ 36.9625131, -1.2796027 ], [ 36.9625302, -1.279534 ], [ 36.9625817, -1.2794911 ] ] } },
{ "type": "Feature", "properties": { "fid": 16, "osm_id": "25592123", "code": 8102, "fclass": "stream", "width": 0, "name": null }, "geometry": { "type": "LineString", "coordinates": [ [ 36.9404273, -1.282426 ], [ 36.9405632, -1.2822146 ], [ 36.9408367, -1.2817534 ], [ 36.9412123, -1.2812385 ], [ 36.9412605, -1.2807665 ], [ 36.9411479, -1.2801927 ], [ 36.941282, -1.2798763 ], [ 36.9416307, -1.2794633 ], [ 36.9420652, -1.2790772 ], [ 36.9424353, -1.2786267 ], [ 36.9427024, -1.2782549 ], [ 36.9427307, -1.2781097 ], [ 36.9428195, -1.2779838 ], [ 36.9428565, -1.277491 ], [ 36.943029, -1.277146 ], [ 36.9437623, -1.2768133 ], [ 36.9441936, -1.2766839 ], [ 36.9444155, -1.2765977 ], [ 36.9444771, -1.2761911 ], [ 36.9445695, -1.2757845 ], [ 36.9446188, -1.2754518 ], [ 36.9449269, -1.2751931 ], [ 36.9452843, -1.2751746 ], [ 36.9457465, -1.2751808 ], [ 36.94611, -1.2750822 ], [ 36.9464798, -1.2749097 ], [ 36.9466215, -1.2747618 ], [ 36.9468926, -1.2745401 ], [ 36.9472377, -1.2742444 ], [ 36.9475335, -1.2741088 ], [ 36.9479648, -1.2740411 ], [ 36.9483346, -1.2740595 ], [ 36.9486735, -1.2741889 ], [ 36.9489508, -1.2743183 ], [ 36.9491973, -1.2743861 ], [ 36.949376, -1.2743861 ], [ 36.9496163, -1.2742012 ], [ 36.9499675, -1.2740349 ], [ 36.9503681, -1.2739856 ], [ 36.9506515, -1.2740719 ], [ 36.9509411, -1.274232 ], [ 36.9512862, -1.2744353 ], [ 36.9517052, -1.2744169 ], [ 36.952192, -1.274232 ], [ 36.9523892, -1.2740842 ], [ 36.9525864, -1.2738439 ], [ 36.95295, -1.2730369 ], [ 36.9531348, -1.2727966 ], [ 36.9534306, -1.2727227 ], [ 36.9538003, -1.2727042 ], [ 36.9541146, -1.2725748 ], [ 36.954435, -1.272427 ], [ 36.9546261, -1.2722114 ], [ 36.9547062, -1.2718233 ], [ 36.9546578, -1.2716864 ], [ 36.9546014, -1.2715214 ], [ 36.954546, -1.2711394 ], [ 36.9546692, -1.2708376 ], [ 36.9548233, -1.2703509 ], [ 36.9548048, -1.2699812 ], [ 36.9546137, -1.26955 ], [ 36.954546, -1.2691865 ], [ 36.9547711, -1.269158 ], [ 36.954965, -1.268897 ], [ 36.9553224, -1.2687861 ], [ 36.9554949, -1.2685397 ], [ 36.9555442, -1.2682501 ], [ 36.9553532, -1.2673876 ], [ 36.95523, -1.267055 ], [ 36.9554271, -1.2666915 ], [ 36.9555011, -1.2664943 ], [ 36.9554333, -1.2662356 ], [ 36.9552238, -1.2659584 ], [ 36.9548664, -1.2656134 ], [ 36.9546137, -1.26533 ], [ 36.9546322, -1.2650836 ], [ 36.9544874, -1.2648156 ], [ 36.9543426, -1.2645645 ], [ 36.9542009, -1.2643166 ], [ 36.9541022, -1.2638175 ], [ 36.9540857, -1.2637175 ] ] } },
{ "type": "Feature", "properties": { "fid": 17, "osm_id": "25605609", "code": 8102, "fclass": "stream", "width": 0, "name": "Kirimiri stream" }, "geometry": { "type": "LineString", "coordinates": [ [ 36.806375, -1.3087437 ], [ 36.8065051, -1.3087821 ], [ 36.8066192, -1.3088203 ], [ 36.8067238, -1.3088273 ], [ 36.8070242, -1.3089142 ], [ 36.8072492, -1.3089804 ], [ 36.8074018, -1.3090075 ], [ 36.8076593, -1.3090847 ], [ 36.8078052, -1.3091362 ], [ 36.8081869, -1.3091935 ], [ 36.8084742, -1.309221 ], [ 36.8086182, -1.3093402 ], [ 36.8086986, -1.3094112 ], [ 36.8088284, -1.3095487 ], [ 36.8089976, -1.309677 ], [ 36.8091935, -1.3097838 ], [ 36.809374, -1.3098483 ], [ 36.8095692, -1.3099143 ], [ 36.8100046, -1.3099723 ], [ 36.810232, -1.3099941 ], [ 36.8103802, -1.3099972 ], [ 36.8105518, -1.31002 ], [ 36.8107063, -1.31002 ], [ 36.8108694, -1.31002 ], [ 36.810981, -1.31002 ], [ 36.811114, -1.3100554 ], [ 36.8111786, -1.3100941 ], [ 36.8112814, -1.3101573 ], [ 36.8114015, -1.3101831 ], [ 36.811453, -1.3102775 ], [ 36.81153, -1.3103061 ], [ 36.8116429, -1.3103817 ], [ 36.811732, -1.3104284 ], [ 36.8119592, -1.3105391 ], [ 36.8121809, -1.3106661 ], [ 36.8122598, -1.3107408 ], [ 36.8126375, -1.310921 ], [ 36.812792, -1.3109725 ], [ 36.8129293, -1.311024 ], [ 36.8130667, -1.3110583 ], [ 36.8131954, -1.3111012 ], [ 36.8133327, -1.3111355 ], [ 36.8134786, -1.311187 ], [ 36.8135902, -1.3112128 ], [ 36.8137018, -1.3112674 ], [ 36.8138048, -1.3112814 ], [ 36.813985, -1.3112642 ], [ 36.814131, -1.3112728 ], [ 36.814294, -1.3112814 ], [ 36.8145258, -1.3112986 ], [ 36.8147833, -1.3113157 ], [ 36.8150236, -1.3113157 ], [ 36.8153841, -1.3113072 ], [ 36.8155042, -1.3113157 ], [ 36.8156931, -1.3113329 ], [ 36.8159506, -1.3113329 ] ] } },
{ "type": "Feature", "properties": { "fid": 18, "osm_id": "25606127", "code": 8101, "fclass": "river", "width": 0, "name": "Ngong river" }, "geometry": { "type": "LineString", "coordinates": [ [ 36.8066904, -1.3181895 ], [ 36.8070407, -1.3178013 ], [ 36.8076593, -1.3168847 ], [ 36.8077366, -1.3167216 ], [ 36.807831, -1.3165071 ], [ 36.807934, -1.3163269 ], [ 36.808037, -1.3161467 ], [ 36.80814, -1.3159923 ], [ 36.8082086, -1.3159065 ], [ 36.8083288, -1.3158121 ], [ 36.8084232, -1.3157349 ], [ 36.8085348, -1.3156748 ], [ 36.8086292, -1.3156233 ], [ 36.8087408, -1.3155118 ], [ 36.8088094, -1.3154517 ], [ 36.808921, -1.3153659 ], [ 36.809024, -1.3152629 ], [ 36.8091184, -1.3151943 ], [ 36.8092386, -1.3151256 ], [ 36.8093759, -1.315117 ], [ 36.8094961, -1.3150741 ], [ 36.8095733, -1.3150312 ], [ 36.8096163, -1.3149969 ], [ 36.8096248, -1.3149111 ], [ 36.8095819, -1.3146193 ], [ 36.8095819, -1.3145593 ], [ 36.8096248, -1.3144306 ], [ 36.8098223, -1.314319 ], [ 36.8099424, -1.3142847 ], [ 36.8100797, -1.314259 ], [ 36.8102171, -1.3141817 ], [ 36.8103372, -1.3141302 ], [ 36.8104488, -1.3140873 ], [ 36.8106119, -1.3140273 ], [ 36.8107836, -1.3139586 ], [ 36.8108951, -1.3139157 ], [ 36.8110582, -1.3138471 ], [ 36.8111955, -1.313787 ], [ 36.8113157, -1.3137012 ], [ 36.811453, -1.3135811 ], [ 36.8115732, -1.3135038 ], [ 36.8117019, -1.3133923 ], [ 36.8117964, -1.3133065 ], [ 36.811968, -1.3131949 ], [ 36.812071, -1.3131177 ], [ 36.8121654, -1.3130491 ], [ 36.8122684, -1.3129633 ], [ 36.81238, -1.312886 ], [ 36.812483, -1.3128174 ], [ 36.8126032, -1.3127659 ], [ 36.812689, -1.3127401 ], [ 36.8127748, -1.3127316 ], [ 36.8128692, -1.3127316 ], [ 36.8129637, -1.312723 ], [ 36.8130409, -1.3127058 ], [ 36.8131611, -1.3126887 ], [ 36.8132383, -1.3126887 ], [ 36.8133327, -1.3127144 ], [ 36.8134615, -1.312723 ], [ 36.8135816, -1.3127144 ], [ 36.813676, -1.3127058 ], [ 36.8138048, -1.3127316 ], [ 36.8139078, -1.3127573 ], [ 36.814028, -1.3127745 ], [ 36.8141481, -1.3127659 ], [ 36.8142683, -1.3127401 ], [ 36.8143799, -1.3126887 ], [ 36.8145, -1.3126458 ], [ 36.8146116, -1.3126114 ], [ 36.8147318, -1.3126029 ], [ 36.8148433, -1.3126029 ], [ 36.8149378, -1.3126114 ], [ 36.8150751, -1.3125857 ], [ 36.8152038, -1.3125256 ], [ 36.8153326, -1.3124484 ], [ 36.8154442, -1.3123454 ], [ 36.8154957, -1.3122167 ], [ 36.8155901, -1.3120794 ], [ 36.8156244, -1.311925 ], [ 36.8156244, -1.311822 ], [ 36.8156587, -1.3117362 ], [ 36.8157446, -1.311659 ], [ 36.8157961, -1.311556 ], [ 36.8158905, -1.3114444 ], [ 36.8159506, -1.3113329 ] ] } },
{ "type": "Feature", "properties": { "fid": 19, "osm_id": "25705014", "code": 8101, "fclass": "river", "width": 0, "name": "Ruiruaka River" }, "geometry": { "type": "LineString", "coordinates": [ [ 36.8537742, -1.2313644 ], [ 36.85386, -1.2312528 ], [ 36.8539287, -1.2311327 ], [ 36.8539545, -1.231064 ], [ 36.8540489, -1.2310125 ], [ 36.8541519, -1.2309954 ], [ 36.8542205, -1.2310125 ], [ 36.8542463, -1.2311155 ], [ 36.8543579, -1.2312271 ], [ 36.8545124, -1.2312528 ], [ 36.8546154, -1.2313214 ], [ 36.8547012, -1.2313043 ], [ 36.8548042, -1.231167 ], [ 36.8548557, -1.2310726 ], [ 36.8549415, -1.2310554 ], [ 36.8549844, -1.2309696 ], [ 36.8549587, -1.2309096 ], [ 36.8549587, -1.2308152 ], [ 36.8550703, -1.2307637 ], [ 36.8551389, -1.2306864 ], [ 36.8551046, -1.2305835 ], [ 36.8551073, -1.2305181 ], [ 36.8551046, -1.2304548 ], [ 36.8551647, -1.2303775 ], [ 36.8552419, -1.2303432 ], [ 36.8553277, -1.2303346 ], [ 36.8553964, -1.2303947 ], [ 36.8554994, -1.2304033 ], [ 36.8556024, -1.2303947 ], [ 36.8556539, -1.2305148 ], [ 36.8557312, -1.2305921 ], [ 36.855817, -1.2305749 ], [ 36.8559543, -1.2305492 ], [ 36.856023, -1.2306521 ], [ 36.8560831, -1.2307465 ], [ 36.8561689, -1.2307208 ], [ 36.8562976, -1.2307465 ], [ 36.8564092, -1.2308237 ], [ 36.8565036, -1.2309353 ], [ 36.8565637, -1.2309439 ], [ 36.8566753, -1.2308667 ], [ 36.8568985, -1.2308581 ], [ 36.8570787, -1.230901 ], [ 36.8572504, -1.2308838 ], [ 36.8573534, -1.2308495 ], [ 36.8574392, -1.2308581 ], [ 36.857525, -1.2309439 ], [ 36.8576194, -1.2309954 ], [ 36.8577396, -1.2309954 ], [ 36.857834, -1.231064 ], [ 36.8579113, -1.2312271 ], [ 36.8579713, -1.2313214 ], [ 36.8580572, -1.2313815 ], [ 36.8581859, -1.2313987 ], [ 36.8583404, -1.2313472 ], [ 36.8584777, -1.2313129 ], [ 36.8585893, -1.2312442 ], [ 36.8586751, -1.2311241 ], [ 36.8587438, -1.231064 ], [ 36.8588554, -1.2310297 ], [ 36.8589326, -1.2309954 ], [ 36.8589069, -1.2308667 ], [ 36.8589412, -1.2307723 ], [ 36.8590442, -1.230695 ], [ 36.85913, -1.2306779 ], [ 36.8592416, -1.2307122 ], [ 36.8593618, -1.2307723 ], [ 36.8594133, -1.2308495 ], [ 36.8594476, -1.2309525 ], [ 36.859482, -1.2310554 ], [ 36.8595077, -1.2311498 ], [ 36.8595764, -1.2312271 ], [ 36.859645, -1.2313214 ], [ 36.8597223, -1.2313729 ], [ 36.8598339, -1.2313901 ], [ 36.8598854, -1.2313644 ], [ 36.8599454, -1.2313558 ], [ 36.8600055, -1.2314502 ], [ 36.8600914, -1.2315274 ], [ 36.8602287, -1.2315617 ], [ 36.860366, -1.2315617 ], [ 36.8605291, -1.2315102 ], [ 36.860675, -1.231433 ], [ 36.860778, -1.2313472 ], [ 36.8608381, -1.2313386 ], [ 36.8609153, -1.2313644 ], [ 36.8609239, -1.2314416 ], [ 36.8609582, -1.2315446 ], [ 36.860984, -1.2316561 ], [ 36.8609239, -1.2317934 ], [ 36.8608982, -1.2319135 ], [ 36.8609754, -1.2321109 ], [ 36.8610612, -1.2322825 ], [ 36.8611042, -1.2323512 ], [ 36.8612415, -1.232437 ], [ 36.8613788, -1.2324542 ], [ 36.8614646, -1.232437 ], [ 36.8615505, -1.2324885 ], [ 36.8616621, -1.2325485 ], [ 36.8617393, -1.2325228 ], [ 36.8618251, -1.2326 ], [ 36.8619968, -1.2326601 ], [ 36.8621856, -1.2326344 ], [ 36.8622886, -1.2326086 ], [ 36.862383, -1.2326773 ], [ 36.8624345, -1.2327373 ], [ 36.8625289, -1.2327631 ], [ 36.8626405, -1.2326944 ], [ 36.8626834, -1.2325914 ], [ 36.862692, -1.2325228 ], [ 36.8627864, -1.2324627 ], [ 36.8628551, -1.2324198 ], [ 36.8629753, -1.2324198 ], [ 36.8630611, -1.2324885 ], [ 36.8631555, -1.2326 ], [ 36.8632499, -1.2327116 ], [ 36.8633014, -1.2328489 ], [ 36.8634044, -1.2329862 ], [ 36.8634902, -1.2330806 ], [ 36.8635246, -1.2332093 ], [ 36.8635589, -1.2333208 ], [ 36.8636276, -1.2333981 ], [ 36.8637649, -1.233441 ], [ 36.8639108, -1.2334753 ], [ 36.8640138, -1.2335096 ], [ 36.8641769, -1.2335611 ], [ 36.8642284, -1.2336898 ], [ 36.8642026, -1.2338786 ], [ 36.864207, -1.2339381 ] ] } },
{ "type": "Feature", "properties": { "fid": 20, "osm_id": "25745840", "code": 8101, "fclass": "river", "width": 0, "name": "Ngong River" }, "geometry": { "type": "LineString", "coordinates": [ [ 36.8310224, -1.3061415 ], [ 36.8312542, -1.3061844 ], [ 36.8314344, -1.3062101 ], [ 36.8316576, -1.3062187 ], [ 36.8319065, -1.3062359 ], [ 36.832164, -1.3062359 ], [ 36.832283, -1.3062212 ], [ 36.832418, -1.3062045 ], [ 36.8326618, -1.3061694 ], [ 36.8328793, -1.3061226 ], [ 36.8331309, -1.3060588 ], [ 36.8332626, -1.3060385 ], [ 36.833352, -1.3060247 ], [ 36.833446, -1.3060154 ], [ 36.8335538, -1.3060007 ], [ 36.8336634, -1.305999 ], [ 36.8338806, -1.305987 ], [ 36.834362, -1.3060308 ], [ 36.8349896, -1.3060286 ], [ 36.8351423, -1.3060557 ], [ 36.835314, -1.3061243 ], [ 36.8354572, -1.3062092 ], [ 36.8355755, -1.3063167 ], [ 36.8356327, -1.3063858 ], [ 36.8356844, -1.306473 ], [ 36.8357432, -1.3065614 ], [ 36.8357878, -1.3066509 ], [ 36.835803, -1.3067163 ], [ 36.8358348, -1.3069363 ], [ 36.8358515, -1.3071413 ], [ 36.8358747, -1.3072335 ], [ 36.8359234, -1.3073342 ], [ 36.8360098, -1.3074663 ], [ 36.8360365, -1.3075038 ], [ 36.8360742, -1.3075414 ], [ 36.8361098, -1.307579 ], [ 36.8361504, -1.3076128 ], [ 36.8361773, -1.3076297 ], [ 36.836309, -1.3076972 ], [ 36.8363743, -1.3077239 ], [ 36.8364555, -1.3077633 ], [ 36.8366529, -1.3078405 ], [ 36.8368761, -1.3078491 ], [ 36.8371211, -1.3078483 ], [ 36.8373138, -1.3078432 ], [ 36.8375541, -1.3078076 ], [ 36.8377687, -1.3077547 ], [ 36.8378766, -1.3077147 ], [ 36.8379833, -1.307686 ], [ 36.8382065, -1.3076517 ], [ 36.8384291, -1.3076058 ], [ 36.838635, -1.3075607 ], [ 36.838825, -1.3075115 ], [ 36.8390051, -1.3074608 ], [ 36.83909, -1.3074311 ], [ 36.8391603, -1.3073869 ], [ 36.8392243, -1.3073463 ], [ 36.839322, -1.3072835 ], [ 36.8395004, -1.307149 ], [ 36.8396554, -1.3070228 ], [ 36.8397302, -1.3069617 ], [ 36.8398049, -1.3068905 ], [ 36.8399352, -1.3067718 ], [ 36.8400321, -1.3066856 ], [ 36.8401538, -1.3065736 ], [ 36.8402715, -1.3064655 ], [ 36.8403392, -1.3064009 ], [ 36.8403901, -1.3063591 ], [ 36.8404223, -1.3063462 ], [ 36.8404431, -1.3063389 ], [ 36.8404646, -1.3063363 ], [ 36.8404968, -1.3063363 ], [ 36.8405262, -1.3063392 ], [ 36.8405782, -1.3063417 ], [ 36.8406686, -1.306362 ], [ 36.8406978, -1.3063721 ], [ 36.8407215, -1.3063841 ], [ 36.8407728, -1.3064075 ], [ 36.8408945, -1.3064882 ], [ 36.8410045, -1.306562 ], [ 36.8410421, -1.3065875 ], [ 36.8411235, -1.3066427 ], [ 36.8412369, -1.3067178 ], [ 36.8413703, -1.3068091 ], [ 36.8414079, -1.3068709 ], [ 36.8414462, -1.3069451 ], [ 36.841486, -1.3071166 ], [ 36.8415024, -1.3072656 ], [ 36.8415222, -1.3074065 ], [ 36.8415282, -1.3075431 ], [ 36.841518, -1.3076922 ], [ 36.8414938, -1.3078233 ], [ 36.841468, -1.3079263 ], [ 36.8414423, -1.3080464 ], [ 36.8414165, -1.3081494 ], [ 36.8413564, -1.3082438 ], [ 36.841262, -1.3083553 ], [ 36.8411651, -1.308438 ], [ 36.8410906, -1.3085197 ], [ 36.8410344, -1.3086097 ], [ 36.8409748, -1.3087036 ], [ 36.8408908, -1.308866 ], [ 36.8408587, -1.3089545 ], [ 36.8408257, -1.3090163 ], [ 36.8407704, -1.3091615 ], [ 36.8407505, -1.3092114 ], [ 36.8407446, -1.3092885 ], [ 36.8407517, -1.309368 ], [ 36.8407836, -1.3095163 ], [ 36.8408094, -1.3095856 ], [ 36.8408781, -1.3096965 ], [ 36.8409364, -1.3097521 ], [ 36.8410874, -1.3098127 ], [ 36.8413679, -1.3098369 ], [ 36.841502, -1.3098571 ], [ 36.8416292, -1.3098794 ], [ 36.8418665, -1.3099114 ], [ 36.8419789, -1.3099266 ], [ 36.8420128, -1.3099366 ], [ 36.842027, -1.3099408 ], [ 36.8420717, -1.3099636 ], [ 36.842195, -1.3100457 ], [ 36.8428518, -1.3104138 ], [ 36.8429578, -1.3104732 ], [ 36.8431041, -1.3105933 ], [ 36.8431667, -1.3106533 ], [ 36.8432292, -1.310743 ], [ 36.8432517, -1.310785 ], [ 36.8432708, -1.310831 ], [ 36.843335, -1.3109922 ], [ 36.8433877, -1.3111304 ], [ 36.8434924, -1.3113081 ], [ 36.8436808, -1.3114553 ], [ 36.8437892, -1.3115081 ], [ 36.8438287, -1.311526 ], [ 36.8439404, -1.3115731 ], [ 36.8439706, -1.3115846 ], [ 36.8439949, -1.311605 ], [ 36.8440571, -1.3116829 ], [ 36.8441211, -1.3117667 ], [ 36.844186, -1.3118669 ], [ 36.8442999, -1.3120555 ], [ 36.8445212, -1.312322 ], [ 36.8446904, -1.3123989 ], [ 36.8449125, -1.3124545 ], [ 36.8449897, -1.3124718 ], [ 36.8450665, -1.3124891 ], [ 36.8452188, -1.3125077 ], [ 36.8453247, -1.3125459 ], [ 36.8453923, -1.3125926 ], [ 36.8454346, -1.3126227 ], [ 36.8455507, -1.3127136 ], [ 36.845731, -1.3128201 ], [ 36.8460327, -1.3129642 ], [ 36.8462902, -1.313122 ], [ 36.8465331, -1.3132845 ], [ 36.8467325, -1.3134074 ], [ 36.8468977, -1.3134838 ], [ 36.8470171, -1.3135407 ], [ 36.8472396, -1.3136183 ], [ 36.8473535, -1.3136514 ], [ 36.8474278, -1.3136719 ], [ 36.8475203, -1.3136701 ], [ 36.8476824, -1.313628 ], [ 36.8479231, -1.3135636 ], [ 36.8482362, -1.3134913 ], [ 36.8484261, -1.3134276 ], [ 36.8485254, -1.3133961 ], [ 36.8486887, -1.3133492 ], [ 36.8488484, -1.3133297 ], [ 36.8490036, -1.3133368 ], [ 36.8491317, -1.3133587 ], [ 36.8492573, -1.3133949 ], [ 36.8495621, -1.3134206 ], [ 36.8498331, -1.3134249 ], [ 36.8499256, -1.3134118 ], [ 36.8500712, -1.3134035 ], [ 36.8502038, -1.3133868 ], [ 36.8503536, -1.313405 ], [ 36.8504445, -1.313418 ], [ 36.8505526, -1.3134495 ], [ 36.8506151, -1.31349 ], [ 36.8506914, -1.3135961 ], [ 36.8507571, -1.3136633 ], [ 36.8508156, -1.3137592 ], [ 36.8508587, -1.3138194 ], [ 36.8509911, -1.3140041 ], [ 36.8511045, -1.3141653 ], [ 36.851126, -1.3142363 ], [ 36.8511695, -1.3142858 ], [ 36.851206, -1.3143426 ], [ 36.8512201, -1.3143827 ], [ 36.8512315, -1.3144491 ], [ 36.8512722, -1.3145198 ], [ 36.8513028, -1.3145722 ], [ 36.8514889, -1.3147163 ], [ 36.8517487, -1.3148906 ], [ 36.8519701, -1.3150383 ], [ 36.8521312, -1.3151584 ], [ 36.8521744, -1.315218 ], [ 36.8522095, -1.315264 ], [ 36.8524159, -1.3154028 ], [ 36.8526179, -1.3155224 ], [ 36.852845, -1.3155916 ], [ 36.8531283, -1.3157803 ], [ 36.8531822, -1.3158165 ], [ 36.8533977, -1.3158648 ], [ 36.8537033, -1.3159176 ], [ 36.8541325, -1.3160034 ], [ 36.8545445, -1.3159863 ], [ 36.8549393, -1.3159262 ], [ 36.8551109, -1.315849 ], [ 36.8553084, -1.3157386 ], [ 36.8554768, -1.3156971 ], [ 36.8557016, -1.3157265 ], [ 36.8559835, -1.3156791 ], [ 36.8561031, -1.3157072 ], [ 36.8564534, -1.3156457 ], [ 36.8565564, -1.3156648 ], [ 36.8567331, -1.3157975 ], [ 36.8572739, -1.3163038 ], [ 36.8573683, -1.3163896 ], [ 36.857394, -1.3164582 ], [ 36.8576773, -1.3167156 ], [ 36.8578747, -1.3168529 ], [ 36.8580292, -1.3169473 ], [ 36.858218, -1.3169731 ], [ 36.858424, -1.3169473 ], [ 36.85863, -1.3168186 ], [ 36.8590334, -1.3165183 ], [ 36.8592652, -1.3163982 ], [ 36.8595913, -1.3163467 ], [ 36.8598917, -1.3163123 ], [ 36.8600634, -1.3163209 ], [ 36.8603724, -1.3163896 ], [ 36.8606384, -1.3164239 ], [ 36.8611363, -1.3162866 ], [ 36.8615311, -1.3161407 ], [ 36.8619259, -1.3159949 ], [ 36.8620718, -1.3158919 ], [ 36.8621319, -1.3158061 ], [ 36.8622435, -1.3157718 ], [ 36.8623149, -1.3156795 ], [ 36.8624066, -1.3155658 ], [ 36.8624581, -1.3154371 ], [ 36.8625439, -1.3153256 ], [ 36.8626383, -1.3152397 ], [ 36.862707, -1.3150681 ], [ 36.862767, -1.3147764 ], [ 36.8628529, -1.3146305 ], [ 36.8629645, -1.3144846 ], [ 36.8632305, -1.3143388 ], [ 36.863591, -1.3141414 ], [ 36.8636984, -1.3140505 ], [ 36.8637849, -1.3140067 ], [ 36.8639349, -1.3138929 ], [ 36.8641747, -1.3136866 ], [ 36.8643123, -1.3136011 ], [ 36.8643668, -1.3135829 ], [ 36.8644411, -1.3135582 ], [ 36.8645671, -1.3135847 ], [ 36.8646591, -1.3137928 ], [ 36.8647529, -1.3138808 ], [ 36.8649131, -1.3139271 ], [ 36.8650848, -1.3139443 ], [ 36.8652853, -1.3139768 ], [ 36.8653893, -1.3139144 ], [ 36.8655569, -1.3137898 ], [ 36.8656427, -1.3136182 ], [ 36.8659259, -1.3133608 ], [ 36.8660289, -1.3132407 ], [ 36.8662693, -1.3131549 ], [ 36.8664581, -1.3131892 ], [ 36.8666984, -1.3131892 ], [ 36.8669302, -1.3131034 ], [ 36.8669815, -1.3130811 ], [ 36.8671276, -1.3130176 ], [ 36.8672134, -1.3128288 ], [ 36.867305, -1.3126983 ], [ 36.8674789, -1.312579 ], [ 36.8677526, -1.3124642 ], [ 36.8680031, -1.3123826 ], [ 36.8682778, -1.3123192 ], [ 36.8685229, -1.3122562 ], [ 36.8687087, -1.312224 ], [ 36.8687708, -1.3122274 ], [ 36.8688015, -1.3122296 ], [ 36.868846, -1.3122369 ], [ 36.8689217, -1.312249 ], [ 36.8691017, -1.3122968 ], [ 36.8693334, -1.3122281 ], [ 36.869548, -1.3120737 ], [ 36.8697626, -1.3120737 ], [ 36.8699772, -1.3120136 ], [ 36.8701488, -1.3120394 ], [ 36.8703551, -1.3120949 ], [ 36.8705541, -1.3121969 ], [ 36.8705887, -1.3122404 ], [ 36.8706066, -1.3122793 ], [ 36.8706596, -1.3123116 ], [ 36.8708239, -1.3123797 ], [ 36.8708985, -1.3124009 ], [ 36.8709815, -1.312417 ], [ 36.8710571, -1.3124298 ], [ 36.8711707, -1.3124418 ], [ 36.8712045, -1.3124643 ], [ 36.871274, -1.3124717 ], [ 36.8713782, -1.3124847 ], [ 36.871464, -1.3125326 ], [ 36.8715894, -1.3125574 ], [ 36.8716085, -1.3125649 ], [ 36.8716227, -1.3125924 ], [ 36.871632, -1.3126215 ], [ 36.8716965, -1.3125937 ], [ 36.8717468, -1.3126284 ], [ 36.8718381, -1.3126365 ], [ 36.8719492, -1.3126251 ], [ 36.8720278, -1.3126342 ], [ 36.8721098, -1.3126651 ], [ 36.8721924, -1.3127135 ], [ 36.8722525, -1.3127847 ], [ 36.8723054, -1.3128632 ], [ 36.8723628, -1.3129675 ], [ 36.8724151, -1.3130386 ], [ 36.872471, -1.3131149 ], [ 36.8725309, -1.3131658 ], [ 36.8726149, -1.3132243 ], [ 36.8726831, -1.3132631 ], [ 36.8727573, -1.3132783 ], [ 36.8728465, -1.3132736 ], [ 36.8729809, -1.3132061 ], [ 36.873059, -1.3131733 ], [ 36.8731357, -1.3131549 ], [ 36.8732432, -1.3131405 ], [ 36.873443, -1.3131343 ], [ 36.8735501, -1.3130889 ], [ 36.8737191, -1.3130386 ], [ 36.8737966, -1.3129833 ], [ 36.8739425, -1.3128288 ], [ 36.8742154, -1.3128029 ], [ 36.8744608, -1.3127625 ], [ 36.8745117, -1.3126987 ], [ 36.8745703, -1.3125749 ], [ 36.874748, -1.3124985 ], [ 36.8749323, -1.3124038 ], [ 36.875073, -1.3123705 ], [ 36.8751475, -1.3124343 ], [ 36.8752403, -1.3123515 ], [ 36.8752987, -1.3123054 ], [ 36.8754017, -1.3121338 ], [ 36.875642, -1.3120994 ], [ 36.8757591, -1.3121474 ], [ 36.87588, -1.3120603 ], [ 36.8761474, -1.3118332 ], [ 36.8763753, -1.3116207 ], [ 36.8766983, -1.311391 ], [ 36.8768428, -1.3112913 ], [ 36.8769696, -1.3112224 ], [ 36.8770748, -1.3111068 ], [ 36.8771511, -1.3109284 ], [ 36.8775131, -1.3106407 ], [ 36.8778075, -1.3105261 ], [ 36.8780624, -1.3103833 ], [ 36.8784188, -1.3102583 ], [ 36.8787748, -1.3101859 ], [ 36.879058, -1.3103146 ], [ 36.8793756, -1.3104004 ], [ 36.879676, -1.3103575 ], [ 36.8798906, -1.3105291 ], [ 36.8801052, -1.3105291 ], [ 36.8802597, -1.3103318 ], [ 36.8803564, -1.3103362 ], [ 36.8806714, -1.3103506 ], [ 36.8808777, -1.3104691 ], [ 36.8811523, -1.3105549 ], [ 36.8813926, -1.3105291 ], [ 36.8815214, -1.3105034 ], [ 36.8818905, -1.3105291 ], [ 36.8820965, -1.3104862 ], [ 36.8823368, -1.3103575 ], [ 36.8823797, -1.3101258 ], [ 36.8825084, -1.3099885 ], [ 36.8826973, -1.3100143 ], [ 36.8828947, -1.3099542 ], [ 36.8830921, -1.3098684 ], [ 36.8833238, -1.3097311 ], [ 36.8835813, -1.3095852 ], [ 36.8838131, -1.3094737 ], [ 36.8840105, -1.3091991 ], [ 36.8842079, -1.3090447 ], [ 36.8844396, -1.308873 ], [ 36.8847572, -1.3086156 ], [ 36.8849289, -1.3085126 ], [ 36.8852121, -1.308341 ], [ 36.8855554, -1.3082724 ], [ 36.885873, -1.308281 ], [ 36.8861305, -1.3081694 ], [ 36.8863537, -1.3080235 ], [ 36.8865596, -1.3079377 ], [ 36.8867571, -1.307912 ], [ 36.886903, -1.3076803 ], [ 36.8868858, -1.3074658 ], [ 36.886903, -1.3071912 ], [ 36.8869885, -1.3070794 ], [ 36.8870743, -1.3070536 ], [ 36.8871687, -1.3069764 ], [ 36.8872374, -1.3069163 ], [ 36.8873404, -1.3069335 ], [ 36.887452, -1.3069764 ], [ 36.8875893, -1.3069678 ], [ 36.8877781, -1.3070193 ], [ 36.8879412, -1.307088 ], [ 36.8880957, -1.3071137 ], [ 36.8882756, -1.3071126 ], [ 36.8884185, -1.3070963 ], [ 36.8885248, -1.3072253 ], [ 36.8886724, -1.307232 ], [ 36.8889629, -1.307049 ], [ 36.8888939, -1.306822 ], [ 36.8891857, -1.3064787 ], [ 36.8894432, -1.3061183 ], [ 36.8894861, -1.3060411 ], [ 36.8895634, -1.3059725 ], [ 36.8896406, -1.3059639 ], [ 36.8898123, -1.3060239 ], [ 36.8900355, -1.3061355 ], [ 36.8902071, -1.3062213 ], [ 36.8902929, -1.3062814 ], [ 36.8904217, -1.3062814 ], [ 36.8905504, -1.3063328 ], [ 36.8907307, -1.3064187 ], [ 36.8908508, -1.3064873 ], [ 36.8909, -1.306532 ], [ 36.8909453, -1.3065731 ], [ 36.8910998, -1.3065645 ], [ 36.8912113, -1.3065045 ], [ 36.8914348, -1.3063503 ], [ 36.8915636, -1.3061358 ], [ 36.8917782, -1.3058354 ], [ 36.8919927, -1.3054321 ], [ 36.8921215, -1.3051919 ], [ 36.8922073, -1.3049773 ], [ 36.8924047, -1.3048658 ], [ 36.8926622, -1.3048057 ], [ 36.892954, -1.3048315 ], [ 36.8930399, -1.3049344 ], [ 36.8930399, -1.3050374 ], [ 36.8932373, -1.3051061 ], [ 36.8934347, -1.3051061 ], [ 36.8937093, -1.305149 ], [ 36.8940098, -1.3052948 ], [ 36.894293, -1.3053806 ], [ 36.8946964, -1.3052605 ], [ 36.8950826, -1.3051061 ], [ 36.895323, -1.3049173 ], [ 36.8955547, -1.3046084 ], [ 36.8957264, -1.3042651 ], [ 36.8959238, -1.3039734 ], [ 36.8961813, -1.3036301 ], [ 36.8965246, -1.303347 ], [ 36.8968679, -1.3030896 ], [ 36.8972112, -1.3029608 ], [ 36.8976146, -1.3028064 ], [ 36.8979837, -1.3025146 ], [ 36.8982155, -1.3021457 ], [ 36.8983442, -1.3017595 ], [ 36.8983871, -1.3013476 ], [ 36.89843, -1.3010902 ], [ 36.8986189, -1.3007985 ], [ 36.898945, -1.3005582 ], [ 36.8991096, -1.3004965 ], [ 36.8992197, -1.3004552 ], [ 36.8994772, -1.3004295 ], [ 36.8997862, -1.3004037 ], [ 36.9000436, -1.3004896 ], [ 36.9001037, -1.3005668 ] ] } },
{ "type": "Feature", "properties": { "fid": 21, "osm_id": "25745848", "code": 8102, "fclass": "stream", "width": 0, "name": null }, "geometry": { "type": "LineString", "coordinates": [ [ 36.8902929, -1.3062814 ], [ 36.8903187, -1.3064358 ], [ 36.8903788, -1.3065216 ], [ 36.8904732, -1.3065903 ], [ 36.8905848, -1.3066246 ], [ 36.8907221, -1.3066246 ], [ 36.8908337, -1.3065474 ], [ 36.8909, -1.306532 ] ] } },
{ "type": "Feature", "properties": { "fid": 22, "osm_id": "25746615", "code": 8102, "fclass": "stream", "width": 0, "name": null }, "geometry": { "type": "LineString", "coordinates": [ [ 36.8407, -1.3204912 ], [ 36.8410004, -1.3205341 ], [ 36.8412407, -1.3206199 ], [ 36.8414639, -1.3206628 ], [ 36.841687, -1.3206371 ], [ 36.8421677, -1.3204912 ], [ 36.8426226, -1.3203196 ], [ 36.8430689, -1.3200364 ], [ 36.8432491, -1.3199935 ], [ 36.8435324, -1.3200364 ], [ 36.8440731, -1.3200622 ], [ 36.8444508, -1.3200793 ], [ 36.8449143, -1.3200793 ], [ 36.8452919, -1.3200536 ], [ 36.8457039, -1.3199849 ], [ 36.8459614, -1.3198219 ], [ 36.8462017, -1.3196331 ], [ 36.8465622, -1.3193757 ], [ 36.8466738, -1.3192127 ], [ 36.8467682, -1.3190239 ], [ 36.846897, -1.3189552 ], [ 36.8471115, -1.3188952 ], [ 36.8473347, -1.318878 ], [ 36.847472, -1.3188952 ], [ 36.8475922, -1.3189466 ], [ 36.8476224, -1.3189504 ], [ 36.8477638, -1.3189724 ], [ 36.8479698, -1.3189037 ], [ 36.8481501, -1.3188179 ], [ 36.8482187, -1.3187235 ], [ 36.8484762, -1.3185948 ], [ 36.8485192, -1.3185004 ], [ 36.8487595, -1.3184061 ], [ 36.8488453, -1.3183374 ], [ 36.8489483, -1.318183 ], [ 36.8489226, -1.317977 ], [ 36.8489311, -1.3177882 ], [ 36.8490341, -1.3176681 ], [ 36.8492487, -1.3175308 ], [ 36.8493775, -1.317445 ], [ 36.8494976, -1.3173077 ], [ 36.8496092, -1.3172648 ], [ 36.8497551, -1.3172648 ], [ 36.8498667, -1.3172219 ], [ 36.8500298, -1.3171704 ], [ 36.8501843, -1.3172047 ], [ 36.8503388, -1.3171876 ], [ 36.8506383, -1.3170832 ], [ 36.8507851, -1.3169731 ], [ 36.8508704, -1.3168552 ], [ 36.8508869, -1.3168328 ], [ 36.8509068, -1.3168129 ], [ 36.850934, -1.3167975 ], [ 36.8509653, -1.3167929 ], [ 36.8509954, -1.3167836 ], [ 36.8510191, -1.3167875 ], [ 36.8510903, -1.3168271 ], [ 36.8511344, -1.3168368 ], [ 36.8511786, -1.3168361 ], [ 36.851217, -1.3168304 ], [ 36.8512503, -1.3168208 ], [ 36.8512785, -1.3168041 ], [ 36.8513086, -1.3167881 ], [ 36.8513651, -1.3167479 ], [ 36.8513912, -1.3167343 ], [ 36.8514956, -1.316703 ], [ 36.8515736, -1.3166772 ], [ 36.85165, -1.3166504 ], [ 36.8518002, -1.3165682 ], [ 36.8518825, -1.3165333 ], [ 36.8519363, -1.3165076 ], [ 36.8519639, -1.3164782 ], [ 36.8519891, -1.3164589 ], [ 36.8520119, -1.3164532 ], [ 36.8520324, -1.3164474 ], [ 36.8520491, -1.3164282 ], [ 36.8520676, -1.3164199 ], [ 36.8520839, -1.3164226 ], [ 36.8521176, -1.3164282 ], [ 36.8521387, -1.316434 ], [ 36.8521648, -1.3164285 ], [ 36.8522002, -1.316396 ], [ 36.8522573, -1.3163542 ], [ 36.8522867, -1.3163309 ], [ 36.8523121, -1.3163068 ], [ 36.85237, -1.3162726 ], [ 36.8525112, -1.3161873 ], [ 36.8526232, -1.3161368 ], [ 36.8526889, -1.3161001 ], [ 36.8527493, -1.3160689 ], [ 36.8528075, -1.3160122 ], [ 36.852863, -1.315967 ], [ 36.8529783, -1.3158969 ], [ 36.8530699, -1.3158602 ], [ 36.8531318, -1.3158347 ], [ 36.8531822, -1.3158165 ] ] } },
{ "type": "Feature", "properties": { "fid": 23, "osm_id": "25760438", "code": 8101, "fclass": "river", "width": 0, "name": "Ngong river" }, "geometry": { "type": "LineString", "coordinates": [ [ 36.9001037, -1.3005668 ], [ 36.9003183, -1.3003437 ], [ 36.9003441, -1.2999404 ], [ 36.9002067, -1.2995542 ], [ 36.899975, -1.2991424 ], [ 36.8997175, -1.2988249 ], [ 36.8995029, -1.2985932 ], [ 36.8993313, -1.2980955 ], [ 36.8993484, -1.2976836 ], [ 36.8995716, -1.2974519 ], [ 36.8999321, -1.2973919 ], [ 36.9002325, -1.2974777 ], [ 36.9006015, -1.2976493 ], [ 36.901005, -1.2977094 ], [ 36.9014942, -1.2977523 ], [ 36.9020092, -1.2976665 ], [ 36.9024212, -1.297409 ], [ 36.9027816, -1.2971087 ], [ 36.9033653, -1.2967397 ], [ 36.9039232, -1.2964222 ], [ 36.9043523, -1.2963107 ], [ 36.9048931, -1.2962211 ], [ 36.9050666, -1.2960033 ], [ 36.9053181, -1.2957393 ], [ 36.9053917, -1.2951852 ], [ 36.9053947, -1.2948188 ], [ 36.9054056, -1.2944033 ], [ 36.9056265, -1.2940724 ], [ 36.9058683, -1.2939851 ], [ 36.9060382, -1.2939549 ], [ 36.9064123, -1.2940367 ], [ 36.9067299, -1.2941655 ], [ 36.9069874, -1.2942684 ], [ 36.9071168, -1.2943293 ], [ 36.9073307, -1.29443 ], [ 36.9078376, -1.2944889 ], [ 36.9079779, -1.2943469 ], [ 36.9082748, -1.2938051 ], [ 36.908601, -1.2934103 ], [ 36.9087297, -1.2932044 ], [ 36.9087726, -1.2928955 ], [ 36.9087984, -1.2927496 ], [ 36.90897, -1.2925179 ], [ 36.9090902, -1.2922948 ], [ 36.9092876, -1.2920889 ], [ 36.909588, -1.2919344 ], [ 36.9097768, -1.2918057 ], [ 36.9101888, -1.2918915 ], [ 36.9106008, -1.2920631 ], [ 36.9108326, -1.2922605 ], [ 36.9109613, -1.2924321 ], [ 36.9112617, -1.2924922 ], [ 36.9115557, -1.2924127 ], [ 36.9117639, -1.2923261 ], [ 36.9119484, -1.2920631 ], [ 36.9120807, -1.2917481 ], [ 36.9120985, -1.2914674 ], [ 36.91208, -1.2913883 ], [ 36.9121853, -1.2912369 ], [ 36.9121214, -1.2909937 ], [ 36.9120821, -1.290788 ], [ 36.9120657, -1.2906586 ], [ 36.9120728, -1.2905986 ], [ 36.912111, -1.2905479 ], [ 36.9121786, -1.2904464 ], [ 36.9122277, -1.2903702 ], [ 36.9124633, -1.2904328 ], [ 36.9126779, -1.2905786 ], [ 36.9129526, -1.2906902 ], [ 36.9130384, -1.2908618 ], [ 36.9132959, -1.2909219 ], [ 36.9134504, -1.2909219 ], [ 36.9136049, -1.2910592 ], [ 36.9140083, -1.2909905 ], [ 36.9144975, -1.2908017 ], [ 36.9148016, -1.2906041 ], [ 36.9148409, -1.2905786 ], [ 36.915167, -1.290407 ], [ 36.9152921, -1.2903212 ], [ 36.9154674, -1.2902011 ], [ 36.9156212, -1.2900132 ], [ 36.9156992, -1.2899179 ], [ 36.9157507, -1.2897463 ], [ 36.9159567, -1.2895489 ], [ 36.9160682, -1.2893773 ], [ 36.9160211, -1.2892787 ], [ 36.9158537, -1.2889998 ], [ 36.9156648, -1.2888281 ], [ 36.9156133, -1.2885879 ], [ 36.9154016, -1.2883359 ], [ 36.9152528, -1.2881588 ], [ 36.9151241, -1.2878585 ], [ 36.9150812, -1.2875582 ], [ 36.9150125, -1.2873866 ], [ 36.9151026, -1.2872739 ], [ 36.9153215, -1.2872578 ], [ 36.9156133, -1.2869747 ], [ 36.916094, -1.2868545 ], [ 36.9163686, -1.2868288 ], [ 36.9164471, -1.2867896 ], [ 36.9165403, -1.286743 ], [ 36.9167978, -1.2860994 ], [ 36.9167291, -1.285945 ], [ 36.9167978, -1.2857133 ], [ 36.9170124, -1.2854816 ], [ 36.9170381, -1.2853271 ], [ 36.917227, -1.2851555 ], [ 36.9173396, -1.2849506 ], [ 36.9174468, -1.2848111 ], [ 36.9175682, -1.2847038 ] ] } },
{ "type": "Feature", "properties": { "fid": 24, "osm_id": "25785372", "code": 8102, "fclass": "stream", "width": 0, "name": null }, "geometry": { "type": "LineString", "coordinates": [ [ 36.9117467, -1.2548207 ], [ 36.911811, -1.2546343 ], [ 36.911871, -1.2544455 ], [ 36.9120427, -1.2542395 ], [ 36.912097, -1.2539517 ], [ 36.9121125, -1.2538387 ], [ 36.9121543, -1.2537418 ], [ 36.9122755, -1.25367 ], [ 36.9124754, -1.2534852 ], [ 36.9126607, -1.2533128 ], [ 36.9127809, -1.2530554 ], [ 36.9129868, -1.2528752 ], [ 36.9132443, -1.252695 ], [ 36.9133897, -1.2525503 ], [ 36.9134409, -1.2524029 ], [ 36.9135791, -1.2521973 ], [ 36.9136992, -1.2520428 ], [ 36.9138383, -1.2519261 ], [ 36.9139996, -1.2518111 ], [ 36.9141454, -1.2516459 ], [ 36.914317, -1.2515364 ], [ 36.9145146, -1.2514679 ], [ 36.9145773, -1.25146 ], [ 36.9147119, -1.2514116 ], [ 36.9148792, -1.2513193 ], [ 36.9150439, -1.2511934 ], [ 36.9151914, -1.2510625 ], [ 36.915453, -1.2508211 ], [ 36.9155662, -1.2506764 ], [ 36.9156551, -1.250637 ], [ 36.915845, -1.2505411 ], [ 36.9159527, -1.250502 ], [ 36.9160304, -1.2504531 ], [ 36.9161197, -1.2504038 ], [ 36.9162337, -1.2503942 ], [ 36.9162914, -1.2503687 ], [ 36.9163767, -1.2503563 ], [ 36.9165207, -1.250301 ], [ 36.9166261, -1.250215 ], [ 36.9167977, -1.2500949 ], [ 36.9170638, -1.2499404 ], [ 36.9172698, -1.2498375 ], [ 36.9175616, -1.2498375 ], [ 36.9178191, -1.2498031 ], [ 36.9180251, -1.2498031 ], [ 36.9182912, -1.2496487 ], [ 36.9184113, -1.2495715 ], [ 36.9185744, -1.2494599 ], [ 36.9187718, -1.2493998 ], [ 36.9189864, -1.2493569 ], [ 36.9192353, -1.2493741 ], [ 36.9195014, -1.2494084 ], [ 36.9198276, -1.2494084 ], [ 36.920085, -1.2494942 ], [ 36.9201954, -1.2495287 ], [ 36.9203076, -1.2495302 ], [ 36.9205266, -1.2495374 ], [ 36.9206601, -1.24958 ], [ 36.9208232, -1.2495543 ], [ 36.9209949, -1.24952 ], [ 36.9211751, -1.2494856 ], [ 36.9213382, -1.2495715 ], [ 36.9215184, -1.2495715 ], [ 36.9216008, -1.2495065 ], [ 36.9216508, -1.249515 ], [ 36.9217054, -1.2495159 ], [ 36.9217397, -1.2495676 ], [ 36.9218596, -1.2495618 ], [ 36.9220935, -1.2497002 ], [ 36.9222737, -1.2497002 ], [ 36.9226771, -1.2497259 ], [ 36.9228159, -1.249643 ], [ 36.922834, -1.249526 ], [ 36.9229035, -1.2494427 ], [ 36.9230103, -1.2493423 ], [ 36.9231492, -1.2492883 ], [ 36.9233552, -1.2491338 ], [ 36.9235269, -1.2490309 ], [ 36.9237071, -1.2489622 ], [ 36.9239045, -1.2488335 ], [ 36.9240333, -1.2486876 ], [ 36.9242221, -1.2486018 ], [ 36.9245139, -1.2485761 ], [ 36.9247714, -1.2484473 ], [ 36.9248744, -1.2482242 ], [ 36.9248744, -1.2481041 ], [ 36.9250203, -1.2479325 ], [ 36.9251405, -1.2476751 ], [ 36.9252521, -1.2475034 ], [ 36.9252692, -1.2473318 ], [ 36.9254065, -1.2471173 ], [ 36.9254237, -1.2469714 ], [ 36.9254323, -1.2467826 ], [ 36.9255095, -1.2466968 ], [ 36.9256469, -1.2466367 ], [ 36.9258529, -1.246611 ], [ 36.9260589, -1.2465938 ], [ 36.9262563, -1.2465938 ], [ 36.9265052, -1.2466711 ], [ 36.926694, -1.2467311 ], [ 36.9269086, -1.2468427 ], [ 36.9270717, -1.2468513 ], [ 36.9272605, -1.2469199 ], [ 36.9273635, -1.2469199 ], [ 36.9273721, -1.2468084 ], [ 36.9275952, -1.2467226 ], [ 36.9277497, -1.2466282 ], [ 36.9279643, -1.2466282 ], [ 36.9281102, -1.2465252 ], [ 36.928196, -1.2464136 ], [ 36.9283076, -1.2464051 ], [ 36.9283591, -1.246242 ], [ 36.9284879, -1.2460704 ], [ 36.9285222, -1.2459074 ], [ 36.9286252, -1.2457701 ], [ 36.9287969, -1.2456242 ], [ 36.9288741, -1.2455298 ], [ 36.9288655, -1.2454011 ], [ 36.9288569, -1.2453067 ], [ 36.9288827, -1.2451951 ], [ 36.9289599, -1.244972 ], [ 36.9289599, -1.2447575 ], [ 36.9289225, -1.2445001 ], [ 36.9289534, -1.2442432 ], [ 36.9292088, -1.2441265 ], [ 36.929432, -1.2440353 ], [ 36.9296895, -1.2440624 ], [ 36.929947, -1.2440968 ], [ 36.930153, -1.2440539 ], [ 36.9303161, -1.243908 ], [ 36.9304534, -1.2437364 ], [ 36.930668, -1.243539 ], [ 36.9307795, -1.2431614 ], [ 36.9307452, -1.2429984 ], [ 36.9306832, -1.2428481 ], [ 36.9306084, -1.2427809 ], [ 36.9306021, -1.2426799 ], [ 36.9306926, -1.2425467 ], [ 36.9307571, -1.2424636 ], [ 36.9307545, -1.2423745 ], [ 36.9307996, -1.2422501 ], [ 36.9309434, -1.2421209 ], [ 36.931033, -1.2420715 ], [ 36.9310967, -1.2419884 ], [ 36.9312051, -1.2418994 ], [ 36.931255, -1.2418431 ], [ 36.9312926, -1.2417926 ] ] } },
{ "type": "Feature", "properties": { "fid": 25, "osm_id": "25785654", "code": 8102, "fclass": "stream", "width": 0, "name": null }, "geometry": { "type": "LineString", "coordinates": [ [ 36.8940561, -1.2587262 ], [ 36.8941121, -1.2586608 ], [ 36.8942893, -1.2585734 ], [ 36.8943998, -1.2585246 ], [ 36.8946053, -1.2584295 ], [ 36.8948682, -1.2583259 ], [ 36.8951735, -1.2582305 ], [ 36.8954485, -1.2581494 ], [ 36.8956543, -1.2580873 ], [ 36.8957644, -1.258034 ], [ 36.8959809, -1.257985 ], [ 36.8962097, -1.2577911 ], [ 36.8964145, -1.257765 ], [ 36.8965409, -1.2577497 ], [ 36.8984624, -1.2575254 ], [ 36.8985169, -1.2575123 ], [ 36.8985626, -1.2574862 ], [ 36.8986824, -1.2573947 ], [ 36.8989308, -1.2572226 ], [ 36.8991639, -1.257068 ], [ 36.8993208, -1.2569721 ], [ 36.8995212, -1.2568719 ], [ 36.8995878, -1.2568404 ], [ 36.8999189, -1.2565833 ], [ 36.9000322, -1.2563546 ], [ 36.9001106, -1.2562196 ], [ 36.9002479, -1.2561499 ], [ 36.9003982, -1.2560562 ], [ 36.9005769, -1.2559364 ], [ 36.9007664, -1.2558232 ], [ 36.9009102, -1.2557186 ], [ 36.901115, -1.2556315 ], [ 36.9012896, -1.2556298 ], [ 36.9014329, -1.255628 ], [ 36.9015904, -1.2556104 ], [ 36.9018452, -1.2555467 ], [ 36.9020151, -1.2554494 ], [ 36.902093, -1.2554352 ], [ 36.9021974, -1.2554352 ], [ 36.9023336, -1.2554157 ], [ 36.9024292, -1.255386 ], [ 36.9025613, -1.25532 ], [ 36.9026965, -1.2552859 ], [ 36.9028552, -1.2551847 ], [ 36.9029146, -1.2551021 ], [ 36.9034307, -1.2543196 ], [ 36.9034657, -1.2542705 ], [ 36.9035276, -1.2541713 ], [ 36.9035521, -1.2541083 ], [ 36.9035532, -1.2540686 ], [ 36.9035404, -1.2540056 ], [ 36.9035132, -1.2539239 ], [ 36.9035256, -1.2536922 ], [ 36.9032637, -1.2535082 ], [ 36.9032053, -1.253287 ], [ 36.9033362, -1.253073 ], [ 36.9034866, -1.2528589 ], [ 36.9035645, -1.2527386 ], [ 36.9037025, -1.2526448 ], [ 36.9040766, -1.2524864 ], [ 36.9042272, -1.2524185 ], [ 36.9042765, -1.2523068 ], [ 36.9043261, -1.2522639 ], [ 36.904377, -1.2522461 ], [ 36.9045658, -1.2520488 ], [ 36.9047203, -1.2519201 ], [ 36.9048834, -1.2518085 ], [ 36.9051065, -1.251697 ], [ 36.9052267, -1.2517313 ], [ 36.905364, -1.2516712 ], [ 36.9055443, -1.2515339 ], [ 36.9056644, -1.251491 ], [ 36.9058688, -1.2516175 ], [ 36.9060678, -1.2515753 ], [ 36.9061786, -1.2514961 ], [ 36.9063372, -1.251358 ], [ 36.9064626, -1.2512792 ], [ 36.9065443, -1.251202 ], [ 36.9065994, -1.25113 ], [ 36.9068661, -1.2509761 ], [ 36.9070806, -1.2508388 ], [ 36.9072523, -1.2506844 ], [ 36.9073639, -1.2505042 ], [ 36.907484, -1.2502982 ], [ 36.9076729, -1.2500666 ], [ 36.9078102, -1.2498263 ], [ 36.9079389, -1.2496632 ], [ 36.9080419, -1.2494916 ], [ 36.9082222, -1.2494144 ], [ 36.9084625, -1.2493458 ], [ 36.9086513, -1.2493114 ], [ 36.9088573, -1.2492599 ], [ 36.9089947, -1.249157 ], [ 36.9090719, -1.2490883 ], [ 36.909235, -1.248951 ], [ 36.9093294, -1.2488395 ], [ 36.9095096, -1.2487193 ], [ 36.9096357, -1.2485841 ], [ 36.9097025, -1.2485198 ], [ 36.9098038, -1.248426 ], [ 36.9098966, -1.2483335 ] ] } },
{ "type": "Feature", "properties": { "fid": 26, "osm_id": "25785947", "code": 8102, "fclass": "stream", "width": 0, "name": "Gitathuru River" }, "geometry": { "type": "LineString", "coordinates": [ [ 36.8348043, -1.2640872 ], [ 36.8351472, -1.264203 ], [ 36.8352201, -1.2639372 ], [ 36.8352801, -1.2638343 ], [ 36.8353573, -1.2637743 ], [ 36.8354302, -1.2636628 ], [ 36.8356016, -1.2637528 ], [ 36.835696, -1.26365 ], [ 36.8358508, -1.2636802 ], [ 36.8360483, -1.2636671 ], [ 36.8362744, -1.2636671 ], [ 36.8364237, -1.2636934 ], [ 36.8365773, -1.2637175 ], [ 36.8367375, -1.2637285 ], [ 36.8367968, -1.2636956 ], [ 36.8369263, -1.2636627 ], [ 36.8369922, -1.2636254 ], [ 36.8371238, -1.263542 ], [ 36.8372007, -1.263452 ], [ 36.8372424, -1.2633773 ], [ 36.8373675, -1.2632544 ], [ 36.8373894, -1.2632017 ], [ 36.8374355, -1.2631183 ], [ 36.8376221, -1.2628571 ], [ 36.8378476, -1.262958 ], [ 36.8381818, -1.2631074 ], [ 36.8385471, -1.2631237 ] ] } },
{ "type": "Feature", "properties": { "fid": 27, "osm_id": "26598657", "code": 8101, "fclass": "river", "width": 0, "name": "Mto Nairobi" }, "geometry": { "type": "LineString", "coordinates": [ [ 36.8152266, -1.2756528 ], [ 36.815313, -1.2756898 ], [ 36.8154469, -1.2757343 ], [ 36.8155548, -1.2757549 ], [ 36.8156429, -1.2757894 ], [ 36.8157701, -1.2758204 ], [ 36.815884, -1.2758267 ], [ 36.8159647, -1.275773 ], [ 36.8160763, -1.275773 ], [ 36.8161342, -1.2758226 ], [ 36.816197, -1.2758564 ], [ 36.8162651, -1.2758831 ], [ 36.8163662, -1.2759146 ], [ 36.8164945, -1.2759439 ], [ 36.8165989, -1.2759476 ], [ 36.816698, -1.2759142 ], [ 36.8168285, -1.2757537 ], [ 36.8170073, -1.275631 ], [ 36.8172263, -1.2756464 ], [ 36.8174278, -1.2757668 ], [ 36.8175097, -1.2758759 ], [ 36.8175998, -1.275913 ], [ 36.8176985, -1.2759274 ], [ 36.8178207, -1.2759914 ], [ 36.8179595, -1.2761298 ], [ 36.8179969, -1.2762078 ], [ 36.8179891, -1.2762859 ], [ 36.8179328, -1.2763402 ], [ 36.8178445, -1.2763715 ], [ 36.8177807, -1.2763564 ], [ 36.8177183, -1.2763413 ], [ 36.8175786, -1.2762726 ], [ 36.8175422, -1.2762576 ], [ 36.8175002, -1.2762591 ], [ 36.8174629, -1.2763121 ], [ 36.8174829, -1.2763696 ], [ 36.8175848, -1.2765413 ], [ 36.8176598, -1.2766289 ], [ 36.8177343, -1.276672 ], [ 36.817818, -1.2767257 ], [ 36.817977, -1.2767539 ], [ 36.8181188, -1.2767348 ], [ 36.8182478, -1.2766139 ], [ 36.8183638, -1.2765803 ], [ 36.8185205, -1.2765682 ], [ 36.8186096, -1.2766248 ], [ 36.818734, -1.2767213 ], [ 36.8187904, -1.2768055 ], [ 36.8189491, -1.2768776 ], [ 36.8190781, -1.276907 ], [ 36.8191748, -1.2769339 ], [ 36.8192215, -1.2769643 ], [ 36.8192849, -1.2770252 ], [ 36.8193192, -1.2771064 ], [ 36.8193546, -1.2772365 ], [ 36.8193669, -1.2773285 ], [ 36.819373, -1.2774089 ] ] } },
{ "type": "Feature", "properties": { "fid": 28, "osm_id": "28243879", "code": 8102, "fclass": "stream", "width": 0, "name": null }, "geometry": { "type": "LineString", "coordinates": [ [ 36.8120504, -1.228838 ], [ 36.8121191, -1.2288294 ], [ 36.8121792, -1.2288294 ], [ 36.8122907, -1.2288294 ], [ 36.8123852, -1.2288465 ], [ 36.8124367, -1.2288551 ], [ 36.8125311, -1.2288551 ], [ 36.812574, -1.2289238 ], [ 36.8126341, -1.2289667 ], [ 36.8127027, -1.2289667 ], [ 36.81278, -1.2289753 ], [ 36.8128572, -1.2289924 ], [ 36.8129516, -1.2290096 ], [ 36.8130461, -1.229001 ], [ 36.8130976, -1.2289581 ] ] } },
{ "type": "Feature", "properties": { "fid": 29, "osm_id": "48161174", "code": 8102, "fclass": "stream", "width": 0, "name": null }, "geometry": { "type": "LineString", "coordinates": [ [ 36.7833976, -1.3132728 ], [ 36.7834202, -1.3132898 ], [ 36.783619, -1.3134257 ], [ 36.7837473, -1.3135024 ], [ 36.7837941, -1.3135304 ], [ 36.7838353, -1.3135617 ], [ 36.7838828, -1.3135761 ], [ 36.7841384, -1.3136588 ], [ 36.7843247, -1.3137196 ], [ 36.7844753, -1.3137265 ], [ 36.7844862, -1.3136896 ], [ 36.7846173, -1.3136806 ], [ 36.7847209, -1.3136909 ], [ 36.7848671, -1.3137522 ], [ 36.7849977, -1.3138045 ], [ 36.7850799, -1.3138377 ], [ 36.7850763, -1.3138706 ], [ 36.7851208, -1.3138949 ], [ 36.7851175, -1.3139127 ], [ 36.7851137, -1.3139281 ], [ 36.7851683, -1.3139647 ], [ 36.7852425, -1.3140253 ], [ 36.7853133, -1.3140746 ], [ 36.7853915, -1.3141155 ], [ 36.7854389, -1.3141387 ], [ 36.7854847, -1.3141616 ], [ 36.7855564, -1.3141916 ], [ 36.7855881, -1.3142035 ], [ 36.7856119, -1.3142662 ], [ 36.7856693, -1.3142956 ], [ 36.785797, -1.3142992 ], [ 36.7858506, -1.3142989 ], [ 36.7859054, -1.314298 ], [ 36.7860144, -1.314275 ], [ 36.7861584, -1.3142904 ], [ 36.7862829, -1.3143215 ], [ 36.7863244, -1.3143819 ], [ 36.7863624, -1.314391 ], [ 36.7864822, -1.3144313 ], [ 36.7866009, -1.3144707 ], [ 36.7867826, -1.3145225 ], [ 36.7868827, -1.3145674 ], [ 36.786917, -1.3146098 ], [ 36.7871423, -1.3146766 ], [ 36.7872882, -1.3147063 ], [ 36.7875219, -1.3147326 ], [ 36.787626, -1.314735 ], [ 36.7877286, -1.314741 ], [ 36.7878487, -1.3147534 ], [ 36.7879885, -1.3147404 ], [ 36.788172, -1.3147123 ], [ 36.7884115, -1.3146274 ], [ 36.7885673, -1.3145915 ], [ 36.7887212, -1.3145924 ] ] } },
{ "type": "Feature", "properties": { "fid": 30, "osm_id": "48161215", "code": 8102, "fclass": "stream", "width": 0, "name": "Ngong river" }, "geometry": { "type": "LineString", "coordinates": [ [ 36.7866487, -1.3071376 ], [ 36.7867084, -1.3072409 ], [ 36.7869278, -1.3073724 ], [ 36.7875613, -1.3075529 ], [ 36.7876487, -1.3076353 ], [ 36.7877739, -1.3076242 ], [ 36.7884274, -1.3079146 ], [ 36.7885581, -1.3079759 ], [ 36.7886173, -1.3080884 ], [ 36.7887901, -1.3082306 ], [ 36.7889412, -1.3082941 ], [ 36.7889745, -1.3083538 ], [ 36.7890123, -1.3087373 ], [ 36.7891639, -1.3090039 ], [ 36.789248, -1.309072 ], [ 36.7896171, -1.3098649 ], [ 36.789661, -1.3099753 ], [ 36.7896026, -1.3100477 ], [ 36.7896139, -1.310067 ] ] } },
{ "type": "Feature", "properties": { "fid": 31, "osm_id": "48161450", "code": 8102, "fclass": "stream", "width": 0, "name": "waterscape" }, "geometry": { "type": "LineString", "coordinates": [ [ 36.7943463, -1.3135937 ], [ 36.7942662, -1.313498 ], [ 36.7941995, -1.3133979 ], [ 36.7940772, -1.3133034 ], [ 36.7939827, -1.3132311 ], [ 36.7939132, -1.313195 ], [ 36.7938437, -1.3131644 ], [ 36.7937881, -1.3131227 ], [ 36.7937686, -1.3130365 ], [ 36.7938048, -1.312917 ], [ 36.7938465, -1.3128281 ], [ 36.7938687, -1.3127308 ], [ 36.7938465, -1.3126391 ], [ 36.793802, -1.312564 ], [ 36.7937409, -1.3124667 ], [ 36.7936908, -1.3124417 ], [ 36.7936158, -1.312425 ], [ 36.7935407, -1.3124 ], [ 36.7934879, -1.3124 ], [ 36.7934601, -1.3123444 ], [ 36.7934379, -1.312261 ], [ 36.7933712, -1.3121582 ], [ 36.7933287, -1.3121406 ], [ 36.793322, -1.312054 ], [ 36.7932878, -1.3119074 ], [ 36.7932639, -1.3117404 ], [ 36.7932531, -1.3116482 ], [ 36.7932493, -1.3116155 ], [ 36.7932484, -1.3114686 ], [ 36.7932871, -1.3113924 ], [ 36.7933144, -1.3113386 ], [ 36.7933223, -1.311298 ], [ 36.7933156, -1.3112159 ], [ 36.7932767, -1.311152 ], [ 36.7932294, -1.3110992 ], [ 36.7931849, -1.3110241 ], [ 36.7931432, -1.3109213 ], [ 36.7931071, -1.3107073 ], [ 36.7931038, -1.3106797 ], [ 36.7930849, -1.310521 ], [ 36.7930763, -1.3104525 ], [ 36.7930626, -1.3103431 ], [ 36.7930293, -1.3101986 ], [ 36.7930115, -1.3100921 ], [ 36.7930015, -1.3100318 ], [ 36.792957, -1.3098623 ], [ 36.7929237, -1.3096955 ], [ 36.7929403, -1.3095843 ], [ 36.7929444, -1.3095488 ], [ 36.7929502, -1.3094983 ] ] } },
{ "type": "Feature", "properties": { "fid": 32, "osm_id": "48161509", "code": 8102, "fclass": "stream", "width": 0, "name": null }, "geometry": { "type": "LineString", "coordinates": [ [ 36.7991283, -1.3132934 ], [ 36.799154, -1.3133329 ], [ 36.7991578, -1.3133389 ], [ 36.7991821, -1.313356 ], [ 36.7992166, -1.313365 ], [ 36.7992552, -1.3133797 ], [ 36.7992825, -1.3133926 ], [ 36.7993365, -1.3134012 ], [ 36.7993447, -1.3134151 ], [ 36.7993693, -1.31344 ], [ 36.799393, -1.3134829 ], [ 36.7994027, -1.3135185 ], [ 36.799397, -1.3135586 ], [ 36.7994568, -1.3136581 ], [ 36.7995268, -1.3137514 ], [ 36.79966, -1.313876 ], [ 36.7997085, -1.3139157 ], [ 36.7997924, -1.3139604 ], [ 36.7999426, -1.3140802 ], [ 36.8000142, -1.3141468 ], [ 36.8001227, -1.3142141 ], [ 36.8002373, -1.3143344 ], [ 36.8003201, -1.3144056 ], [ 36.8003593, -1.3144465 ], [ 36.800372, -1.314619 ], [ 36.8003936, -1.314736 ], [ 36.8004813, -1.3147977 ], [ 36.8006647, -1.3149141 ], [ 36.8007435, -1.3150219 ], [ 36.8008275, -1.3151369 ], [ 36.8009612, -1.3153694 ], [ 36.8010056, -1.3154883 ], [ 36.8011444, -1.3158595 ], [ 36.801242, -1.3161206 ], [ 36.8013061, -1.3162238 ], [ 36.8013592, -1.316287 ], [ 36.8013894, -1.3163258 ], [ 36.8015004, -1.3164125 ], [ 36.8016109, -1.3165037 ], [ 36.8016225, -1.3166106 ], [ 36.8015868, -1.3168003 ], [ 36.8015626, -1.3169291 ], [ 36.8016645, -1.3171517 ], [ 36.8019488, -1.3174793 ] ] } },
{ "type": "Feature", "properties": { "fid": 33, "osm_id": "77029434", "code": 8101, "fclass": "river", "width": 0, "name": "Motoine River" }, "geometry": { "type": "LineString", "coordinates": [ [ 36.7618994, -1.3191689 ], [ 36.7643296, -1.3188358 ], [ 36.7664186, -1.3183198 ], [ 36.7675946, -1.3180871 ], [ 36.7684227, -1.3179736 ], [ 36.7688635, -1.3176531 ], [ 36.7696115, -1.3176465 ], [ 36.7699455, -1.3174862 ], [ 36.7704864, -1.3174996 ], [ 36.7710341, -1.3170856 ], [ 36.7714949, -1.3167317 ], [ 36.7721227, -1.316725 ], [ 36.7730017, -1.3165273 ], [ 36.7736856, -1.3166583 ], [ 36.7738162, -1.3166579 ], [ 36.7739101, -1.316716 ], [ 36.7741415, -1.3166471 ], [ 36.77431, -1.3165629 ], [ 36.7746288, -1.3164243 ], [ 36.7747977, -1.3163874 ], [ 36.7749743, -1.3163632 ], [ 36.7752162, -1.3163884 ], [ 36.7753871, -1.3164239 ], [ 36.7755007, -1.3164272 ], [ 36.7756321, -1.3164928 ], [ 36.7758528, -1.3165264 ], [ 36.7761307, -1.3165462 ], [ 36.776242, -1.3165355 ], [ 36.7764117, -1.3165171 ], [ 36.7767393, -1.3164369 ], [ 36.7770157, -1.3163486 ], [ 36.7772578, -1.3162552 ], [ 36.7774917, -1.3162048 ], [ 36.7776999, -1.3161959 ], [ 36.7779198, -1.3162427 ], [ 36.7782897, -1.3164458 ], [ 36.7783277, -1.3164947 ], [ 36.7783788, -1.3165642 ], [ 36.7785389, -1.3167633 ], [ 36.7786428, -1.3169301 ], [ 36.7786431, -1.3170505 ], [ 36.7786572, -1.3172972 ], [ 36.7786358, -1.3173307 ], [ 36.7786464, -1.3173967 ], [ 36.7787109, -1.3175351 ], [ 36.7787769, -1.3176154 ], [ 36.7788499, -1.3176426 ], [ 36.778904, -1.317652 ], [ 36.7789515, -1.3176389 ], [ 36.7790186, -1.3176203 ], [ 36.7790876, -1.3176269 ], [ 36.7791773, -1.3176106 ], [ 36.7792745, -1.317602 ], [ 36.7793555, -1.3176272 ], [ 36.7795132, -1.3175351 ], [ 36.7796992, -1.3174923 ], [ 36.7799424, -1.3174535 ], [ 36.7800492, -1.3175295 ], [ 36.7800783, -1.3175626 ], [ 36.7801892, -1.317602 ], [ 36.7803157, -1.3176102 ], [ 36.7805217, -1.3175858 ], [ 36.7807983, -1.3175412 ], [ 36.7808485, -1.3175185 ], [ 36.7810344, -1.3173858 ], [ 36.7811499, -1.3172717 ], [ 36.781234, -1.3172228 ], [ 36.7813238, -1.3171886 ], [ 36.7814106, -1.3171878 ], [ 36.7815024, -1.3171932 ], [ 36.7815911, -1.3172021 ], [ 36.7816736, -1.317239 ], [ 36.7817178, -1.3172591 ], [ 36.7818588, -1.317306 ], [ 36.7819177, -1.3173211 ], [ 36.7820216, -1.3173478 ], [ 36.7821874, -1.317397 ], [ 36.7822456, -1.3174143 ], [ 36.782531, -1.317444 ], [ 36.7827218, -1.3173584 ], [ 36.7828636, -1.3173034 ], [ 36.7829701, -1.3172617 ], [ 36.7830741, -1.3171611 ], [ 36.7832163, -1.3169992 ], [ 36.7833921, -1.3168419 ], [ 36.7834766, -1.3167768 ], [ 36.7836061, -1.3167011 ], [ 36.7836753, -1.3166624 ], [ 36.7837123, -1.3166487 ], [ 36.7837494, -1.3166641 ], [ 36.783862, -1.3165871 ], [ 36.7839423, -1.3165472 ], [ 36.7840049, -1.3165115 ], [ 36.7840662, -1.3165007 ], [ 36.7841251, -1.3165061 ], [ 36.7842286, -1.3164784 ], [ 36.7843559, -1.3164311 ], [ 36.7844882, -1.3163355 ], [ 36.7845534, -1.3162972 ], [ 36.7846136, -1.316284 ], [ 36.7847075, -1.316257 ], [ 36.7848188, -1.3162138 ], [ 36.7849014, -1.3161575 ], [ 36.7849516, -1.3161409 ], [ 36.7850805, -1.3161065 ], [ 36.7851207, -1.316065 ], [ 36.7851666, -1.316065 ], [ 36.7852199, -1.3160861 ], [ 36.7852392, -1.3160601 ], [ 36.7852668, -1.316057 ], [ 36.7853118, -1.3160603 ], [ 36.7854144, -1.3160563 ], [ 36.7854708, -1.3160211 ], [ 36.7854861, -1.3160456 ], [ 36.7855331, -1.316065 ], [ 36.7855845, -1.3160717 ], [ 36.7856135, -1.3161025 ], [ 36.7856517, -1.3160958 ], [ 36.7857242, -1.3161421 ], [ 36.785781, -1.3161683 ], [ 36.7858565, -1.3161982 ], [ 36.7859457, -1.3162182 ], [ 36.7859907, -1.3161991 ], [ 36.7860091, -1.3162232 ], [ 36.7860247, -1.3162219 ], [ 36.7860376, -1.3162071 ], [ 36.7860651, -1.3162135 ], [ 36.786102, -1.316191 ], [ 36.7861325, -1.3161629 ], [ 36.7862049, -1.3161274 ], [ 36.7862671, -1.3160976 ], [ 36.7863039, -1.3160788 ], [ 36.7863344, -1.3160808 ], [ 36.7863605, -1.3160898 ], [ 36.7864754, -1.3160408 ], [ 36.7866044, -1.3159832 ], [ 36.7867526, -1.3159688 ], [ 36.7868735, -1.3159276 ], [ 36.7869607, -1.3159075 ], [ 36.7870478, -1.3158988 ], [ 36.7871397, -1.3159195 ], [ 36.7872114, -1.3158813 ], [ 36.7872901, -1.3158572 ], [ 36.7873422, -1.3158357 ], [ 36.7873878, -1.3158451 ], [ 36.7875103, -1.3157983 ], [ 36.7876878, -1.3156913 ], [ 36.7877003, -1.3156561 ], [ 36.787774, -1.3156407 ], [ 36.7878739, -1.3155818 ], [ 36.7879611, -1.3154962 ], [ 36.7880101, -1.3154657 ], [ 36.7880605, -1.3154323 ], [ 36.7881063, -1.3153849 ], [ 36.7881425, -1.3153755 ], [ 36.788167, -1.3153279 ], [ 36.7881988, -1.3153041 ], [ 36.7882181, -1.315277 ], [ 36.7882468, -1.3152334 ], [ 36.7882709, -1.3152136 ], [ 36.7883028, -1.3152116 ], [ 36.7883971, -1.3151791 ], [ 36.788416, -1.3150963 ], [ 36.7884573, -1.315038 ], [ 36.7884913, -1.3149433 ], [ 36.7885717, -1.3148004 ], [ 36.7887212, -1.3145924 ], [ 36.7888267, -1.3145224 ], [ 36.7888931, -1.314491 ], [ 36.7889757, -1.3144696 ], [ 36.7890532, -1.3144783 ], [ 36.7891131, -1.314497 ], [ 36.789207, -1.3145914 ], [ 36.7893614, -1.314671 ], [ 36.7894415, -1.314754 ], [ 36.7895596, -1.3148543 ], [ 36.7897139, -1.314883 ], [ 36.789777, -1.3148898 ], [ 36.7898179, -1.3149207 ], [ 36.7898642, -1.3149354 ], [ 36.7899035, -1.314961 ], [ 36.7898997, -1.3150018 ], [ 36.7899258, -1.3150427 ], [ 36.7899694, -1.3150427 ], [ 36.7900518, -1.3150485 ], [ 36.7901733, -1.3151205 ], [ 36.7902749, -1.3151783 ], [ 36.7903101, -1.3152136 ], [ 36.7903262, -1.3152565 ], [ 36.7903218, -1.3153106 ], [ 36.7902745, -1.3153678 ], [ 36.7902255, -1.3154314 ], [ 36.7901989, -1.315582 ], [ 36.7901943, -1.3156688 ], [ 36.7901783, -1.3157812 ], [ 36.790172, -1.3158593 ], [ 36.7901507, -1.3159662 ], [ 36.7901446, -1.3160289 ], [ 36.7901434, -1.316084 ], [ 36.7901598, -1.3161635 ], [ 36.7901774, -1.3162198 ], [ 36.790134, -1.316349 ], [ 36.7900999, -1.3165215 ], [ 36.7901244, -1.3166116 ], [ 36.7901279, -1.3166773 ], [ 36.790182, -1.3167428 ], [ 36.790298, -1.316793 ], [ 36.7903148, -1.3168601 ], [ 36.7905132, -1.3169122 ], [ 36.7905526, -1.3168856 ], [ 36.7906881, -1.3168451 ], [ 36.7908708, -1.3168125 ], [ 36.7910088, -1.3168145 ], [ 36.7910722, -1.3168175 ], [ 36.7911077, -1.3168333 ], [ 36.7912184, -1.3167933 ], [ 36.7912896, -1.3167865 ], [ 36.7913843, -1.3168231 ], [ 36.7914468, -1.3168733 ], [ 36.791516, -1.31697 ], [ 36.7915291, -1.3170096 ], [ 36.7915475, -1.3170715 ], [ 36.7916176, -1.3171892 ], [ 36.7917277, -1.3172912 ], [ 36.7918216, -1.31732 ], [ 36.7919428, -1.3173801 ], [ 36.7919676, -1.3174859 ], [ 36.791959, -1.3175935 ], [ 36.7919542, -1.3177677 ], [ 36.7919808, -1.3178627 ], [ 36.7920135, -1.3179035 ], [ 36.7920388, -1.3179528 ], [ 36.7921179, -1.3180124 ], [ 36.7922097, -1.3180547 ], [ 36.7922694, -1.3180775 ], [ 36.7923304, -1.3181338 ], [ 36.792359, -1.3181878 ], [ 36.7924062, -1.3182082 ], [ 36.7924947, -1.3182652 ], [ 36.7925779, -1.3183242 ], [ 36.7926007, -1.3183228 ], [ 36.7926462, -1.3183529 ], [ 36.7926966, -1.3183724 ], [ 36.7927247, -1.3183966 ], [ 36.7927589, -1.3183993 ], [ 36.792796, -1.3184206 ], [ 36.7928643, -1.3183847 ], [ 36.7929158, -1.318352 ], [ 36.7929439, -1.3183403 ], [ 36.7929817, -1.3183726 ], [ 36.7930209, -1.3183581 ], [ 36.7931461, -1.3183054 ], [ 36.7932149, -1.3182819 ], [ 36.7932858, -1.3182836 ], [ 36.7933643, -1.3182976 ], [ 36.7934047, -1.3183235 ], [ 36.7934397, -1.3183536 ], [ 36.793513, -1.3183743 ], [ 36.7935663, -1.3183858 ], [ 36.7936152, -1.318396 ], [ 36.7936836, -1.3184214 ], [ 36.7937091, -1.3184652 ], [ 36.7937444, -1.3184586 ], [ 36.7937855, -1.3184824 ], [ 36.7938163, -1.3185258 ], [ 36.7938343, -1.3186047 ], [ 36.7940001, -1.3187262 ], [ 36.7940964, -1.3187507 ], [ 36.7941949, -1.3188231 ], [ 36.7942453, -1.318883 ], [ 36.7942762, -1.3189861 ], [ 36.7943816, -1.3191681 ], [ 36.7945022, -1.3192497 ], [ 36.7945687, -1.3192917 ], [ 36.7946211, -1.3194559 ], [ 36.7946238, -1.3194954 ], [ 36.7946678, -1.3195294 ], [ 36.7947706, -1.3195584 ], [ 36.7948485, -1.3195324 ], [ 36.7949099, -1.3195113 ], [ 36.7949551, -1.3194755 ], [ 36.7950316, -1.3194738 ], [ 36.7951047, -1.3194881 ], [ 36.7951306, -1.3195167 ], [ 36.7952145, -1.3195179 ], [ 36.7952995, -1.3195889 ], [ 36.7955199, -1.319607 ] ] } },
{ "type": "Feature", "properties": { "fid": 34, "osm_id": "77473354", "code": 8102, "fclass": "stream", "width": 0, "name": null }, "geometry": { "type": "LineString", "coordinates": [ [ 36.8976462, -1.2646658 ], [ 36.8977688, -1.2645582 ], [ 36.8978985, -1.26444 ], [ 36.8984962, -1.2640716 ], [ 36.8987806, -1.263975 ], [ 36.8990643, -1.2638486 ], [ 36.8991863, -1.2637987 ], [ 36.8992862, -1.2637725 ], [ 36.8994834, -1.263747 ], [ 36.8998898, -1.2636467 ], [ 36.8999936, -1.263615 ], [ 36.9000929, -1.2635573 ], [ 36.9001921, -1.2635057 ], [ 36.9003147, -1.263445 ], [ 36.9005797, -1.2633294 ], [ 36.900626, -1.2632871 ], [ 36.9005958, -1.2631913 ], [ 36.9006541, -1.2630492 ], [ 36.9007654, -1.2628896 ], [ 36.9010389, -1.2626979 ], [ 36.9013508, -1.2625615 ], [ 36.901422, -1.2625493 ], [ 36.9015145, -1.2625371 ], [ 36.9016791, -1.2624863 ], [ 36.9019048, -1.2623847 ], [ 36.9020928, -1.2622902 ], [ 36.9022056, -1.262216 ], [ 36.9023408, -1.2621307 ], [ 36.9023997, -1.2621104 ], [ 36.9024475, -1.2621154 ], [ 36.9025569, -1.2622064 ], [ 36.902543, -1.2621408 ], [ 36.9026142, -1.2621388 ], [ 36.9028394, -1.2620274 ], [ 36.9029445, -1.2619854 ], [ 36.9030426, -1.2619574 ], [ 36.9031173, -1.2619122 ], [ 36.9033368, -1.2617933 ], [ 36.9034639, -1.261711 ], [ 36.9034954, -1.2616795 ], [ 36.9035499, -1.2615289 ], [ 36.9035643, -1.2611009 ], [ 36.9038052, -1.2608915 ] ] } },
{ "type": "Feature", "properties": { "fid": 35, "osm_id": "78055803", "code": 8102, "fclass": "stream", "width": 0, "name": "Kirichwa Dogo River" }, "geometry": { "type": "LineString", "coordinates": [ [ 36.7861211, -1.2743748 ], [ 36.7864561, -1.274057 ], [ 36.7867457, -1.2740141 ], [ 36.7868316, -1.2738317 ], [ 36.787014, -1.2737888 ], [ 36.7874431, -1.2732954 ], [ 36.7878401, -1.2731131 ], [ 36.7880895, -1.2729549 ], [ 36.7883395, -1.2724651 ], [ 36.7886877, -1.2720727 ], [ 36.7892241, -1.2720083 ], [ 36.7896103, -1.2718259 ], [ 36.7899751, -1.271901 ], [ 36.7903721, -1.271901 ], [ 36.7908334, -1.2721906 ], [ 36.791166, -1.2719761 ], [ 36.7917132, -1.2721799 ], [ 36.792129, -1.2723893 ], [ 36.7928371, -1.2723678 ], [ 36.7932722, -1.2720632 ], [ 36.7935858, -1.2718602 ], [ 36.7938403, -1.2717645 ], [ 36.7944035, -1.2717028 ], [ 36.7951256, -1.2716744 ], [ 36.795495, -1.2715661 ], [ 36.7957875, -1.2715848 ], [ 36.7964742, -1.2714776 ], [ 36.797311, -1.2715634 ], [ 36.7977402, -1.2716492 ], [ 36.7979127, -1.2717239 ], [ 36.798591, -1.2720176 ], [ 36.7989633, -1.2722391 ], [ 36.7992851, -1.272636 ], [ 36.8003366, -1.2728291 ], [ 36.8007021, -1.2733497 ] ] } },
{ "type": "Feature", "properties": { "fid": 36, "osm_id": "78237724", "code": 8102, "fclass": "stream", "width": 0, "name": "Kirimiri stream" }, "geometry": { "type": "LineString", "coordinates": [ [ 36.8012989, -1.2983529 ], [ 36.801388, -1.2984667 ], [ 36.8017325, -1.298767 ], [ 36.8020389, -1.299074 ], [ 36.802106, -1.2991786 ], [ 36.8021972, -1.2993395 ], [ 36.8024104, -1.2997337 ], [ 36.8025552, -1.3000099 ], [ 36.8027256, -1.3002995 ], [ 36.8029926, -1.3007655 ], [ 36.8033747, -1.3014524 ], [ 36.8035414, -1.3017389 ], [ 36.8038301, -1.302186 ], [ 36.8041736, -1.3027469 ], [ 36.8043098, -1.3029562 ], [ 36.8045436, -1.3033708 ], [ 36.8046249, -1.3035395 ], [ 36.8046838, -1.3036492 ], [ 36.8047306, -1.3037041 ], [ 36.8048378, -1.3038062 ], [ 36.8049125, -1.3038888 ], [ 36.8049908, -1.3040069 ], [ 36.805007, -1.3041369 ], [ 36.8049948, -1.3042121 ], [ 36.8049989, -1.3042731 ], [ 36.8050242, -1.3043641 ], [ 36.8050721, -1.3045128 ], [ 36.8051955, -1.3047998 ], [ 36.8052639, -1.304954 ], [ 36.8054141, -1.3051256 ], [ 36.8054463, -1.3053079 ], [ 36.8056394, -1.3055546 ], [ 36.8055831, -1.3059367 ], [ 36.8055831, -1.3061205 ], [ 36.8055243, -1.3063225 ], [ 36.8054328, -1.3065032 ], [ 36.8054437, -1.3066203 ], [ 36.8055076, -1.3066941 ], [ 36.8055609, -1.3068109 ], [ 36.8056537, -1.306968 ], [ 36.8056251, -1.3071709 ], [ 36.8055453, -1.3073031 ], [ 36.8054934, -1.3075147 ], [ 36.8054552, -1.3077557 ], [ 36.8053407, -1.3078654 ], [ 36.8053659, -1.3080265 ], [ 36.8054684, -1.3081806 ], [ 36.8055651, -1.3083415 ], [ 36.8056796, -1.3084471 ], [ 36.8058283, -1.3086929 ], [ 36.8060283, -1.3087277 ], [ 36.8062742, -1.3086529 ], [ 36.806375, -1.3087437 ] ] } },
{ "type": "Feature", "properties": { "fid": 37, "osm_id": "93670916", "code": 8102, "fclass": "stream", "width": 0, "name": "Ruiruaka River" }, "geometry": { "type": "LineString", "coordinates": [ [ 36.784175604069716, -1.203048747709141 ], [ 36.7844162, -1.2032586 ], [ 36.7845228, -1.2036959 ], [ 36.784625454257892, -1.203809620011233 ] ] } },
{ "type": "Feature", "properties": { "fid": 38, "osm_id": "93670994", "code": 8101, "fclass": "river", "width": 0, "name": null }, "geometry": { "type": "LineString", "coordinates": [ [ 36.7393771, -1.2787814 ], [ 36.7396799, -1.278853 ], [ 36.7397525, -1.2787921 ], [ 36.7398527, -1.2787711 ], [ 36.7402127, -1.2785459 ], [ 36.7403844, -1.2784493 ], [ 36.7404165, -1.2783528 ], [ 36.7405238, -1.2783421 ], [ 36.7408242, -1.2782026 ], [ 36.7415109, -1.2781276 ], [ 36.7423799, -1.2778809 ], [ 36.7424872, -1.2777736 ], [ 36.7427769, -1.2773982 ], [ 36.7431631, -1.2773553 ], [ 36.743249, -1.2772587 ], [ 36.7435172, -1.2772802 ], [ 36.7437318, -1.2771622 ], [ 36.7437318, -1.276937 ], [ 36.7438492, -1.2768404 ], [ 36.7439136, -1.2766044 ], [ 36.744096, -1.2765723 ], [ 36.7441604, -1.2763792 ], [ 36.7443428, -1.2762827 ], [ 36.7445144, -1.2762076 ], [ 36.7446217, -1.2761003 ], [ 36.7448041, -1.2761003 ], [ 36.7450616, -1.2761003 ], [ 36.7453405, -1.2759072 ], [ 36.745598, -1.2758 ], [ 36.7458663, -1.2755855 ], [ 36.7459199, -1.2754889 ], [ 36.7460272, -1.2753388 ], [ 36.7462525, -1.2754782 ], [ 36.7465744, -1.2754889 ], [ 36.7469177, -1.275564 ], [ 36.7471537, -1.2756391 ], [ 36.7475614, -1.2756391 ], [ 36.7476902, -1.2756069 ], [ 36.7479155, -1.2754353 ], [ 36.7481622, -1.2753066 ], [ 36.7484626, -1.275017 ], [ 36.7487309, -1.2749526 ], [ 36.7490956, -1.2747703 ], [ 36.7492732, -1.274714 ], [ 36.7493746, -1.2745021 ], [ 36.7495784, -1.2746523 ], [ 36.749793, -1.2746845 ], [ 36.7499542, -1.27484 ], [ 36.7500186, -1.274899 ], [ 36.7501581, -1.2749687 ], [ 36.7502332, -1.2750116 ], [ 36.7503565, -1.2750062 ], [ 36.7504799, -1.2750277 ], [ 36.750673, -1.2750384 ], [ 36.7508876, -1.2750116 ], [ 36.7510539, -1.2749633 ], [ 36.7513382, -1.274958 ], [ 36.7514294, -1.274899 ], [ 36.7514992, -1.2748668 ], [ 36.7515796, -1.2748775 ], [ 36.7516547, -1.2749097 ], [ 36.7517245, -1.2749312 ], [ 36.7517835, -1.2749043 ], [ 36.7517888, -1.2748293 ], [ 36.7518693, -1.2748561 ], [ 36.7519122, -1.2747756 ], [ 36.7520571, -1.2747166 ], [ 36.752218, -1.2746898 ], [ 36.7523897, -1.2745879 ], [ 36.752572, -1.2745236 ], [ 36.7527008, -1.2744217 ], [ 36.7529368, -1.274234 ], [ 36.7531581, -1.2741455 ], [ 36.7533096, -1.2740878 ], [ 36.7534531, -1.2740436 ], [ 36.7535685, -1.2740315 ], [ 36.753647, -1.2740556 ], [ 36.7537207, -1.2740503 ], [ 36.7537985, -1.2739798 ], [ 36.7538749, -1.2739041 ], [ 36.7539394, -1.273837 ], [ 36.7539916, -1.273711 ], [ 36.753987, -1.2735763 ], [ 36.7540204, -1.2735046 ], [ 36.754071, -1.2734372 ], [ 36.7541599, -1.273392 ], [ 36.7543028, -1.2733986 ], [ 36.754398, -1.2734121 ], [ 36.754463, -1.2734436 ], [ 36.7545167, -1.2735012 ], [ 36.7546186, -1.2734899 ], [ 36.7547359, -1.273451 ], [ 36.7548405, -1.2733819 ], [ 36.7549049, -1.2733564 ], [ 36.7550048, -1.2733464 ], [ 36.7551269, -1.2733531 ], [ 36.7552529, -1.2733946 ], [ 36.7553891, -1.2734918 ], [ 36.755505, -1.2735482 ], [ 36.755723, -1.2737103 ], [ 36.7558739, -1.2737895 ], [ 36.7559784, -1.2738431 ], [ 36.7560496, -1.2738706 ], [ 36.7561394, -1.2738431 ], [ 36.7563271, -1.2736762 ], [ 36.7564773, -1.2735475 ], [ 36.7566007, -1.2734938 ], [ 36.7568207, -1.273408 ], [ 36.7569816, -1.2734563 ], [ 36.7571264, -1.2735689 ], [ 36.7572874, -1.2736708 ], [ 36.7573137, -1.2736778 ], [ 36.7573873, -1.2737781 ], [ 36.757514, -1.273821 ], [ 36.7575985, -1.2738693 ], [ 36.7576789, -1.2739115 ], [ 36.7577796, -1.2739349 ], [ 36.7578775, -1.2738639 ], [ 36.7579251, -1.2738203 ], [ 36.7579277, -1.2737218 ], [ 36.7579445, -1.2736386 ], [ 36.7579901, -1.2735797 ], [ 36.7580438, -1.273518 ], [ 36.7580981, -1.2734664 ], [ 36.7581404, -1.2734228 ], [ 36.758188, -1.2733819 ], [ 36.7582644, -1.2733457 ], [ 36.7583763, -1.2733075 ], [ 36.7584876, -1.2732518 ], [ 36.7585172, -1.2731982 ], [ 36.7584944, -1.273097 ], [ 36.7584696, -1.2730735 ], [ 36.7584521, -1.2730084 ], [ 36.7584776, -1.2729555 ], [ 36.7585393, -1.2730064 ], [ 36.7586177, -1.2729683 ], [ 36.7586425, -1.2728992 ], [ 36.75866, -1.2728396 ], [ 36.7586841, -1.2727544 ], [ 36.7587277, -1.2726492 ], [ 36.7587767, -1.2725667 ], [ 36.7588089, -1.272491 ], [ 36.758766, -1.2724252 ], [ 36.7587425, -1.2723535 ], [ 36.7587653, -1.2722442 ], [ 36.7587941, -1.2721826 ], [ 36.7588545, -1.27207 ], [ 36.758886, -1.2720176 ], [ 36.758957, -1.2719653 ], [ 36.7590281, -1.2718742 ], [ 36.7590268, -1.2718339 ], [ 36.7590133, -1.271787 ], [ 36.7589664, -1.2717019 ], [ 36.7589169, -1.2715813 ], [ 36.7588068, -1.2715685 ], [ 36.7587329, -1.2715809 ], [ 36.758662, -1.2716295 ], [ 36.758611, -1.2716087 ], [ 36.7585152, -1.2716429 ], [ 36.7584152, -1.2716402 ], [ 36.7583388, -1.2714746 ], [ 36.7582959, -1.2714398 ], [ 36.7582154, -1.2714961 ], [ 36.7581645, -1.2714639 ], [ 36.7581242, -1.2714291 ], [ 36.7581376, -1.2713674 ], [ 36.7581242, -1.2713138 ], [ 36.7582476, -1.2712306 ], [ 36.7581698, -1.2711984 ], [ 36.7580759, -1.2711448 ], [ 36.7580974, -1.2711126 ], [ 36.7581189, -1.2710322 ], [ 36.7581296, -1.2709786 ], [ 36.758135, -1.2709169 ], [ 36.7582047, -1.2708579 ], [ 36.7582342, -1.2708043 ], [ 36.7582664, -1.2707614 ], [ 36.758312, -1.2707265 ], [ 36.7583871, -1.2706755 ], [ 36.7583817, -1.2706058 ], [ 36.7583817, -1.2705468 ], [ 36.7583924, -1.2704878 ], [ 36.7584863, -1.2704557 ], [ 36.7585534, -1.2704154 ], [ 36.7586124, -1.2704396 ], [ 36.7586694, -1.2705167 ], [ 36.758717, -1.2705816 ], [ 36.758784, -1.2706293 ], [ 36.7588692, -1.2706447 ], [ 36.7589739, -1.2706668 ], [ 36.7590744, -1.2706823 ], [ 36.7591401, -1.2706521 ], [ 36.7592079, -1.2706488 ], [ 36.7592373, -1.2706353 ], [ 36.7593245, -1.2705951 ], [ 36.7594237, -1.2705434 ], [ 36.7595304, -1.2705575 ], [ 36.759694, -1.2704999 ], [ 36.7598957, -1.2704388 ], [ 36.7600413, -1.2703812 ], [ 36.7601225, -1.2703416 ], [ 36.7602043, -1.2703155 ], [ 36.7603712, -1.2702639 ], [ 36.7605275, -1.2701888 ], [ 36.7606428, -1.2701439 ], [ 36.7607099, -1.2701345 ], [ 36.7607481, -1.270146 ], [ 36.760852, -1.2702358 ], [ 36.7609084, -1.2703551 ], [ 36.7609392, -1.2704811 ], [ 36.7609876, -1.2705615 ], [ 36.7611753, -1.2706996 ], [ 36.7612946, -1.2706554 ], [ 36.7613616, -1.270642 ], [ 36.7614461, -1.2706421 ], [ 36.761489, -1.2706862 ], [ 36.7615829, -1.2707078 ], [ 36.7617278, -1.2706152 ], [ 36.761823, -1.2705763 ], [ 36.7619638, -1.270524 ], [ 36.7620657, -1.270457 ], [ 36.7621488, -1.2703859 ], [ 36.762224, -1.2703242 ], [ 36.7622884, -1.2702585 ], [ 36.7623635, -1.2701902 ], [ 36.7624694, -1.270158 ], [ 36.7625981, -1.2701151 ], [ 36.7628717, -1.2700025 ], [ 36.763156, -1.2698684 ], [ 36.7634135, -1.2697504 ], [ 36.7636925, -1.2695895 ], [ 36.7639875, -1.2694393 ], [ 36.7642397, -1.2693696 ], [ 36.764465, -1.2693589 ], [ 36.7646527, -1.2693106 ], [ 36.7647332, -1.269299 ], [ 36.7648405, -1.2692516 ], [ 36.7650121, -1.2692516 ], [ 36.7652589, -1.2692087 ], [ 36.7655325, -1.2692409 ], [ 36.7656358, -1.2693737 ], [ 36.765798, -1.269489 ], [ 36.7659764, -1.2695922 ], [ 36.7660824, -1.2696619 ], [ 36.7663358, -1.2697557 ], [ 36.7663948, -1.2697571 ], [ 36.7665088, -1.2696954 ], [ 36.7667167, -1.2697021 ], [ 36.7669152, -1.2695882 ], [ 36.7669902, -1.2696016 ], [ 36.7670782, -1.2696804 ], [ 36.7671632, -1.2697625 ], [ 36.7672732, -1.2697825 ], [ 36.7674181, -1.2697893 ], [ 36.7675307, -1.2698563 ], [ 36.7676192, -1.2698469 ], [ 36.7677205, -1.2696941 ], [ 36.7677715, -1.2696404 ], [ 36.7678325, -1.2696203 ], [ 36.7679934, -1.269615 ] ] } },
{ "type": "Feature", "properties": { "fid": 39, "osm_id": "95085195", "code": 8102, "fclass": "stream", "width": 0, "name": null }, "geometry": { "type": "LineString", "coordinates": [ [ 36.855252, -1.2613497 ], [ 36.8553375, -1.2614179 ], [ 36.855423, -1.261455 ], [ 36.8555076, -1.2615137 ], [ 36.8555266, -1.2615646 ], [ 36.8555948, -1.2617433 ], [ 36.8557284, -1.2618996 ], [ 36.8561193, -1.262314 ], [ 36.8561703, -1.2623684 ], [ 36.8562125, -1.262413 ], [ 36.8563372, -1.2624976 ], [ 36.8565013, -1.2625676 ], [ 36.8567212, -1.2626307 ], [ 36.8568584, -1.2626397 ], [ 36.8571012, -1.2626271 ], [ 36.8571664, -1.262593 ], [ 36.8572619, -1.2625097 ], [ 36.8575744, -1.2623535 ], [ 36.8577617, -1.262338 ], [ 36.8580388, -1.2623777 ], [ 36.8581519, -1.2623578 ], [ 36.8583194, -1.2623734 ], [ 36.8586337, -1.2624631 ], [ 36.8586578, -1.2624787 ], [ 36.8588461, -1.2625563 ], [ 36.8589497, -1.2625771 ], [ 36.8590204, -1.2625287 ], [ 36.8591846, -1.2625072 ], [ 36.8593565, -1.2625182 ] ] } },
{ "type": "Feature", "properties": { "fid": 40, "osm_id": "100149226", "code": 8102, "fclass": "stream", "width": 0, "name": null }, "geometry": { "type": "LineString", "coordinates": [ [ 36.9417242, -1.3306288 ], [ 36.9422418, -1.3307147 ], [ 36.9425395, -1.3306771 ], [ 36.9432771, -1.3304036 ], [ 36.9439128, -1.3299505 ], [ 36.9444412, -1.3297252 ], [ 36.9450742, -1.3295134 ], [ 36.9460908, -1.3297467 ], [ 36.9465199, -1.3299692 ], [ 36.9467908, -1.3298888 ], [ 36.947194, -1.3296562 ], [ 36.9473013, -1.3292915 ], [ 36.9474729, -1.3289912 ], [ 36.947709, -1.3288625 ], [ 36.9480094, -1.3287552 ], [ 36.9482883, -1.3286909 ], [ 36.9484385, -1.3284978 ], [ 36.9487389, -1.328412 ], [ 36.9489535, -1.3282404 ], [ 36.9491252, -1.3280044 ], [ 36.9492754, -1.3276612 ], [ 36.9492325, -1.3274037 ], [ 36.9495114, -1.3270605 ], [ 36.9496831, -1.3270391 ], [ 36.9500264, -1.3269747 ], [ 36.9504126, -1.3269533 ], [ 36.9506701, -1.326846 ], [ 36.9509276, -1.3265457 ], [ 36.9513139, -1.3263741 ], [ 36.9516357, -1.3266744 ], [ 36.9518288, -1.3269533 ], [ 36.9520434, -1.3270605 ], [ 36.9522365, -1.3269104 ] ] } },
{ "type": "Feature", "properties": { "fid": 41, "osm_id": "107536386", "code": 8104, "fclass": "drain", "width": 0, "name": null }, "geometry": { "type": "LineString", "coordinates": [ [ 36.8597309, -1.2645538 ], [ 36.8597496, -1.2643152 ], [ 36.8597526, -1.2642717 ], [ 36.8597703, -1.2641503 ], [ 36.8597886, -1.2640755 ], [ 36.8599803, -1.2635419 ], [ 36.8601234, -1.2631808 ], [ 36.8601396, -1.2631399 ], [ 36.8601973, -1.2629968 ], [ 36.8602752, -1.2627925 ], [ 36.8602782, -1.2627852 ], [ 36.860349, -1.2626185 ], [ 36.8604047, -1.2624971 ], [ 36.8604062, -1.2624864 ], [ 36.8604227, -1.2624336 ], [ 36.8604213, -1.2623753 ], [ 36.8604305, -1.2622301 ], [ 36.8604325, -1.2621295 ], [ 36.8604273, -1.2619739 ], [ 36.8604211, -1.2617916 ] ] } },
{ "type": "Feature", "properties": { "fid": 42, "osm_id": "107536387", "code": 8104, "fclass": "drain", "width": 0, "name": null }, "geometry": { "type": "LineString", "coordinates": [ [ 36.8609348, -1.263393 ], [ 36.8608854, -1.2632048 ], [ 36.8608313, -1.2630998 ], [ 36.8607541, -1.2628683 ], [ 36.860697, -1.2628529 ], [ 36.8604624, -1.262927 ], [ 36.8603852, -1.2629073 ] ] } },
{ "type": "Feature", "properties": { "fid": 43, "osm_id": "107536388", "code": 8104, "fclass": "drain", "width": 0, "name": null }, "geometry": { "type": "LineString", "coordinates": [ [ 36.8617652, -1.2635607 ], [ 36.86162, -1.2630603 ], [ 36.8616126, -1.2630327 ], [ 36.8615818, -1.2629172 ], [ 36.8615723, -1.2628816 ], [ 36.8615459, -1.2627827 ], [ 36.8615048, -1.262615 ], [ 36.861503, -1.262608 ], [ 36.8614464, -1.2623883 ], [ 36.8613893, -1.2622333 ], [ 36.8613508, -1.262142 ], [ 36.8613472, -1.2621336 ], [ 36.8613282, -1.2620885 ], [ 36.8613023, -1.261974 ] ] } },
{ "type": "Feature", "properties": { "fid": 44, "osm_id": "107536389", "code": 8104, "fclass": "drain", "width": 0, "name": null }, "geometry": { "type": "LineString", "coordinates": [ [ 36.8627542, -1.2627308 ], [ 36.8626753, -1.2625851 ], [ 36.8626371, -1.2625191 ], [ 36.8625315, -1.262318 ], [ 36.8624963, -1.2622469 ], [ 36.8624422, -1.2621376 ] ] } },
{ "type": "Feature", "properties": { "fid": 45, "osm_id": "107536390", "code": 8104, "fclass": "drain", "width": 0, "name": null }, "geometry": { "type": "LineString", "coordinates": [ [ 36.8617099, -1.2623396 ], [ 36.8617023, -1.2623841 ], [ 36.8616458, -1.2624514 ], [ 36.8616004, -1.2624941 ], [ 36.8615048, -1.262615 ] ] } },
{ "type": "Feature", "properties": { "fid": 46, "osm_id": "107536391", "code": 8104, "fclass": "drain", "width": 0, "name": null }, "geometry": { "type": "LineString", "coordinates": [ [ 36.8624805, -1.2619717 ], [ 36.8622859, -1.2616533 ] ] } },
{ "type": "Feature", "properties": { "fid": 47, "osm_id": "107536392", "code": 8104, "fclass": "drain", "width": 0, "name": null }, "geometry": { "type": "LineString", "coordinates": [ [ 36.8618459, -1.2617652 ], [ 36.8617366, -1.26157 ], [ 36.8616906, -1.2614982 ], [ 36.8616289, -1.261349 ], [ 36.8615087, -1.261157 ] ] } },
{ "type": "Feature", "properties": { "fid": 48, "osm_id": "107536393", "code": 8104, "fclass": "drain", "width": 0, "name": null }, "geometry": { "type": "LineString", "coordinates": [ [ 36.8621338, -1.262231 ], [ 36.8619039, -1.2618456 ] ] } },
{ "type": "Feature", "properties": { "fid": 49, "osm_id": "107536394", "code": 8104, "fclass": "drain", "width": 0, "name": null }, "geometry": { "type": "LineString", "coordinates": [ [ 36.8600157, -1.2625818 ], [ 36.8601323, -1.2625171 ], [ 36.8601604, -1.2624349 ], [ 36.8601376, -1.2623649 ], [ 36.8601156, -1.262279 ], [ 36.8601085, -1.262192 ] ] } },
{ "type": "Feature", "properties": { "fid": 50, "osm_id": "107536395", "code": 8104, "fclass": "drain", "width": 0, "name": null }, "geometry": { "type": "LineString", "coordinates": [ [ 36.8626335, -1.2627912 ], [ 36.8625827, -1.2626988 ], [ 36.8625151, -1.2625898 ], [ 36.8624187, -1.2624122 ], [ 36.862367, -1.262317 ], [ 36.8623302, -1.2622493 ] ] } },
{ "type": "Feature", "properties": { "fid": 51, "osm_id": "107536396", "code": 8104, "fclass": "drain", "width": 0, "name": null }, "geometry": { "type": "LineString", "coordinates": [ [ 36.8632013, -1.2626853 ], [ 36.8629148, -1.2620297 ] ] } },
{ "type": "Feature", "properties": { "fid": 52, "osm_id": "107536397", "code": 8104, "fclass": "drain", "width": 0, "name": null }, "geometry": { "type": "LineString", "coordinates": [ [ 36.8623844, -1.2620872 ], [ 36.8621577, -1.2617178 ] ] } },
{ "type": "Feature", "properties": { "fid": 53, "osm_id": "107536398", "code": 8104, "fclass": "drain", "width": 0, "name": null }, "geometry": { "type": "LineString", "coordinates": [ [ 36.8626147, -1.262618 ], [ 36.8625794, -1.2625525 ], [ 36.8624322, -1.2622816 ], [ 36.8623835, -1.2621951 ] ] } },
{ "type": "Feature", "properties": { "fid": 54, "osm_id": "107536399", "code": 8104, "fclass": "drain", "width": 0, "name": null }, "geometry": { "type": "LineString", "coordinates": [ [ 36.8622029, -1.2616443 ], [ 36.8620954, -1.2614593 ] ] } },
{ "type": "Feature", "properties": { "fid": 55, "osm_id": "107536400", "code": 8104, "fclass": "drain", "width": 0, "name": null }, "geometry": { "type": "LineString", "coordinates": [ [ 36.8624227, -1.2627622 ], [ 36.8623711, -1.2626734 ], [ 36.8622848, -1.2624801 ], [ 36.862221, -1.2623372 ] ] } },
{ "type": "Feature", "properties": { "fid": 56, "osm_id": "107536401", "code": 8104, "fclass": "drain", "width": 0, "name": null }, "geometry": { "type": "LineString", "coordinates": [ [ 36.8602703, -1.2635561 ], [ 36.8601787, -1.2632405 ], [ 36.8601234, -1.2631808 ] ] } },
{ "type": "Feature", "properties": { "fid": 57, "osm_id": "107536402", "code": 8104, "fclass": "drain", "width": 0, "name": null }, "geometry": { "type": "LineString", "coordinates": [ [ 36.8608854, -1.2632048 ], [ 36.8615769, -1.2618886 ], [ 36.8617799, -1.2615022 ], [ 36.8617478, -1.2614244 ], [ 36.8617182, -1.2614219 ], [ 36.8616861, -1.2613318 ], [ 36.861558, -1.2611377 ] ] } },
{ "type": "Feature", "properties": { "fid": 58, "osm_id": "107536403", "code": 8104, "fclass": "drain", "width": 0, "name": null }, "geometry": { "type": "LineString", "coordinates": [ [ 36.862254, -1.2621504 ], [ 36.8620315, -1.2617814 ] ] } },
{ "type": "Feature", "properties": { "fid": 59, "osm_id": "107536404", "code": 8104, "fclass": "drain", "width": 0, "name": null }, "geometry": { "type": "LineString", "coordinates": [ [ 36.8629464, -1.2628831 ], [ 36.8628617, -1.2626796 ], [ 36.8627657, -1.2624522 ], [ 36.8627637, -1.2624476 ], [ 36.8627334, -1.2623793 ], [ 36.8626208, -1.2621764 ], [ 36.8625456, -1.2620531 ] ] } },
{ "type": "Feature", "properties": { "fid": 60, "osm_id": "107536405", "code": 8104, "fclass": "drain", "width": 0, "name": null }, "geometry": { "type": "LineString", "coordinates": [ [ 36.8614507, -1.2618919 ], [ 36.8615641, -1.2619117 ], [ 36.8616928, -1.2619491 ], [ 36.8618286, -1.2618831 ], [ 36.8618557, -1.2618699 ] ] } },
{ "type": "Feature", "properties": { "fid": 61, "osm_id": "107536406", "code": 8104, "fclass": "drain", "width": 0, "name": null }, "geometry": { "type": "LineString", "coordinates": [ [ 36.8621689, -1.2628894 ], [ 36.8621286, -1.262814 ], [ 36.8620925, -1.2627631 ], [ 36.8620439, -1.2627168 ], [ 36.8619608, -1.2626427 ] ] } },
{ "type": "Feature", "properties": { "fid": 62, "osm_id": "107536407", "code": 8104, "fclass": "drain", "width": 0, "name": null }, "geometry": { "type": "LineString", "coordinates": [ [ 36.8598295, -1.2625595 ], [ 36.8600034, -1.262403 ], [ 36.8600239, -1.2623382 ], [ 36.8599951, -1.2622586 ] ] } },
{ "type": "Feature", "properties": { "fid": 63, "osm_id": "107536408", "code": 8104, "fclass": "drain", "width": 0, "name": null }, "geometry": { "type": "LineString", "coordinates": [ [ 36.862721, -1.26196 ], [ 36.8625456, -1.2620531 ], [ 36.8624891, -1.2620966 ], [ 36.8624422, -1.2621376 ], [ 36.8623835, -1.2621951 ], [ 36.8623302, -1.2622493 ], [ 36.862273, -1.2623049 ], [ 36.862221, -1.2623372 ], [ 36.8621495, -1.262379 ], [ 36.8621063, -1.2624006 ], [ 36.8620367, -1.2623016 ] ] } },
{ "type": "Feature", "properties": { "fid": 64, "osm_id": "107536409", "code": 8104, "fclass": "drain", "width": 0, "name": null }, "geometry": { "type": "LineString", "coordinates": [ [ 36.8628617, -1.2626796 ], [ 36.8627542, -1.2627308 ], [ 36.8626853, -1.2627643 ], [ 36.8626335, -1.2627912 ], [ 36.8625616, -1.2628305 ], [ 36.862399, -1.2629193 ] ] } },
{ "type": "Feature", "properties": { "fid": 65, "osm_id": "107536410", "code": 8104, "fclass": "drain", "width": 0, "name": null }, "geometry": { "type": "LineString", "coordinates": [ [ 36.8623173, -1.2621168 ], [ 36.8620938, -1.26175 ] ] } },
{ "type": "Feature", "properties": { "fid": 66, "osm_id": "107536412", "code": 8104, "fclass": "drain", "width": 0, "name": null }, "geometry": { "type": "LineString", "coordinates": [ [ 36.8618557, -1.2618699 ], [ 36.8618137, -1.2618482 ], [ 36.8618089, -1.2618398 ], [ 36.8616436, -1.2615511 ], [ 36.861607, -1.2614525 ], [ 36.8614509, -1.2611794 ] ] } },
{ "type": "Feature", "properties": { "fid": 67, "osm_id": "107536413", "code": 8104, "fclass": "drain", "width": 0, "name": null }, "geometry": { "type": "LineString", "coordinates": [ [ 36.8619376, -1.2628869 ], [ 36.861939, -1.262763 ], [ 36.8619608, -1.2626427 ], [ 36.8619593, -1.2625385 ], [ 36.8619599, -1.2624612 ], [ 36.861982, -1.2623967 ], [ 36.8620367, -1.2623016 ], [ 36.8619493, -1.2621578 ], [ 36.8619265, -1.2620932 ], [ 36.8619285, -1.2619855 ], [ 36.8618557, -1.2618699 ] ] } },
{ "type": "Feature", "properties": { "fid": 68, "osm_id": "107536414", "code": 8104, "fclass": "drain", "width": 0, "name": null }, "geometry": { "type": "LineString", "coordinates": [ [ 36.8627052, -1.2624806 ], [ 36.8625532, -1.2622115 ], [ 36.8624891, -1.2620966 ] ] } },
{ "type": "Feature", "properties": { "fid": 69, "osm_id": "107536415", "code": 8104, "fclass": "drain", "width": 0, "name": null }, "geometry": { "type": "LineString", "coordinates": [ [ 36.8628045, -1.2624389 ], [ 36.8627657, -1.2624522 ], [ 36.8627052, -1.2624806 ], [ 36.8626371, -1.2625191 ], [ 36.8625794, -1.2625525 ], [ 36.8625151, -1.2625898 ], [ 36.862441, -1.2626328 ], [ 36.8623711, -1.2626734 ], [ 36.8623043, -1.2627121 ], [ 36.8621852, -1.2627812 ], [ 36.8621286, -1.262814 ] ] } },
{ "type": "Feature", "properties": { "fid": 70, "osm_id": "107536416", "code": 8104, "fclass": "drain", "width": 0, "name": null }, "geometry": { "type": "LineString", "coordinates": [ [ 36.860518, -1.2639783 ], [ 36.8605643, -1.2637391 ], [ 36.860555, -1.2636573 ], [ 36.8604882, -1.2634123 ], [ 36.8604042, -1.2629806 ], [ 36.8603852, -1.2629073 ], [ 36.8602782, -1.2627852 ] ] } },
{ "type": "Feature", "properties": { "fid": 71, "osm_id": "107536417", "code": 8104, "fclass": "drain", "width": 0, "name": null }, "geometry": { "type": "LineString", "coordinates": [ [ 36.8609223, -1.2630711 ], [ 36.8608355, -1.2628299 ], [ 36.8607541, -1.2628683 ] ] } },
{ "type": "Feature", "properties": { "fid": 72, "osm_id": "107536418", "code": 8104, "fclass": "drain", "width": 0, "name": null }, "geometry": { "type": "LineString", "coordinates": [ [ 36.8622508, -1.2628669 ], [ 36.8621852, -1.2627812 ], [ 36.8621201, -1.262672 ], [ 36.8621468, -1.2626364 ], [ 36.8620233, -1.2624409 ], [ 36.861982, -1.2623967 ] ] } },
{ "type": "Feature", "properties": { "fid": 73, "osm_id": "107536419", "code": 8104, "fclass": "drain", "width": 0, "name": null }, "geometry": { "type": "LineString", "coordinates": [ [ 36.8625616, -1.2628305 ], [ 36.8625057, -1.2627451 ], [ 36.862441, -1.2626328 ], [ 36.8623488, -1.2624503 ] ] } },
{ "type": "Feature", "properties": { "fid": 74, "osm_id": "107536420", "code": 8104, "fclass": "drain", "width": 0, "name": null }, "geometry": { "type": "LineString", "coordinates": [ [ 36.8622171, -1.2622236 ], [ 36.8619699, -1.2618123 ] ] } },
{ "type": "Feature", "properties": { "fid": 75, "osm_id": "107536421", "code": 8104, "fclass": "drain", "width": 0, "name": null }, "geometry": { "type": "LineString", "coordinates": [ [ 36.8624083, -1.2615917 ], [ 36.8623515, -1.2616203 ], [ 36.8622859, -1.2616533 ], [ 36.8622214, -1.2616858 ], [ 36.8621577, -1.2617178 ], [ 36.8620938, -1.26175 ], [ 36.8620315, -1.2617814 ], [ 36.8619699, -1.2618123 ], [ 36.8619039, -1.2618456 ], [ 36.8618557, -1.2618699 ] ] } },
{ "type": "Feature", "properties": { "fid": 76, "osm_id": "107536422", "code": 8104, "fclass": "drain", "width": 0, "name": null }, "geometry": { "type": "LineString", "coordinates": [ [ 36.8623333, -1.261587 ], [ 36.8621942, -1.2613716 ] ] } },
{ "type": "Feature", "properties": { "fid": 77, "osm_id": "107536423", "code": 8104, "fclass": "drain", "width": 0, "name": null }, "geometry": { "type": "LineString", "coordinates": [ [ 36.8620734, -1.2617055 ], [ 36.8619341, -1.2614516 ], [ 36.8617379, -1.2610838 ] ] } },
{ "type": "Feature", "properties": { "fid": 78, "osm_id": "107536424", "code": 8104, "fclass": "drain", "width": 0, "name": null }, "geometry": { "type": "LineString", "coordinates": [ [ 36.8624425, -1.2620554 ], [ 36.8624116, -1.2620013 ], [ 36.8622214, -1.2616858 ] ] } },
{ "type": "Feature", "properties": { "fid": 79, "osm_id": "107536425", "code": 8104, "fclass": "drain", "width": 0, "name": null }, "geometry": { "type": "LineString", "coordinates": [ [ 36.861996, -1.2617256 ], [ 36.8618478, -1.2614688 ], [ 36.8617515, -1.2612701 ], [ 36.861695, -1.2611034 ] ] } },
{ "type": "Feature", "properties": { "fid": 80, "osm_id": "107536426", "code": 8104, "fclass": "drain", "width": 0, "name": null }, "geometry": { "type": "LineString", "coordinates": [ [ 36.8623595, -1.2627988 ], [ 36.8623043, -1.2627121 ], [ 36.8621495, -1.262379 ] ] } },
{ "type": "Feature", "properties": { "fid": 81, "osm_id": "107536427", "code": 8104, "fclass": "drain", "width": 0, "name": null }, "geometry": { "type": "LineString", "coordinates": [ [ 36.8625722, -1.261989 ], [ 36.8623515, -1.2616203 ] ] } },
{ "type": "Feature", "properties": { "fid": 82, "osm_id": "107536428", "code": 8104, "fclass": "drain", "width": 0, "name": null }, "geometry": { "type": "LineString", "coordinates": [ [ 36.8617984, -1.2626788 ], [ 36.8616805, -1.2628424 ], [ 36.8615818, -1.2629172 ] ] } },
{ "type": "Feature", "properties": { "fid": 83, "osm_id": "107536429", "code": 8104, "fclass": "drain", "width": 0, "name": null }, "geometry": { "type": "LineString", "coordinates": [ [ 36.8623488, -1.2624503 ], [ 36.862273, -1.2623049 ] ] } },
{ "type": "Feature", "properties": { "fid": 84, "osm_id": "107536430", "code": 8104, "fclass": "drain", "width": 0, "name": null }, "geometry": { "type": "LineString", "coordinates": [ [ 36.8625047, -1.2612705 ], [ 36.8623387, -1.2610068 ], [ 36.8621819, -1.2608899 ], [ 36.8620782, -1.2608126 ] ] } },
{ "type": "Feature", "properties": { "fid": 85, "osm_id": "107537654", "code": 8104, "fclass": "drain", "width": 0, "name": null }, "geometry": { "type": "LineString", "coordinates": [ [ 36.8635054, -1.2601398 ], [ 36.86337, -1.2601767 ] ] } },
{ "type": "Feature", "properties": { "fid": 86, "osm_id": "107537655", "code": 8104, "fclass": "drain", "width": 0, "name": null }, "geometry": { "type": "LineString", "coordinates": [ [ 36.8635375, -1.2605601 ], [ 36.8634886, -1.2604824 ], [ 36.86337, -1.2601767 ], [ 36.863304, -1.2600487 ], [ 36.8632913, -1.2599565 ], [ 36.8632605, -1.2598836 ], [ 36.8632441, -1.2598483 ], [ 36.8632305, -1.2598312 ], [ 36.863197, -1.2597891 ], [ 36.8631028, -1.259695 ], [ 36.8630527, -1.2596044 ], [ 36.8630375, -1.2595769 ] ] } },
{ "type": "Feature", "properties": { "fid": 87, "osm_id": "107537656", "code": 8104, "fclass": "drain", "width": 0, "name": null }, "geometry": { "type": "LineString", "coordinates": [ [ 36.8626531, -1.2607837 ], [ 36.862603, -1.2607097 ], [ 36.8625212, -1.2606623 ], [ 36.8624932, -1.2606027 ], [ 36.8624823, -1.2605786 ] ] } },
{ "type": "Feature", "properties": { "fid": 88, "osm_id": "107537657", "code": 8104, "fclass": "drain", "width": 0, "name": null }, "geometry": { "type": "LineString", "coordinates": [ [ 36.8637985, -1.2597817 ], [ 36.8637004, -1.2598179 ], [ 36.863576, -1.2598659 ] ] } },
{ "type": "Feature", "properties": { "fid": 89, "osm_id": "107537659", "code": 8104, "fclass": "drain", "width": 0, "name": null }, "geometry": { "type": "LineString", "coordinates": [ [ 36.8633689, -1.2609572 ], [ 36.8635379, -1.2608599 ], [ 36.8642864, -1.2604151 ], [ 36.8648946, -1.2600885 ] ] } },
{ "type": "Feature", "properties": { "fid": 90, "osm_id": "107537660", "code": 8104, "fclass": "drain", "width": 0, "name": null }, "geometry": { "type": "LineString", "coordinates": [ [ 36.8627568, -1.2606172 ], [ 36.8627608, -1.2605431 ] ] } },
{ "type": "Feature", "properties": { "fid": 91, "osm_id": "107537661", "code": 8104, "fclass": "drain", "width": 0, "name": null }, "geometry": { "type": "LineString", "coordinates": [ [ 36.862945, -1.2590495 ], [ 36.8628972, -1.2589284 ], [ 36.8628844, -1.2587642 ] ] } },
{ "type": "Feature", "properties": { "fid": 92, "osm_id": "107537662", "code": 8104, "fclass": "drain", "width": 0, "name": null }, "geometry": { "type": "LineString", "coordinates": [ [ 36.8630731, -1.259088 ], [ 36.8632375, -1.2589605 ] ] } },
{ "type": "Feature", "properties": { "fid": 93, "osm_id": "107537664", "code": 8104, "fclass": "drain", "width": 0, "name": null }, "geometry": { "type": "LineString", "coordinates": [ [ 36.863761, -1.2603053 ], [ 36.8636734, -1.260352 ], [ 36.8635785, -1.2604017 ], [ 36.8634886, -1.2604824 ] ] } },
{ "type": "Feature", "properties": { "fid": 94, "osm_id": "107537665", "code": 8104, "fclass": "drain", "width": 0, "name": null }, "geometry": { "type": "LineString", "coordinates": [ [ 36.8627608, -1.2605431 ], [ 36.8626187, -1.2605606 ], [ 36.8625102, -1.2605749 ], [ 36.8624823, -1.2605786 ], [ 36.862431, -1.260613 ], [ 36.8622992, -1.2606611 ], [ 36.8622396, -1.2606634 ], [ 36.8621526, -1.2606564 ] ] } },
{ "type": "Feature", "properties": { "fid": 95, "osm_id": "107537667", "code": 8104, "fclass": "drain", "width": 0, "name": null }, "geometry": { "type": "LineString", "coordinates": [ [ 36.8632441, -1.2598483 ], [ 36.8633753, -1.2597627 ], [ 36.8634512, -1.2597014 ], [ 36.8634975, -1.259594 ] ] } },
{ "type": "Feature", "properties": { "fid": 96, "osm_id": "107537668", "code": 8104, "fclass": "drain", "width": 0, "name": null }, "geometry": { "type": "LineString", "coordinates": [ [ 36.8631078, -1.2609327 ], [ 36.8630649, -1.2608924 ], [ 36.8630224, -1.260853 ], [ 36.8630342, -1.2608077 ], [ 36.8630181, -1.2606895 ], [ 36.8629699, -1.260596 ], [ 36.8629106, -1.2605524 ], [ 36.8628414, -1.2605267 ], [ 36.8627608, -1.2605431 ] ] } },
{ "type": "Feature", "properties": { "fid": 97, "osm_id": "107537669", "code": 8104, "fclass": "drain", "width": 0, "name": null }, "geometry": { "type": "LineString", "coordinates": [ [ 36.865367, -1.261044 ], [ 36.8650839, -1.260457 ], [ 36.8648946, -1.2600885 ], [ 36.8648827, -1.260061 ], [ 36.8646359, -1.2595434 ], [ 36.8640351, -1.2582834 ] ] } },
{ "type": "Feature", "properties": { "fid": 98, "osm_id": "107537670", "code": 8104, "fclass": "drain", "width": 0, "name": null }, "geometry": { "type": "LineString", "coordinates": [ [ 36.8636277, -1.2605903 ], [ 36.8635094, -1.2606832 ], [ 36.8633935, -1.2604705 ], [ 36.8633231, -1.2602715 ], [ 36.8632058, -1.2599305 ], [ 36.8632441, -1.2598483 ] ] } },
{ "type": "Feature", "properties": { "fid": 99, "osm_id": "107537672", "code": 8104, "fclass": "drain", "width": 0, "name": null }, "geometry": { "type": "LineString", "coordinates": [ [ 36.8640067, -1.2598287 ], [ 36.8639829, -1.2597813 ], [ 36.8639409, -1.2597612 ] ] } },
{ "type": "Feature", "properties": { "fid": 100, "osm_id": "107537673", "code": 8104, "fclass": "drain", "width": 0, "name": null }, "geometry": { "type": "LineString", "coordinates": [ [ 36.8635315, -1.2600324 ], [ 36.863576, -1.2598659 ], [ 36.8635363, -1.2597586 ], [ 36.863517, -1.259637 ], [ 36.8634975, -1.259594 ], [ 36.8634546, -1.259497 ], [ 36.863333, -1.2592091 ], [ 36.8633046, -1.259137 ], [ 36.8632375, -1.2589605 ], [ 36.8630733, -1.2586441 ] ] } },
{ "type": "Feature", "properties": { "fid": 101, "osm_id": "107537674", "code": 8104, "fclass": "drain", "width": 0, "name": null }, "geometry": { "type": "LineString", "coordinates": [ [ 36.8629464, -1.2610151 ], [ 36.8630224, -1.260853 ] ] } },
{ "type": "Feature", "properties": { "fid": 102, "osm_id": "107537675", "code": 8104, "fclass": "drain", "width": 0, "name": null }, "geometry": { "type": "LineString", "coordinates": [ [ 36.862953, -1.2604806 ], [ 36.862894, -1.2603552 ], [ 36.8628763, -1.2602915 ], [ 36.8628734, -1.2602812 ], [ 36.8628394, -1.2601591 ], [ 36.8628318, -1.2597765 ], [ 36.8629859, -1.259695 ], [ 36.8630375, -1.2595769 ], [ 36.8630231, -1.2595411 ], [ 36.8630147, -1.2595103 ], [ 36.8629822, -1.2594206 ], [ 36.8628844, -1.2593146 ], [ 36.8627016, -1.2591164 ], [ 36.8625536, -1.2589382 ] ] } },
{ "type": "Feature", "properties": { "fid": 103, "osm_id": "107537676", "code": 8104, "fclass": "drain", "width": 0, "name": null }, "geometry": { "type": "LineString", "coordinates": [ [ 36.8629048, -1.2604817 ], [ 36.8628414, -1.2605267 ] ] } },
{ "type": "Feature", "properties": { "fid": 104, "osm_id": "107678540", "code": 8104, "fclass": "drain", "width": 0, "name": null }, "geometry": { "type": "LineString", "coordinates": [ [ 36.8618868, -1.2626965 ], [ 36.861843, -1.2626501 ], [ 36.8618706, -1.2626034 ], [ 36.8618296, -1.2625626 ], [ 36.8617811, -1.2626179 ], [ 36.8617296, -1.2625732 ], [ 36.861768, -1.2625262 ], [ 36.8617019, -1.2624801 ], [ 36.8616458, -1.2624514 ] ] } },
{ "type": "Feature", "properties": { "fid": 105, "osm_id": "107678541", "code": 8104, "fclass": "drain", "width": 0, "name": null }, "geometry": { "type": "LineString", "coordinates": [ [ 36.8613655, -1.263042 ], [ 36.8612834, -1.26306 ], [ 36.8611834, -1.2630658 ] ] } },
{ "type": "Feature", "properties": { "fid": 106, "osm_id": "107678542", "code": 8104, "fclass": "drain", "width": 0, "name": null }, "geometry": { "type": "LineString", "coordinates": [ [ 36.8614176, -1.2626353 ], [ 36.8614515, -1.2626337 ], [ 36.861503, -1.262608 ] ] } },
{ "type": "Feature", "properties": { "fid": 107, "osm_id": "107678543", "code": 8104, "fclass": "drain", "width": 0, "name": null }, "geometry": { "type": "LineString", "coordinates": [ [ 36.861056, -1.2622825 ], [ 36.8609392, -1.2621884 ] ] } },
{ "type": "Feature", "properties": { "fid": 108, "osm_id": "107678544", "code": 8104, "fclass": "drain", "width": 0, "name": null }, "geometry": { "type": "LineString", "coordinates": [ [ 36.8612981, -1.2621947 ], [ 36.8613472, -1.2621336 ] ] } },
{ "type": "Feature", "properties": { "fid": 109, "osm_id": "107678545", "code": 8104, "fclass": "drain", "width": 0, "name": null }, "geometry": { "type": "LineString", "coordinates": [ [ 36.861654, -1.2625199 ], [ 36.8616004, -1.2624941 ] ] } },
{ "type": "Feature", "properties": { "fid": 110, "osm_id": "107678546", "code": 8104, "fclass": "drain", "width": 0, "name": null }, "geometry": { "type": "LineString", "coordinates": [ [ 36.8613548, -1.2621713 ], [ 36.8613508, -1.262142 ] ] } },
{ "type": "Feature", "properties": { "fid": 111, "osm_id": "107678547", "code": 8104, "fclass": "drain", "width": 0, "name": null }, "geometry": { "type": "LineString", "coordinates": [ [ 36.8616091, -1.262349 ], [ 36.861526, -1.2623475 ], [ 36.8615026, -1.2621967 ], [ 36.8616015, -1.262079 ], [ 36.8615528, -1.262022 ], [ 36.8614507, -1.2618919 ] ] } },
{ "type": "Feature", "properties": { "fid": 112, "osm_id": "107678548", "code": 8104, "fclass": "drain", "width": 0, "name": null }, "geometry": { "type": "LineString", "coordinates": [ [ 36.8613313, -1.2628319 ], [ 36.8611965, -1.2628686 ], [ 36.8611295, -1.2628732 ] ] } },
{ "type": "Feature", "properties": { "fid": 113, "osm_id": "107678549", "code": 8104, "fclass": "drain", "width": 0, "name": null }, "geometry": { "type": "LineString", "coordinates": [ [ 36.8614507, -1.2618919 ], [ 36.8613814, -1.2619161 ], [ 36.8613023, -1.261974 ], [ 36.8611983, -1.2620353 ], [ 36.8610901, -1.2621015 ], [ 36.8609937, -1.2621583 ], [ 36.8609392, -1.2621884 ], [ 36.8608977, -1.2622146 ], [ 36.8607624, -1.2622984 ], [ 36.8606632, -1.2623519 ], [ 36.860547, -1.2624103 ], [ 36.8604336, -1.2624715 ], [ 36.8604062, -1.2624864 ] ] } },
{ "type": "Feature", "properties": { "fid": 114, "osm_id": "107678550", "code": 8104, "fclass": "drain", "width": 0, "name": null }, "geometry": { "type": "LineString", "coordinates": [ [ 36.8613252, -1.2636736 ], [ 36.8612137, -1.2632736 ], [ 36.8611834, -1.2630658 ], [ 36.861148, -1.2629334 ], [ 36.8611295, -1.2628732 ], [ 36.8610877, -1.2627213 ], [ 36.8610361, -1.2626147 ], [ 36.8609901, -1.2624237 ], [ 36.8610361, -1.2624084 ], [ 36.8609796, -1.2622658 ], [ 36.8609392, -1.2621884 ] ] } },
{ "type": "Feature", "properties": { "fid": 115, "osm_id": "107678551", "code": 8104, "fclass": "drain", "width": 0, "name": null }, "geometry": { "type": "LineString", "coordinates": [ [ 36.8616635, -1.2629791 ], [ 36.8616387, -1.2630013 ], [ 36.861609, -1.2630243 ], [ 36.8616126, -1.2630327 ] ] } },
{ "type": "Feature", "properties": { "fid": 116, "osm_id": "107678552", "code": 8104, "fclass": "drain", "width": 0, "name": null }, "geometry": { "type": "LineString", "coordinates": [ [ 36.8613366, -1.2628963 ], [ 36.8612186, -1.2629324 ], [ 36.861148, -1.2629334 ] ] } },
{ "type": "Feature", "properties": { "fid": 117, "osm_id": "107678553", "code": 8104, "fclass": "drain", "width": 0, "name": null }, "geometry": { "type": "LineString", "coordinates": [ [ 36.8615152, -1.2629135 ], [ 36.8615723, -1.2628816 ] ] } },
{ "type": "Feature", "properties": { "fid": 118, "osm_id": "108414786", "code": 8104, "fclass": "drain", "width": 0, "name": null }, "geometry": { "type": "LineString", "coordinates": [ [ 36.8631237, -1.2611918 ], [ 36.8630453, -1.2611921 ], [ 36.8629889, -1.2612184 ], [ 36.862838, -1.2612888 ], [ 36.8628394, -1.2613138 ] ] } },
{ "type": "Feature", "properties": { "fid": 119, "osm_id": "108417651", "code": 8104, "fclass": "drain", "width": 0, "name": null }, "geometry": { "type": "LineString", "coordinates": [ [ 36.8627559, -1.2603969 ], [ 36.8628763, -1.2602915 ] ] } },
{ "type": "Feature", "properties": { "fid": 120, "osm_id": "108417652", "code": 8104, "fclass": "drain", "width": 0, "name": null }, "geometry": { "type": "LineString", "coordinates": [ [ 36.862899, -1.2602395 ], [ 36.8629907, -1.2602512 ], [ 36.8628734, -1.2602812 ] ] } },
{ "type": "Feature", "properties": { "fid": 121, "osm_id": "108418877", "code": 8104, "fclass": "drain", "width": 0, "name": null }, "geometry": { "type": "LineString", "coordinates": [ [ 36.8631157, -1.2600735 ], [ 36.8631398, -1.259841 ] ] } },
{ "type": "Feature", "properties": { "fid": 122, "osm_id": "108420156", "code": 8104, "fclass": "drain", "width": 0, "name": null }, "geometry": { "type": "LineString", "coordinates": [ [ 36.8609198, -1.2621699 ], [ 36.8609099, -1.2621453 ], [ 36.860894, -1.2621055 ], [ 36.8608661, -1.2620368 ], [ 36.8608538, -1.2619808 ], [ 36.8608394, -1.2619374 ], [ 36.8608124, -1.2618693 ], [ 36.8607479, -1.2617169 ], [ 36.8607288, -1.2617083 ], [ 36.8606877, -1.2617228 ], [ 36.8606762, -1.261729 ] ] } },
{ "type": "Feature", "properties": { "fid": 123, "osm_id": "108420160", "code": 8104, "fclass": "drain", "width": 0, "name": null }, "geometry": { "type": "LineString", "coordinates": [ [ 36.8608508, -1.2621758 ], [ 36.8607608, -1.2619337 ], [ 36.8607007, -1.2617834 ], [ 36.8606848, -1.2617403 ], [ 36.8606762, -1.261729 ], [ 36.8606686, -1.261722 ], [ 36.8606551, -1.2617138 ], [ 36.8606074, -1.2616943 ], [ 36.8606123, -1.2616434 ] ] } },
{ "type": "Feature", "properties": { "fid": 124, "osm_id": "108420163", "code": 8104, "fclass": "drain", "width": 0, "name": null }, "geometry": { "type": "LineString", "coordinates": [ [ 36.861231, -1.2617131 ], [ 36.861176, -1.2616616 ], [ 36.8610935, -1.2616873 ], [ 36.861023, -1.2617142 ], [ 36.8609784, -1.2616513 ], [ 36.8608942, -1.2616564 ] ] } },
{ "type": "Feature", "properties": { "fid": 125, "osm_id": "108420164", "code": 8104, "fclass": "drain", "width": 0, "name": null }, "geometry": { "type": "LineString", "coordinates": [ [ 36.8607716, -1.2622043 ], [ 36.8607286, -1.2620411 ], [ 36.8606749, -1.2619037 ], [ 36.8606298, -1.2618178 ], [ 36.860617, -1.2617778 ], [ 36.8605987, -1.2617753 ], [ 36.8605848, -1.2617745 ], [ 36.8605766, -1.261769 ], [ 36.86056, -1.2617318 ] ] } },
{ "type": "Feature", "properties": { "fid": 126, "osm_id": "108420166", "code": 8104, "fclass": "drain", "width": 0, "name": null }, "geometry": { "type": "LineString", "coordinates": [ [ 36.8605511, -1.2622955 ], [ 36.860566, -1.2621947 ], [ 36.8605757, -1.2621147 ], [ 36.8605389, -1.2621099 ], [ 36.8604921, -1.2620918 ], [ 36.8604731, -1.2620337 ], [ 36.8604273, -1.2619739 ] ] } },
{ "type": "Feature", "properties": { "fid": 127, "osm_id": "108420169", "code": 8104, "fclass": "drain", "width": 0, "name": null }, "geometry": { "type": "LineString", "coordinates": [ [ 36.8605889, -1.2621041 ], [ 36.860581, -1.2620584 ], [ 36.8605651, -1.2620188 ], [ 36.8605467, -1.2619757 ], [ 36.8605308, -1.2619528 ], [ 36.8605132, -1.2619458 ], [ 36.8605036, -1.2619352 ], [ 36.8604914, -1.2619089 ], [ 36.8604845, -1.2618908 ], [ 36.8604824, -1.2618763 ], [ 36.8605141, -1.2618464 ], [ 36.8605279, -1.261799 ], [ 36.86056, -1.2617318 ] ] } },
{ "type": "Feature", "properties": { "fid": 128, "osm_id": "108420172", "code": 8104, "fclass": "drain", "width": 0, "name": null }, "geometry": { "type": "LineString", "coordinates": [ [ 36.8609868, -1.2621421 ], [ 36.8609754, -1.2621095 ], [ 36.8609362, -1.261997 ], [ 36.8609043, -1.2618871 ], [ 36.8608768, -1.2618233 ], [ 36.8608405, -1.2617332 ], [ 36.8608124, -1.2616705 ], [ 36.8608053, -1.2616431 ], [ 36.8608061, -1.2616331 ], [ 36.8608107, -1.2615868 ] ] } },
{ "type": "Feature", "properties": { "fid": 129, "osm_id": "108420174", "code": 8104, "fclass": "drain", "width": 0, "name": null }, "geometry": { "type": "LineString", "coordinates": [ [ 36.8610402, -1.2620858 ], [ 36.8610367, -1.2620744 ], [ 36.8609684, -1.2618527 ], [ 36.8609492, -1.2617904 ], [ 36.8608942, -1.2616564 ], [ 36.8608909, -1.2616414 ], [ 36.8608866, -1.2616168 ], [ 36.8608849, -1.2616006 ], [ 36.8608801, -1.2615459 ] ] } },
{ "type": "Feature", "properties": { "fid": 130, "osm_id": "108420176", "code": 8104, "fclass": "drain", "width": 0, "name": null }, "geometry": { "type": "LineString", "coordinates": [ [ 36.8610193, -1.2618398 ], [ 36.8609684, -1.2618527 ] ] } },
{ "type": "Feature", "properties": { "fid": 131, "osm_id": "108420177", "code": 8104, "fclass": "drain", "width": 0, "name": null }, "geometry": { "type": "LineString", "coordinates": [ [ 36.8607154, -1.2622938 ], [ 36.8607057, -1.2622631 ], [ 36.8606659, -1.2621371 ], [ 36.8606205, -1.2619983 ], [ 36.8605698, -1.2618682 ], [ 36.8605544, -1.2618435 ], [ 36.8605432, -1.2618243 ], [ 36.8605399, -1.2618177 ], [ 36.8605319, -1.2618037 ], [ 36.8605279, -1.261799 ] ] } },
{ "type": "Feature", "properties": { "fid": 132, "osm_id": "108420179", "code": 8104, "fclass": "drain", "width": 0, "name": null }, "geometry": { "type": "LineString", "coordinates": [ [ 36.86056, -1.2617318 ], [ 36.8605634, -1.2616818 ] ] } },
{ "type": "Feature", "properties": { "fid": 133, "osm_id": "108421192", "code": 8104, "fclass": "drain", "width": 0, "name": null }, "geometry": { "type": "LineString", "coordinates": [ [ 36.8632734, -1.2597571 ], [ 36.8632305, -1.2598312 ] ] } },
{ "type": "Feature", "properties": { "fid": 134, "osm_id": "108422032", "code": 8104, "fclass": "drain", "width": 0, "name": null }, "geometry": { "type": "LineString", "coordinates": [ [ 36.8627951, -1.2598768 ], [ 36.8627545, -1.2598833 ] ] } },
{ "type": "Feature", "properties": { "fid": 135, "osm_id": "108425884", "code": 8104, "fclass": "drain", "width": 0, "name": null }, "geometry": { "type": "LineString", "coordinates": [ [ 36.862758, -1.2599654 ], [ 36.8627384, -1.2599307 ], [ 36.8627545, -1.2598833 ], [ 36.8627474, -1.2598395 ], [ 36.8628318, -1.2597765 ] ] } },
{ "type": "Feature", "properties": { "fid": 136, "osm_id": "108428348", "code": 8104, "fclass": "drain", "width": 0, "name": null }, "geometry": { "type": "LineString", "coordinates": [ [ 36.8625602, -1.2598081 ], [ 36.8624004, -1.2598185 ] ] } },
{ "type": "Feature", "properties": { "fid": 137, "osm_id": "108428349", "code": 8104, "fclass": "drain", "width": 0, "name": null }, "geometry": { "type": "LineString", "coordinates": [ [ 36.8623671, -1.2597628 ], [ 36.8624004, -1.2598185 ], [ 36.8620299, -1.2599376 ], [ 36.8618929, -1.2599873 ] ] } },
{ "type": "Feature", "properties": { "fid": 138, "osm_id": "108428350", "code": 8104, "fclass": "drain", "width": 0, "name": null }, "geometry": { "type": "LineString", "coordinates": [ [ 36.8631036, -1.2595617 ], [ 36.8630866, -1.2595852 ], [ 36.8630527, -1.2596044 ] ] } },
{ "type": "Feature", "properties": { "fid": 139, "osm_id": "108429053", "code": 8104, "fclass": "drain", "width": 0, "name": null }, "geometry": { "type": "LineString", "coordinates": [ [ 36.8623541, -1.2601124 ], [ 36.8623692, -1.2602367 ], [ 36.8623421, -1.2604402 ], [ 36.8622328, -1.2604973 ], [ 36.8621363, -1.2605608 ] ] } },
{ "type": "Feature", "properties": { "fid": 140, "osm_id": "108429054", "code": 8104, "fclass": "drain", "width": 0, "name": null }, "geometry": { "type": "LineString", "coordinates": [ [ 36.8621517, -1.2600458 ], [ 36.8621912, -1.2600906 ], [ 36.8621434, -1.2601769 ] ] } },
{ "type": "Feature", "properties": { "fid": 141, "osm_id": "108429266", "code": 8104, "fclass": "drain", "width": 0, "name": null }, "geometry": { "type": "LineString", "coordinates": [ [ 36.8624728, -1.2605281 ], [ 36.8624717, -1.2605458 ], [ 36.8624878, -1.2605603 ] ] } },
{ "type": "Feature", "properties": { "fid": 142, "osm_id": "108429629", "code": 8104, "fclass": "drain", "width": 0, "name": null }, "geometry": { "type": "LineString", "coordinates": [ [ 36.8624728, -1.2605281 ], [ 36.8623905, -1.2604917 ], [ 36.8623421, -1.2604402 ] ] } },
{ "type": "Feature", "properties": { "fid": 143, "osm_id": "108429764", "code": 8104, "fclass": "drain", "width": 0, "name": null }, "geometry": { "type": "LineString", "coordinates": [ [ 36.8625815, -1.2603751 ], [ 36.8625201, -1.260565 ], [ 36.8625102, -1.2605749 ] ] } },
{ "type": "Feature", "properties": { "fid": 144, "osm_id": "108430319", "code": 8104, "fclass": "drain", "width": 0, "name": null }, "geometry": { "type": "LineString", "coordinates": [ [ 36.8621394, -1.2598141 ], [ 36.862072, -1.2598293 ], [ 36.8620445, -1.2597871 ] ] } },
{ "type": "Feature", "properties": { "fid": 145, "osm_id": "108430320", "code": 8104, "fclass": "drain", "width": 0, "name": null }, "geometry": { "type": "LineString", "coordinates": [ [ 36.8623886, -1.2597186 ], [ 36.8622986, -1.2596718 ], [ 36.8620445, -1.2597871 ] ] } },
{ "type": "Feature", "properties": { "fid": 146, "osm_id": "108430580", "code": 8104, "fclass": "drain", "width": 0, "name": null }, "geometry": { "type": "LineString", "coordinates": [ [ 36.8623955, -1.2595304 ], [ 36.8623747, -1.259505 ], [ 36.8622908, -1.2595096 ], [ 36.8622271, -1.2595479 ], [ 36.862117, -1.2595673 ], [ 36.8620264, -1.2595761 ], [ 36.861941, -1.25951 ] ] } },
{ "type": "Feature", "properties": { "fid": 147, "osm_id": "108430581", "code": 8104, "fclass": "drain", "width": 0, "name": null }, "geometry": { "type": "LineString", "coordinates": [ [ 36.8623445, -1.2595962 ], [ 36.8620722, -1.2596525 ], [ 36.8620264, -1.2595761 ] ] } },
{ "type": "Feature", "properties": { "fid": 148, "osm_id": "108430673", "code": 8104, "fclass": "drain", "width": 0, "name": null }, "geometry": { "type": "LineString", "coordinates": [ [ 36.8631954, -1.2594573 ], [ 36.8630867, -1.259307 ], [ 36.8630109, -1.2592849 ], [ 36.8628955, -1.2593111 ], [ 36.8628844, -1.2593146 ] ] } },
{ "type": "Feature", "properties": { "fid": 149, "osm_id": "108433193", "code": 8104, "fclass": "drain", "width": 0, "name": null }, "geometry": { "type": "LineString", "coordinates": [ [ 36.8625971, -1.2594752 ], [ 36.8621623, -1.2591106 ] ] } },
{ "type": "Feature", "properties": { "fid": 150, "osm_id": "108433195", "code": 8104, "fclass": "drain", "width": 0, "name": null }, "geometry": { "type": "LineString", "coordinates": [ [ 36.8627121, -1.2593704 ], [ 36.8623311, -1.2590163 ] ] } },
{ "type": "Feature", "properties": { "fid": 151, "osm_id": "108433196", "code": 8104, "fclass": "drain", "width": 0, "name": null }, "geometry": { "type": "LineString", "coordinates": [ [ 36.8626618, -1.2594249 ], [ 36.8622493, -1.2590271 ] ] } },
{ "type": "Feature", "properties": { "fid": 152, "osm_id": "108435233", "code": 8104, "fclass": "drain", "width": 0, "name": null }, "geometry": { "type": "LineString", "coordinates": [ [ 36.8638913, -1.2596429 ], [ 36.8638139, -1.2595061 ], [ 36.8637506, -1.2593751 ], [ 36.8636948, -1.2592292 ], [ 36.8635541, -1.258888 ], [ 36.8633734, -1.2585189 ] ] } },
{ "type": "Feature", "properties": { "fid": 153, "osm_id": "108435234", "code": 8104, "fclass": "drain", "width": 0, "name": null }, "geometry": { "type": "LineString", "coordinates": [ [ 36.8640854, -1.2596433 ], [ 36.863744, -1.2589701 ], [ 36.8635862, -1.2585891 ], [ 36.8635397, -1.2584704 ] ] } },
{ "type": "Feature", "properties": { "fid": 154, "osm_id": "108435235", "code": 8104, "fclass": "drain", "width": 0, "name": null }, "geometry": { "type": "LineString", "coordinates": [ [ 36.8636792, -1.259742 ], [ 36.8636076, -1.2595867 ], [ 36.8635511, -1.2594611 ], [ 36.8634907, -1.2593193 ], [ 36.8634411, -1.2591825 ], [ 36.8634005, -1.2591081 ], [ 36.8633656, -1.2589561 ], [ 36.8631981, -1.2585873 ] ] } },
{ "type": "Feature", "properties": { "fid": 155, "osm_id": "108435236", "code": 8104, "fclass": "drain", "width": 0, "name": null }, "geometry": { "type": "LineString", "coordinates": [ [ 36.8638244, -1.2596805 ], [ 36.8637558, -1.2595287 ], [ 36.8636976, -1.2593993 ], [ 36.863631, -1.2592573 ], [ 36.8635433, -1.2590819 ], [ 36.8633149, -1.2585405 ] ] } },
{ "type": "Feature", "properties": { "fid": 156, "osm_id": "108435237", "code": 8104, "fclass": "drain", "width": 0, "name": null }, "geometry": { "type": "LineString", "coordinates": [ [ 36.8637513, -1.2597075 ], [ 36.8636826, -1.2595565 ], [ 36.8636283, -1.2594311 ], [ 36.8635595, -1.2592889 ], [ 36.8635019, -1.2591672 ], [ 36.8634713, -1.2590869 ], [ 36.8632613, -1.258562 ] ] } },
{ "type": "Feature", "properties": { "fid": 157, "osm_id": "108435238", "code": 8104, "fclass": "drain", "width": 0, "name": null }, "geometry": { "type": "LineString", "coordinates": [ [ 36.8639627, -1.2596032 ], [ 36.8637905, -1.2592716 ], [ 36.8637568, -1.2592018 ], [ 36.8637346, -1.2591421 ], [ 36.8634727, -1.2584895 ] ] } },
{ "type": "Feature", "properties": { "fid": 158, "osm_id": "112470624", "code": 8101, "fclass": "river", "width": 0, "name": "Nairobi River" }, "geometry": { "type": "LineString", "coordinates": [ [ 36.9211652, -1.2412743 ], [ 36.9215568, -1.2412066 ], [ 36.921758, -1.2411221 ], [ 36.922233, -1.2408887 ], [ 36.9226204, -1.2407326 ], [ 36.9230519, -1.2404627 ], [ 36.923147, -1.2405493 ], [ 36.9233484, -1.240565 ], [ 36.923599, -1.2406983 ], [ 36.9236376, -1.240657 ], [ 36.9239312, -1.2407192 ], [ 36.9241269, -1.2409713 ], [ 36.9243167, -1.2412263 ], [ 36.9247334, -1.2415214 ], [ 36.9249261, -1.2417246 ], [ 36.9250121, -1.2419944 ], [ 36.9253324, -1.2421575 ], [ 36.9258309, -1.2421733 ], [ 36.9261367, -1.2421116 ], [ 36.9264919, -1.2420434 ], [ 36.9269521, -1.2418032 ], [ 36.9272927, -1.2416745 ], [ 36.9276039, -1.2416034 ], [ 36.9279284, -1.2413755 ], [ 36.9280934, -1.2412219 ], [ 36.9283766, -1.2410099 ], [ 36.9285927, -1.2408873 ], [ 36.9289517, -1.240614 ], [ 36.9291459, -1.2405213 ], [ 36.9294989, -1.240567 ], [ 36.9300889, -1.2405576 ], [ 36.9305355, -1.2405442 ], [ 36.9307997, -1.2405657 ], [ 36.9309311, -1.2406542 ], [ 36.9310486, -1.2407414 ], [ 36.9311254, -1.2408944 ], [ 36.9310905, -1.2409611 ], [ 36.9310832, -1.2409948 ], [ 36.931002, -1.2410543 ], [ 36.9309745, -1.2410569 ], [ 36.9309256, -1.241115 ], [ 36.9309463, -1.2411763 ], [ 36.9309866, -1.2412131 ], [ 36.9310878, -1.2412152 ], [ 36.9311113, -1.24125 ], [ 36.9311623, -1.2412768 ], [ 36.9312052, -1.2413114 ], [ 36.9313436, -1.2413171 ], [ 36.9314405, -1.2413559 ], [ 36.931513, -1.2413868 ], [ 36.9316466, -1.2413892 ], [ 36.9317589, -1.2413394 ], [ 36.932074, -1.2413117 ], [ 36.9323781, -1.2412381 ], [ 36.9329412, -1.2409669 ], [ 36.9332794, -1.2409894 ], [ 36.9336509, -1.2412119 ], [ 36.9337823, -1.2413192 ], [ 36.9341026, -1.2416163 ], [ 36.9346728, -1.2421306 ], [ 36.9347675, -1.2422608 ], [ 36.9349069, -1.2423704 ], [ 36.9349945, -1.2424339 ], [ 36.9350818, -1.242494 ], [ 36.9353123, -1.2425492 ], [ 36.9355012, -1.2424106 ], [ 36.9355689, -1.2423171 ], [ 36.9356515, -1.2421332 ], [ 36.9356948, -1.2420593 ], [ 36.9357727, -1.2419136 ], [ 36.9358849, -1.2417066 ], [ 36.9360785, -1.2414702 ], [ 36.9362037, -1.2413207 ], [ 36.9364946, -1.2410473 ], [ 36.936838, -1.2408759 ], [ 36.937092, -1.2408325 ], [ 36.9373548, -1.2409056 ], [ 36.9375747, -1.2410147 ], [ 36.9377157, -1.2411068 ], [ 36.9380919, -1.2413291 ], [ 36.9382335, -1.241437 ], [ 36.9384914, -1.241653 ], [ 36.9389232, -1.2419683 ], [ 36.939138, -1.2419735 ], [ 36.9392927, -1.2420444 ], [ 36.9393798, -1.2422017 ], [ 36.9394575, -1.2423435 ], [ 36.9396372, -1.2425717 ], [ 36.9399068, -1.2428033 ], [ 36.9401637, -1.2429755 ], [ 36.9404475, -1.2430942 ], [ 36.9407016, -1.2431307 ], [ 36.9410028, -1.2432352 ], [ 36.9412416, -1.2433638 ], [ 36.941381, -1.2434973 ], [ 36.9416273, -1.2436756 ], [ 36.9418055, -1.2437978 ], [ 36.9422151, -1.2440308 ], [ 36.9423955, -1.2441551 ], [ 36.9426802, -1.2443252 ], [ 36.942917, -1.2444276 ], [ 36.9430826, -1.2444468 ], [ 36.943568, -1.2443605 ], [ 36.944041, -1.2442711 ], [ 36.9442675, -1.2442711 ], [ 36.9445017, -1.2444499 ], [ 36.9448977, -1.2443066 ], [ 36.9456157, -1.2440015 ], [ 36.9462274, -1.2438382 ], [ 36.946494, -1.2436764 ], [ 36.9469347, -1.2436224 ], [ 36.9471781, -1.2436764 ], [ 36.9474786, -1.2435731 ], [ 36.9479069, -1.2433667 ], [ 36.9482613, -1.2432758 ], [ 36.9484632, -1.2433775 ], [ 36.9486989, -1.2432973 ], [ 36.9491812, -1.2432557 ], [ 36.9496789, -1.2431725 ], [ 36.9499408, -1.2432141 ], [ 36.9504139, -1.2430785 ], [ 36.9508808, -1.2431155 ], [ 36.9511442, -1.2431232 ], [ 36.9516003, -1.243248 ], [ 36.9519331, -1.2434037 ], [ 36.9522567, -1.243607 ], [ 36.9526804, -1.2436394 ], [ 36.9529069, -1.2436702 ], [ 36.9532613, -1.2437519 ], [ 36.953719, -1.2439399 ], [ 36.9539256, -1.2439615 ], [ 36.9540447, -1.2440547 ], [ 36.9540737, -1.244194 ], [ 36.9541231, -1.2444678 ] ] } },
{ "type": "Feature", "properties": { "fid": 159, "osm_id": "112470648", "code": 8102, "fclass": "stream", "width": 0, "name": "Mathare River" }, "geometry": { "type": "LineString", "coordinates": [ [ 36.8389739, -1.2633924 ], [ 36.8390529, -1.2634579 ], [ 36.8391136, -1.26363 ], [ 36.8392166, -1.2637288 ], [ 36.8393062, -1.263702 ], [ 36.8394561, -1.2636634 ], [ 36.8395484, -1.2636485 ], [ 36.8396391, -1.2635935 ], [ 36.8397487, -1.26358 ], [ 36.8398224, -1.2636163 ], [ 36.8398518, -1.26369 ], [ 36.8399783, -1.2637388 ], [ 36.8401608, -1.2637904 ], [ 36.840267, -1.2637975 ], [ 36.8404582, -1.2638289 ], [ 36.8405365, -1.26385 ], [ 36.8406606, -1.2638835 ], [ 36.840798, -1.2639334 ], [ 36.8408989, -1.2639475 ], [ 36.8410792, -1.2639389 ], [ 36.8412478, -1.2639526 ], [ 36.8413881, -1.2639646 ], [ 36.8415856, -1.2639732 ], [ 36.8417744, -1.2640075 ], [ 36.842073, -1.2640226 ], [ 36.8425039, -1.2640504 ], [ 36.8427529, -1.2640247 ], [ 36.8429331, -1.2640075 ], [ 36.8430104, -1.2639598 ], [ 36.842992, -1.263749 ], [ 36.8429652, -1.2636461 ], [ 36.8429357, -1.2635238 ], [ 36.8429518, -1.2634061 ], [ 36.8430081, -1.2633334 ], [ 36.8430895, -1.2632671 ], [ 36.8431906, -1.2632352 ], [ 36.8433537, -1.2632352 ], [ 36.8435425, -1.2632095 ], [ 36.8437399, -1.2631666 ], [ 36.8439287, -1.2631151 ], [ 36.844109, -1.2631151 ], [ 36.8442549, -1.2630722 ], [ 36.8443493, -1.2630808 ], [ 36.8445553, -1.2630894 ], [ 36.8446926, -1.263158 ], [ 36.84483, -1.2631666 ], [ 36.8449504, -1.2631929 ], [ 36.8451304, -1.2632352 ], [ 36.8452162, -1.2632009 ], [ 36.8452924, -1.2630937 ], [ 36.8453621, -1.2630894 ], [ 36.8454737, -1.262995 ], [ 36.8456024, -1.2628234 ], [ 36.8456711, -1.2626861 ], [ 36.8457655, -1.2626002 ], [ 36.8458771, -1.2625573 ], [ 36.8459629, -1.262626 ], [ 36.8461088, -1.262626 ], [ 36.8462204, -1.2626861 ], [ 36.8462891, -1.262729 ], [ 36.8463749, -1.2627719 ], [ 36.846538, -1.2628148 ], [ 36.8468212, -1.262892 ], [ 36.8470186, -1.2630207 ], [ 36.8471131, -1.2631151 ], [ 36.8472847, -1.263261 ], [ 36.8474306, -1.2632867 ], [ 36.8475165, -1.2632352 ], [ 36.8476345, -1.26301 ], [ 36.8477073, -1.262966 ], [ 36.8477831, -1.2629628 ], [ 36.8478709, -1.2629808 ], [ 36.8479163, -1.2630223 ], [ 36.847958, -1.2630926 ], [ 36.8479823, -1.2631419 ], [ 36.8480285, -1.2632041 ], [ 36.8480819, -1.2632969 ], [ 36.8481519, -1.2633953 ], [ 36.8482116, -1.2634527 ], [ 36.8482723, -1.2635069 ], [ 36.8483672, -1.2635981 ], [ 36.8485185, -1.2637094 ], [ 36.8486459, -1.2637843 ], [ 36.8487205, -1.2638365 ], [ 36.848749, -1.2639618 ], [ 36.8487698, -1.2640848 ], [ 36.8488736, -1.264153 ], [ 36.8490192, -1.2642022 ], [ 36.8491349, -1.2641885 ], [ 36.8492515, -1.2641453 ], [ 36.8494223, -1.2641052 ], [ 36.8495687, -1.264047 ], [ 36.8497566, -1.2639989 ], [ 36.8499274, -1.2639702 ], [ 36.850057, -1.2638874 ], [ 36.8502287, -1.2638531 ], [ 36.8503067, -1.263803 ], [ 36.8503489, -1.2637758 ], [ 36.8504202, -1.2636714 ], [ 36.8503918, -1.2635785 ], [ 36.8505291, -1.2634583 ], [ 36.8506664, -1.2634583 ], [ 36.8508209, -1.2635442 ], [ 36.8508854, -1.2635878 ], [ 36.8509514, -1.2636295 ], [ 36.8510924, -1.2637382 ], [ 36.8511721, -1.2637641 ], [ 36.8512419, -1.2638018 ], [ 36.8514231, -1.2638799 ], [ 36.8515775, -1.2639407 ], [ 36.851724, -1.2640111 ], [ 36.8518739, -1.2641689 ], [ 36.8519492, -1.26424 ], [ 36.8520278, -1.2642264 ], [ 36.852123, -1.264165 ], [ 36.852262, -1.2641071 ], [ 36.8523543, -1.2639797 ], [ 36.8524762, -1.2638308 ], [ 36.8525633, -1.2637501 ], [ 36.852729, -1.2637463 ], [ 36.8528993, -1.2637515 ], [ 36.853001, -1.2637038 ], [ 36.8531667, -1.263648 ], [ 36.8533105, -1.2636194 ], [ 36.8534226, -1.263618 ], [ 36.8535739, -1.2636542 ], [ 36.8538005, -1.2637489 ], [ 36.8539763, -1.263771 ], [ 36.8540859, -1.2637889 ], [ 36.8541979, -1.2638203 ], [ 36.8543361, -1.2638523 ], [ 36.8544727, -1.2638769 ], [ 36.854673, -1.2639068 ], [ 36.854843, -1.263894 ], [ 36.8550524, -1.2638617 ], [ 36.8552155, -1.2638617 ], [ 36.8557305, -1.2640504 ], [ 36.8558935, -1.2641191 ], [ 36.8560824, -1.2640848 ], [ 36.8563055, -1.2639989 ], [ 36.8565458, -1.2639732 ], [ 36.8567518, -1.2640333 ], [ 36.8570351, -1.2641191 ], [ 36.8572153, -1.2641448 ], [ 36.857387, -1.2642306 ], [ 36.8576101, -1.2641791 ], [ 36.8578762, -1.2641534 ], [ 36.8581595, -1.2641448 ], [ 36.8583483, -1.2640848 ], [ 36.8586229, -1.2639989 ], [ 36.8589234, -1.2639475 ], [ 36.8590092, -1.2638273 ], [ 36.8589663, -1.2636643 ], [ 36.8588633, -1.2634669 ], [ 36.8588461, -1.2633296 ], [ 36.8587946, -1.2631923 ], [ 36.8589834, -1.2630722 ], [ 36.8591293, -1.2629435 ], [ 36.8592409, -1.2628491 ], [ 36.8593525, -1.2627204 ], [ 36.8593565, -1.2625182 ], [ 36.8595242, -1.2624544 ], [ 36.8597458, -1.2623705 ], [ 36.8599329, -1.2622952 ], [ 36.8602022, -1.2621369 ], [ 36.8602966, -1.2618794 ], [ 36.8604426, -1.2617765 ], [ 36.8605634, -1.2616818 ], [ 36.8606123, -1.2616434 ], [ 36.8606228, -1.2616306 ], [ 36.8607945, -1.2615963 ], [ 36.8608107, -1.2615868 ], [ 36.8608801, -1.2615459 ], [ 36.8609404, -1.2615105 ], [ 36.8610605, -1.2615105 ], [ 36.8613009, -1.261356 ], [ 36.8614382, -1.2611844 ], [ 36.8615712, -1.2611326 ], [ 36.8617171, -1.2610982 ], [ 36.8618287, -1.261021 ], [ 36.8619489, -1.2609352 ], [ 36.86204, -1.2608608 ], [ 36.8621146, -1.2607668 ], [ 36.8621393, -1.2607126 ], [ 36.8621526, -1.2606564 ], [ 36.8621453, -1.2605795 ], [ 36.8621363, -1.2605608 ], [ 36.8620776, -1.2604384 ], [ 36.8619781, -1.2602761 ], [ 36.86194, -1.2601451 ], [ 36.8619049, -1.2600579 ], [ 36.8618929, -1.2599873 ], [ 36.8618859, -1.2599464 ], [ 36.8618834, -1.2598059 ], [ 36.8619212, -1.2595706 ], [ 36.861941, -1.25951 ], [ 36.8619676, -1.2594286 ], [ 36.8620686, -1.25928 ], [ 36.8621431, -1.2591338 ], [ 36.8621623, -1.2591106 ], [ 36.8622043, -1.25906 ], [ 36.8622493, -1.2590271 ], [ 36.8623311, -1.2590163 ], [ 36.8624209, -1.2590045 ], [ 36.8625536, -1.2589382 ], [ 36.8625926, -1.2589187 ], [ 36.8627557, -1.25885 ], [ 36.8628844, -1.2587642 ], [ 36.8630733, -1.2586441 ], [ 36.8631848, -1.2585926 ], [ 36.8631981, -1.2585873 ], [ 36.8632613, -1.258562 ], [ 36.8633149, -1.2585405 ], [ 36.8633565, -1.2585239 ], [ 36.8633734, -1.2585189 ], [ 36.8634727, -1.2584895 ], [ 36.8635397, -1.2584704 ], [ 36.8636226, -1.2584467 ], [ 36.8638028, -1.2583866 ], [ 36.8639144, -1.2583437 ], [ 36.8640351, -1.2582834 ], [ 36.8641032, -1.2582493 ], [ 36.8641376, -1.2581893 ], [ 36.8642151, -1.2580656 ], [ 36.8643178, -1.257846 ], [ 36.8644186, -1.2576622 ], [ 36.8645127, -1.2574956 ], [ 36.8646075, -1.2573475 ], [ 36.864689, -1.2572282 ], [ 36.8648281, -1.2571407 ], [ 36.8649417, -1.2571239 ], [ 36.8650581, -1.2571448 ], [ 36.8652268, -1.2572046 ], [ 36.8653089, -1.2572371 ], [ 36.8653943, -1.2572451 ], [ 36.8655253, -1.2572368 ], [ 36.8657168, -1.2572058 ], [ 36.8658431, -1.2572027 ], [ 36.8660087, -1.2572119 ], [ 36.8662579, -1.2572151 ], [ 36.8664597, -1.2571661 ], [ 36.866674, -1.2570937 ], [ 36.8669285, -1.2570155 ], [ 36.8671607, -1.256958 ], [ 36.8673598, -1.2568828 ], [ 36.8676309, -1.2567562 ], [ 36.8678474, -1.256653 ], [ 36.8679839, -1.256599 ], [ 36.8681384, -1.2565715 ], [ 36.868305, -1.2565666 ], [ 36.8684545, -1.2565666 ], [ 36.8686608, -1.2565503 ], [ 36.8687724, -1.2564988 ], [ 36.8688588, -1.2564097 ], [ 36.8689336, -1.2562796 ], [ 36.868987, -1.2561899 ], [ 36.8690866, -1.2560678 ], [ 36.8691676, -1.2559167 ], [ 36.8692445, -1.2557523 ], [ 36.8692874, -1.2556064 ], [ 36.8693475, -1.2554948 ], [ 36.8694247, -1.2553833 ], [ 36.8695363, -1.2552546 ], [ 36.8696114, -1.2551469 ], [ 36.8696352, -1.2550647 ], [ 36.8696814, -1.25498 ], [ 36.869762, -1.2548823 ], [ 36.8698323, -1.254753 ], [ 36.8698882, -1.2546882 ], [ 36.8699896, -1.2545947 ], [ 36.8700942, -1.2545166 ], [ 36.8703174, -1.254345 ], [ 36.8704801, -1.2542653 ], [ 36.870744, -1.2541767 ], [ 36.8709381, -1.2541468 ], [ 36.8711557, -1.2541774 ], [ 36.8712778, -1.2541836 ], [ 36.8714257, -1.254191 ], [ 36.8715362, -1.2541874 ], [ 36.8717325, -1.2541719 ], [ 36.8718598, -1.254141 ], [ 36.8720537, -1.254124 ], [ 36.8721686, -1.2541067 ], [ 36.8722966, -1.2540668 ], [ 36.8725031, -1.2539556 ], [ 36.8726498, -1.2538965 ], [ 36.8727721, -1.2538473 ], [ 36.8728552, -1.2538106 ], [ 36.8729047, -1.2537274 ], [ 36.8729383, -1.2536201 ], [ 36.8729695, -1.2535298 ], [ 36.8730541, -1.2534001 ], [ 36.8731851, -1.253286 ], [ 36.8732738, -1.2532144 ], [ 36.8733562, -1.2531614 ], [ 36.8735547, -1.2530572 ], [ 36.8737163, -1.2529463 ], [ 36.8739308, -1.2527661 ], [ 36.8740601, -1.2526753 ], [ 36.8741536, -1.2526217 ], [ 36.8742633, -1.2525998 ], [ 36.8743734, -1.2526214 ], [ 36.8744645, -1.2526376 ], [ 36.8745952, -1.2526114 ], [ 36.8748398, -1.2525785 ], [ 36.875048, -1.2525371 ], [ 36.8750899, -1.2525285 ], [ 36.8751262, -1.25252 ], [ 36.8752097, -1.2525001 ], [ 36.8753471, -1.2524228 ], [ 36.8754325, -1.2523732 ], [ 36.875553, -1.2523284 ], [ 36.8756719, -1.2522601 ], [ 36.8757752, -1.252218 ], [ 36.875883, -1.252177 ], [ 36.8759156, -1.2521714 ], [ 36.87601, -1.2521553 ], [ 36.8762921, -1.2521843 ], [ 36.8764042, -1.2521592 ], [ 36.8764788, -1.2521183 ], [ 36.8765476, -1.2520807 ], [ 36.8766491, -1.2520384 ], [ 36.8766987, -1.2519924 ], [ 36.8767292, -1.2519336 ], [ 36.8767314, -1.2518617 ], [ 36.8767708, -1.2517804 ], [ 36.8768327, -1.2517091 ], [ 36.8769262, -1.2516372 ], [ 36.8770355, -1.2515751 ], [ 36.8770514, -1.2515661 ], [ 36.8771823, -1.2515012 ], [ 36.8772577, -1.251395 ], [ 36.8772955, -1.2512682 ], [ 36.8772208, -1.2510706 ], [ 36.8771739, -1.2509644 ], [ 36.87714, -1.2507955 ], [ 36.877157, -1.2506906 ], [ 36.8772503, -1.2505481 ], [ 36.8773287, -1.2504417 ], [ 36.8774059, -1.2503559 ], [ 36.8775433, -1.2502444 ], [ 36.8776564, -1.2501501 ], [ 36.8777146, -1.2500751 ], [ 36.8778029, -1.2499652 ], [ 36.877878, -1.2498754 ], [ 36.8779821, -1.2497442 ], [ 36.8780691, -1.2496334 ], [ 36.8781527, -1.2495321 ], [ 36.8784188, -1.249324 ], [ 36.878584, -1.2491816 ], [ 36.8787373, -1.2490791 ], [ 36.8788592, -1.2489637 ], [ 36.8789892, -1.2488835 ], [ 36.8791156, -1.2488323 ], [ 36.8792701, -1.2488118 ], [ 36.8794071, -1.2488545 ], [ 36.8795018, -1.248866 ], [ 36.8796166, -1.2488564 ], [ 36.8796963, -1.2488856 ], [ 36.8798002, -1.2489231 ], [ 36.8799011, -1.2490044 ], [ 36.8799999, -1.2491185 ], [ 36.8800873, -1.2492297 ], [ 36.8801673, -1.2492999 ], [ 36.8804324, -1.2495388 ] ] } },
{ "type": "Feature", "properties": { "fid": 160, "osm_id": "112470690", "code": 8101, "fclass": "river", "width": 0, "name": "Nairobi river" }, "geometry": { "type": "LineString", "coordinates": [ [ 36.9663374, -1.2474761 ], [ 36.9670214, -1.2474652 ], [ 36.9673982, -1.2473955 ], [ 36.9677013, -1.2472802 ], [ 36.968455, -1.2470362 ], [ 36.9691586, -1.2471378 ], [ 36.9696915, -1.2473363 ], [ 36.9698068, -1.2476999 ], [ 36.9697545, -1.2480512 ], [ 36.9695722, -1.2482965 ], [ 36.9692865, -1.2485526 ], [ 36.9688332, -1.2488918 ], [ 36.9687541, -1.2491251 ], [ 36.9687782, -1.2493933 ], [ 36.9689499, -1.2496869 ], [ 36.9694608, -1.2499095 ], [ 36.9696955, -1.2500302 ], [ 36.9700241, -1.2502903 ], [ 36.9703755, -1.2507636 ], [ 36.9706288, -1.2509631 ], [ 36.9708825, -1.2510753 ], [ 36.9711294, -1.2510627 ], [ 36.9713519, -1.2509611 ], [ 36.9714753, -1.2508112 ], [ 36.971588, -1.2506353 ], [ 36.9717841, -1.2503888 ], [ 36.9721868, -1.2501383 ], [ 36.972544, -1.2497808 ], [ 36.972969, -1.2495928 ], [ 36.9737393, -1.2493074 ], [ 36.9741262, -1.2486275 ], [ 36.9742684, -1.2479426 ], [ 36.9747928, -1.24734 ], [ 36.9750641, -1.2466892 ], [ 36.9752808, -1.2461979 ], [ 36.9752991, -1.2456708 ], [ 36.9755643, -1.2452611 ], [ 36.976155, -1.2450321 ], [ 36.9765886, -1.2450379 ], [ 36.9781019, -1.2444234 ], [ 36.9788312, -1.2439414 ], [ 36.9794832, -1.2437049 ], [ 36.9804165, -1.2435918 ], [ 36.9807886, -1.2435294 ], [ 36.9811505, -1.2433727 ], [ 36.9816146, -1.2428943 ], [ 36.9821825, -1.2426458 ], [ 36.9827674, -1.2425821 ], [ 36.9833716, -1.2426635 ], [ 36.9840173, -1.2429195 ], [ 36.9844669, -1.2432423 ], [ 36.9850543, -1.243392 ], [ 36.9854856, -1.2439534 ], [ 36.9856965, -1.2443451 ], [ 36.9860666, -1.2447009 ], [ 36.9864921, -1.2446886 ], [ 36.9868353, -1.2447698 ], [ 36.9872275, -1.2451767 ], [ 36.9874505, -1.2453635 ], [ 36.9877156, -1.2453914 ], [ 36.9890197, -1.2452664 ], [ 36.9897937, -1.2453672 ], [ 36.9906116, -1.2451226 ], [ 36.9913479, -1.2447983 ], [ 36.9915294, -1.2448288 ], [ 36.9917496, -1.2450648 ], [ 36.9920207, -1.2452643 ], [ 36.992355, -1.2451883 ], [ 36.9928514, -1.2449807 ], [ 36.9933443, -1.2448581 ], [ 36.9939352, -1.2444085 ], [ 36.9942809, -1.2441128 ], [ 36.9947316, -1.2433576 ], [ 36.9953414, -1.2429303 ], [ 36.996165, -1.2425322 ], [ 36.9968993, -1.2423094 ], [ 36.997416, -1.2425271 ], [ 36.9978242, -1.2426341 ], [ 36.9980946, -1.2426183 ], [ 36.9983276, -1.2424233 ], [ 36.9983935, -1.2422537 ], [ 36.9985138, -1.2420875 ], [ 36.9987379, -1.2416385 ], [ 36.9988341, -1.2411903 ], [ 36.9988735, -1.2408277 ], [ 36.9989915, -1.2403343 ], [ 36.9992759, -1.2400929 ], [ 36.9996039, -1.2398586 ], [ 37.0000215, -1.2397389 ], [ 37.0009388, -1.2399481 ], [ 37.0018401, -1.2396478 ], [ 37.0026199, -1.2395163 ], [ 37.0032831, -1.2390739 ], [ 37.0037712, -1.2384035 ], [ 37.0051284, -1.238071 ], [ 37.0063623, -1.2384035 ], [ 37.0067485, -1.2380495 ], [ 37.0069416, -1.2376366 ], [ 37.007108, -1.2371704 ], [ 37.0073225, -1.2365693 ], [ 37.0078267, -1.2363602 ], [ 37.0083685, -1.2362743 ], [ 37.0092966, -1.2362046 ], [ 37.0095987, -1.2361509 ], [ 37.0099094, -1.2360712 ], [ 37.0102234, -1.2361104 ], [ 37.0104851, -1.2362368 ], [ 37.0113508, -1.2367979 ], [ 37.0115496, -1.2368842 ], [ 37.0117213, -1.2368965 ], [ 37.0118828, -1.2368768 ], [ 37.0120618, -1.2367874 ], [ 37.0124197, -1.2365824 ], [ 37.0127137, -1.2362153 ], [ 37.0137222, -1.2354323 ], [ 37.0140119, -1.2347244 ], [ 37.0137276, -1.2342363 ], [ 37.0135559, -1.2335552 ], [ 37.0135881, -1.2328526 ], [ 37.0134808, -1.2320642 ], [ 37.0138125, -1.2314529 ], [ 37.0145323, -1.2306698 ], [ 37.0154954, -1.2295027 ], [ 37.0157381, -1.2293536 ], [ 37.0162757, -1.2290233 ], [ 37.0169409, -1.2294953 ], [ 37.0172628, -1.229447 ], [ 37.0178314, -1.2288892 ], [ 37.0180674, -1.2283637 ], [ 37.0177616, -1.2276825 ], [ 37.0178283, -1.2274507 ], [ 37.017885, -1.2272535 ], [ 37.0183464, -1.2270121 ], [ 37.0187702, -1.2270175 ], [ 37.0198967, -1.2272642 ], [ 37.0206799, -1.2270658 ], [ 37.0214148, -1.2267547 ], [ 37.0218869, -1.2267547 ], [ 37.0223406, -1.2270651 ], [ 37.0226701, -1.2275002 ], [ 37.0229651, -1.2277308 ], [ 37.0234479, -1.2276933 ], [ 37.02392, -1.2274895 ], [ 37.0256956, -1.2267654 ], [ 37.0264359, -1.2259288 ], [ 37.027085, -1.2250975 ], [ 37.0277985, -1.2245987 ], [ 37.0287855, -1.224352 ], [ 37.0293059, -1.2239658 ], [ 37.0294936, -1.2230702 ], [ 37.0297854, -1.2223856 ], [ 37.0301964, -1.2221799 ], [ 37.0304807, -1.2219386 ], [ 37.0308936, -1.2218434 ], [ 37.0312765, -1.2217783 ], [ 37.0316712, -1.221757 ], [ 37.0320685, -1.2214451 ], [ 37.0323153, -1.221 ], [ 37.0331146, -1.2198415 ], [ 37.0335199, -1.2193646 ], [ 37.0338656, -1.2189834 ], [ 37.0339877, -1.2184449 ], [ 37.0338928, -1.2180723 ], [ 37.033901, -1.2180123 ], [ 37.0341929, -1.2173691 ], [ 37.0342788, -1.2166036 ], [ 37.0342841, -1.2165485 ], [ 37.0344987, -1.2163555 ], [ 37.0347132, -1.2161624 ], [ 37.0363225, -1.2150361 ], [ 37.0378889, -1.214119 ], [ 37.0382458, -1.2135691 ], [ 37.0382752, -1.2135237 ], [ 37.0384415, -1.2127728 ] ] } },
{ "type": "Feature", "properties": { "fid": 161, "osm_id": "112470692", "code": 8101, "fclass": "river", "width": 0, "name": "Nairobi River" }, "geometry": { "type": "LineString", "coordinates": [ [ 36.8800125, -1.263463 ], [ 36.880068, -1.2634435 ], [ 36.8801918, -1.2633918 ], [ 36.8802867, -1.2634105 ], [ 36.8803351, -1.2633868 ], [ 36.8804614, -1.2632308 ], [ 36.8806055, -1.2630587 ], [ 36.8807275, -1.263029 ], [ 36.8808572, -1.2629409 ], [ 36.8809412, -1.2629095 ], [ 36.8810395, -1.2629248 ], [ 36.8811234, -1.2629951 ], [ 36.8812548, -1.2630002 ], [ 36.8814328, -1.2628663 ], [ 36.8816201, -1.2627442 ], [ 36.8818541, -1.2626849 ], [ 36.8819651, -1.262606 ], [ 36.8821508, -1.2623695 ], [ 36.8822882, -1.2622327 ], [ 36.8824617, -1.2620553 ], [ 36.8825584, -1.2616804 ], [ 36.8829504, -1.2614513 ], [ 36.8831968, -1.2612035 ], [ 36.8833755, -1.2610511 ], [ 36.8835401, -1.2606994 ], [ 36.8836545, -1.2606104 ], [ 36.8837994, -1.260522 ], [ 36.883835, -1.2604654 ], [ 36.8839184, -1.2603554 ], [ 36.8839899, -1.2602733 ], [ 36.8840707, -1.2601607 ], [ 36.8840959, -1.2600362 ], [ 36.8841105, -1.2599409 ], [ 36.8841701, -1.2598521 ], [ 36.8843211, -1.2597965 ], [ 36.8845118, -1.259819 ], [ 36.8845846, -1.2598389 ], [ 36.8847211, -1.2599369 ], [ 36.8848615, -1.2600164 ], [ 36.8850284, -1.2600415 ], [ 36.8851317, -1.2600177 ], [ 36.885288, -1.259921 ], [ 36.8855224, -1.2597965 ], [ 36.8856747, -1.2597183 ], [ 36.885737, -1.2595952 ], [ 36.8857886, -1.2594746 ], [ 36.8858019, -1.2591766 ], [ 36.885782, -1.2590455 ], [ 36.885725, -1.2589157 ], [ 36.885639, -1.258725 ], [ 36.8855052, -1.25857 ], [ 36.8854641, -1.2583541 ], [ 36.8855436, -1.2581064 ], [ 36.8856641, -1.2580097 ], [ 36.8860694, -1.2578746 ], [ 36.8862823, -1.2577424 ], [ 36.8866074, -1.257631 ], [ 36.8867442, -1.2575426 ], [ 36.8868204, -1.2574614 ], [ 36.8868972, -1.2573621 ], [ 36.886929, -1.2572919 ], [ 36.8869502, -1.257027 ], [ 36.8868812, -1.2568332 ], [ 36.8868702, -1.2567321 ], [ 36.8868707, -1.2566134 ], [ 36.8869205, -1.2564029 ], [ 36.8870458, -1.2561481 ], [ 36.8871104, -1.2560828 ], [ 36.8873869, -1.2559863 ], [ 36.8876073, -1.2558804 ], [ 36.8877785, -1.2558354 ], [ 36.8878972, -1.2557922 ], [ 36.8880167, -1.2557024 ], [ 36.8881939, -1.2554598 ], [ 36.8882304, -1.2552121 ], [ 36.8882626, -1.2549943 ], [ 36.8883338, -1.2548332 ], [ 36.8884999, -1.2546993 ], [ 36.8887456, -1.254541 ], [ 36.8889554, -1.2544049 ], [ 36.8891289, -1.254325 ], [ 36.8893037, -1.2543075 ], [ 36.8894381, -1.2543415 ], [ 36.8896767, -1.2543533 ], [ 36.8900715, -1.2542001 ], [ 36.8902999, -1.2539511 ], [ 36.8905206, -1.2535339 ], [ 36.8906066, -1.2532723 ], [ 36.8907197, -1.252927 ], [ 36.8907905, -1.2526995 ], [ 36.8909578, -1.2523412 ], [ 36.8911638, -1.2521314 ], [ 36.8914489, -1.2521179 ], [ 36.891738, -1.2523872 ], [ 36.8919088, -1.2526358 ], [ 36.8920778, -1.2528498 ], [ 36.892224, -1.2528887 ], [ 36.8923024, -1.2529091 ], [ 36.8924776, -1.2528481 ], [ 36.8930532, -1.2526865 ], [ 36.8931781, -1.2525905 ], [ 36.8932605, -1.2523876 ], [ 36.8932225, -1.2522595 ], [ 36.8931516, -1.2518812 ], [ 36.893045, -1.251585 ], [ 36.892973, -1.25126 ], [ 36.8929048, -1.2509308 ], [ 36.8928774, -1.2507189 ], [ 36.8928274, -1.2504217 ], [ 36.8928386, -1.2501172 ], [ 36.8929535, -1.2497861 ], [ 36.8930554, -1.249585 ], [ 36.8931754, -1.2494065 ], [ 36.8931397, -1.2492071 ], [ 36.8931735, -1.2489388 ], [ 36.8932003, -1.2486277 ], [ 36.8932781, -1.2484614 ], [ 36.8933451, -1.2482657 ], [ 36.8935785, -1.2483488 ], [ 36.8936428, -1.2485258 ], [ 36.8936767, -1.248922 ], [ 36.8937834, -1.2483657 ], [ 36.8938175, -1.2482622 ], [ 36.8939817, -1.2482379 ], [ 36.8944134, -1.2482203 ], [ 36.8946062, -1.2481641 ], [ 36.8948403, -1.2480662 ], [ 36.89491, -1.2479897 ], [ 36.8949818, -1.247914 ], [ 36.8950579, -1.247773 ], [ 36.895049, -1.2476885 ], [ 36.8950656, -1.2474351 ], [ 36.8950504, -1.2471584 ], [ 36.895038, -1.2468995 ], [ 36.8950366, -1.2464989 ], [ 36.8950917, -1.2460639 ], [ 36.8952019, -1.2459802 ], [ 36.8954113, -1.2460018 ], [ 36.8958407, -1.2461233 ], [ 36.8960732, -1.2461214 ], [ 36.8962703, -1.2459307 ], [ 36.8963307, -1.2458225 ], [ 36.8963359, -1.2457751 ], [ 36.8962767, -1.2455854 ], [ 36.8961816, -1.2453719 ], [ 36.8960343, -1.2450424 ], [ 36.8959233, -1.2447668 ], [ 36.8958476, -1.2444837 ], [ 36.8958444, -1.2441676 ], [ 36.8959426, -1.2439852 ], [ 36.8959903, -1.2439463 ], [ 36.8961124, -1.2438405 ], [ 36.8963854, -1.2437258 ], [ 36.8966231, -1.2436738 ], [ 36.8967542, -1.2436614 ], [ 36.8969002, -1.2437074 ], [ 36.8972501, -1.2438227 ], [ 36.8975766, -1.243787 ], [ 36.8979778, -1.2437139 ], [ 36.8983509, -1.2436035 ], [ 36.8986697, -1.2434729 ], [ 36.898976, -1.2433189 ], [ 36.8992516, -1.2430895 ], [ 36.8995464, -1.2429425 ], [ 36.8997455, -1.2427155 ], [ 36.8999212, -1.2425193 ], [ 36.9001275, -1.2422026 ], [ 36.9006125, -1.2421197 ], [ 36.9010377, -1.2419305 ], [ 36.9013425, -1.2418963 ], [ 36.9016441, -1.2420067 ], [ 36.9019924, -1.2422959 ], [ 36.9022178, -1.2424342 ], [ 36.90242, -1.2424824 ], [ 36.9024915, -1.2424078 ], [ 36.9025226, -1.2421839 ], [ 36.9025521, -1.2418232 ], [ 36.9023702, -1.2413521 ], [ 36.9022225, -1.2408234 ], [ 36.9022007, -1.240528 ], [ 36.9022894, -1.2402808 ], [ 36.9026034, -1.2401595 ], [ 36.9029455, -1.24006 ], [ 36.9032487, -1.2399045 ], [ 36.9036094, -1.2395827 ], [ 36.903866, -1.2392592 ], [ 36.9040261, -1.2390571 ], [ 36.9042744, -1.2389871 ], [ 36.9045283, -1.2391737 ], [ 36.9047554, -1.2393867 ], [ 36.9049808, -1.2395516 ], [ 36.9053726, -1.2396324 ], [ 36.905609, -1.2395889 ], [ 36.906119, -1.2395609 ], [ 36.9063055, -1.239418 ], [ 36.9064046, -1.2392263 ], [ 36.9068176, -1.238911 ], [ 36.9071534, -1.2385134 ], [ 36.9076964, -1.2383861 ], [ 36.9087643, -1.2383011 ], [ 36.9094408, -1.2385951 ], [ 36.9097184, -1.2387777 ], [ 36.9100641, -1.2388548 ], [ 36.9107402, -1.2383913 ], [ 36.9113273, -1.2383068 ], [ 36.9118299, -1.2383752 ], [ 36.9121158, -1.2382854 ], [ 36.9122272, -1.2381982 ], [ 36.9122648, -1.2381685 ], [ 36.9128078, -1.2379265 ], [ 36.9131241, -1.2379144 ], [ 36.9133639, -1.237819 ], [ 36.9135586, -1.2378707 ], [ 36.9136549, -1.2379797 ], [ 36.9138229, -1.2381261 ], [ 36.9139631, -1.2383172 ], [ 36.9141219, -1.2384929 ], [ 36.9142252, -1.2385904 ], [ 36.914388, -1.2385436 ], [ 36.9145581, -1.238382 ], [ 36.9147936, -1.2383216 ], [ 36.9148984, -1.2383833 ], [ 36.9150624, -1.2387372 ], [ 36.9154365, -1.2388043 ], [ 36.9155914, -1.2389283 ], [ 36.9157369, -1.2393006 ], [ 36.9160402, -1.2395929 ], [ 36.9163569, -1.2399312 ], [ 36.9167808, -1.240041 ], [ 36.9170447, -1.2399003 ], [ 36.9172085, -1.2398676 ], [ 36.9174994, -1.2399427 ], [ 36.9179945, -1.2401643 ], [ 36.9182084, -1.240488 ], [ 36.9186226, -1.240748 ], [ 36.918821, -1.2409349 ], [ 36.919295, -1.2411834 ], [ 36.9194348, -1.2412604 ], [ 36.9197726, -1.2413344 ], [ 36.9199366, -1.2413443 ], [ 36.9201721, -1.2413578 ], [ 36.9203349, -1.241274 ], [ 36.9207843, -1.2412723 ], [ 36.9211652, -1.2412743 ] ] } },
{ "type": "Feature", "properties": { "fid": 162, "osm_id": "118163731", "code": 8102, "fclass": "stream", "width": 0, "name": null }, "geometry": { "type": "LineString", "coordinates": [ [ 36.9494884, -1.2457192 ], [ 36.9495975, -1.2456656 ], [ 36.949681, -1.2456282 ], [ 36.9497661, -1.2456454 ], [ 36.9498816, -1.2456186 ] ] } },
{ "type": "Feature", "properties": { "fid": 163, "osm_id": "118163733", "code": 8101, "fclass": "river", "width": 0, "name": "Ngong River" }, "geometry": { "type": "LineString", "coordinates": [ [ 36.9445506, -1.2574806 ], [ 36.944958, -1.2570997 ], [ 36.945105, -1.2570231 ], [ 36.9453479, -1.2567461 ], [ 36.9455098, -1.2562833 ], [ 36.9456602, -1.2559456 ], [ 36.9458751, -1.2553735 ], [ 36.9459619, -1.254758 ], [ 36.9459209, -1.2540925 ], [ 36.9459502, -1.2539109 ], [ 36.9459411, -1.2533656 ], [ 36.9459202, -1.2530765 ], [ 36.9458948, -1.2528264 ], [ 36.9458446, -1.2527087 ], [ 36.9458553, -1.2524562 ], [ 36.9458247, -1.2522484 ], [ 36.9457339, -1.2521729 ], [ 36.9457034, -1.2520797 ], [ 36.9456102, -1.2519463 ], [ 36.9455842, -1.2518024 ], [ 36.945589, -1.2517056 ], [ 36.9455843, -1.2516068 ], [ 36.9455843, -1.2514899 ], [ 36.9455953, -1.2513208 ], [ 36.9456352, -1.2511281 ], [ 36.9456849, -1.2509208 ], [ 36.9457199, -1.2508411 ], [ 36.9457284, -1.2507464 ], [ 36.9457669, -1.2506831 ], [ 36.9458139, -1.2506278 ], [ 36.9458223, -1.250543 ], [ 36.9458348, -1.2504257 ], [ 36.9458298, -1.2502711 ], [ 36.9458128, -1.250167 ], [ 36.9457473, -1.2500531 ], [ 36.9457244, -1.2499565 ], [ 36.9456817, -1.2498647 ], [ 36.9456159, -1.2497931 ], [ 36.9456021, -1.2497235 ], [ 36.9456445, -1.2496249 ], [ 36.9456948, -1.2494571 ], [ 36.9457158, -1.2493596 ], [ 36.945725, -1.2492697 ], [ 36.9457071, -1.2491799 ], [ 36.9456756, -1.2490685 ], [ 36.9456533, -1.2490113 ], [ 36.945662, -1.2489548 ], [ 36.9456746, -1.2488812 ], [ 36.9457281, -1.2488059 ], [ 36.9458681, -1.2485842 ], [ 36.9459399, -1.2483092 ], [ 36.9460274, -1.2481699 ], [ 36.9461979, -1.2480315 ], [ 36.9463693, -1.2479214 ], [ 36.9464491, -1.2478864 ], [ 36.9465812, -1.2478496 ], [ 36.9466809, -1.2478638 ], [ 36.9468207, -1.2479422 ], [ 36.9469767, -1.2479267 ], [ 36.9471361, -1.2476871 ], [ 36.9472907, -1.2473804 ], [ 36.9473609, -1.2471658 ], [ 36.9474966, -1.2469056 ], [ 36.9476237, -1.246835 ], [ 36.9477022, -1.2467711 ], [ 36.9477903, -1.2467163 ], [ 36.9479368, -1.2466958 ], [ 36.9481195, -1.2467198 ], [ 36.9482252, -1.2467012 ], [ 36.9484179, -1.2468118 ], [ 36.9485406, -1.2469362 ], [ 36.9487391, -1.2470616 ], [ 36.9489273, -1.2472939 ], [ 36.948968, -1.247382 ], [ 36.9490346, -1.2474335 ], [ 36.9491542, -1.2474908 ], [ 36.9493142, -1.2474766 ], [ 36.9493973, -1.2474328 ], [ 36.9495191, -1.2473564 ], [ 36.9495797, -1.2473546 ], [ 36.9496765, -1.2473878 ], [ 36.9497923, -1.2474508 ], [ 36.9499739, -1.2474622 ], [ 36.9502712, -1.2474259 ], [ 36.9505809, -1.2474787 ], [ 36.9507733, -1.2475451 ], [ 36.9510911, -1.2475979 ], [ 36.9512001, -1.2475651 ], [ 36.9512782, -1.2475154 ], [ 36.9513734, -1.2472925 ], [ 36.9512095, -1.2470763 ], [ 36.9509749, -1.2469039 ], [ 36.9509268, -1.2468295 ], [ 36.9507547, -1.2467601 ], [ 36.9506351, -1.2466962 ], [ 36.9505443, -1.246661 ], [ 36.9503925, -1.2465733 ], [ 36.9502792, -1.2464737 ], [ 36.9501417, -1.2463836 ], [ 36.9500778, -1.2462873 ], [ 36.9499448, -1.2461937 ], [ 36.9498404, -1.2461054 ], [ 36.949736, -1.2460603 ], [ 36.9496445, -1.2460093 ], [ 36.9495967, -1.2459952 ], [ 36.9495529, -1.2459715 ], [ 36.9495249, -1.2459536 ], [ 36.9494833, -1.2459354 ], [ 36.9494484, -1.2458723 ], [ 36.9494327, -1.2458216 ], [ 36.9494289, -1.2457699 ], [ 36.9494506, -1.2457359 ], [ 36.9494884, -1.2457192 ], [ 36.9495576, -1.2457318 ], [ 36.9495998, -1.2457629 ], [ 36.9496275, -1.245792 ], [ 36.9497143, -1.2457521 ], [ 36.9498245, -1.2456675 ], [ 36.9498816, -1.2456186 ], [ 36.9500601, -1.2455929 ], [ 36.9501117, -1.2455596 ], [ 36.9502002, -1.2455544 ], [ 36.9503257, -1.2456335 ], [ 36.9504302, -1.2457231 ], [ 36.9505083, -1.2458033 ], [ 36.9505376, -1.245862 ], [ 36.9505772, -1.2459443 ], [ 36.9506572, -1.2460049 ], [ 36.9507576, -1.2460173 ], [ 36.9508754, -1.2459756 ], [ 36.9510544, -1.2458817 ], [ 36.951194, -1.2457814 ], [ 36.9512781, -1.2456935 ], [ 36.9513161, -1.2455431 ], [ 36.9513227, -1.2454089 ], [ 36.95135, -1.2453157 ], [ 36.9514255, -1.2452928 ], [ 36.9515527, -1.2452769 ], [ 36.951685, -1.245303 ], [ 36.9517644, -1.2453394 ], [ 36.9519178, -1.2453917 ], [ 36.9520084, -1.2454474 ], [ 36.9521047, -1.245518 ], [ 36.9522297, -1.2456176 ], [ 36.9523504, -1.245647 ], [ 36.952436, -1.2456289 ], [ 36.9525009, -1.2455847 ], [ 36.9526277, -1.245435 ], [ 36.9527286, -1.2452877 ], [ 36.9527746, -1.2451843 ], [ 36.952843, -1.2451157 ], [ 36.95288, -1.2450038 ], [ 36.9528677, -1.2448993 ], [ 36.9529409, -1.2448477 ], [ 36.9530992, -1.2448298 ], [ 36.95323, -1.2448343 ], [ 36.9533176, -1.2448946 ], [ 36.9534472, -1.2448223 ], [ 36.9535317, -1.2446724 ], [ 36.953616, -1.2445943 ], [ 36.9536872, -1.2444745 ], [ 36.9538027, -1.2444553 ], [ 36.9541231, -1.2444678 ] ] } },
{ "type": "Feature", "properties": { "fid": 164, "osm_id": "134817106", "code": 8101, "fclass": "river", "width": 0, "name": null }, "geometry": { "type": "LineString", "coordinates": [ [ 36.8701164, -1.2384352 ], [ 36.8707972, -1.2387302 ] ] } },
{ "type": "Feature", "properties": { "fid": 165, "osm_id": "134817109", "code": 8101, "fclass": "river", "width": 0, "name": "Ruiruaka River" }, "geometry": { "type": "LineString", "coordinates": [ [ 36.8904666, -1.2382494 ], [ 36.890652, -1.2381637 ], [ 36.8907212, -1.2381494 ], [ 36.890791, -1.2381494 ], [ 36.8909117, -1.2381628 ], [ 36.8910153, -1.2381577 ], [ 36.8911367, -1.2381738 ], [ 36.8912499, -1.238206 ], [ 36.8913277, -1.2382738 ], [ 36.8914401, -1.2383081 ], [ 36.8915447, -1.2383668 ], [ 36.8916, -1.2383744 ], [ 36.8917689, -1.2383864 ], [ 36.8919204, -1.2383537 ], [ 36.8920753, -1.2383271 ], [ 36.8922155, -1.2383092 ], [ 36.8923327, -1.2382998 ], [ 36.8924, -1.2383095 ], [ 36.8924829, -1.2382722 ], [ 36.8925839, -1.2382889 ], [ 36.8927352, -1.2382188 ], [ 36.8929155, -1.2381966 ], [ 36.8931215, -1.2381451 ], [ 36.8932674, -1.2381537 ], [ 36.893541, -1.2379922 ], [ 36.8937505, -1.2380492 ], [ 36.893886, -1.2380917 ], [ 36.8940018, -1.2381229 ], [ 36.8941217, -1.2381503 ], [ 36.894201, -1.2381284 ], [ 36.8942687, -1.2381089 ], [ 36.8943524, -1.2380845 ], [ 36.8943007, -1.2382078 ], [ 36.8943612, -1.2381981 ], [ 36.8944621, -1.2381762 ], [ 36.8945911, -1.2381185 ], [ 36.8946587, -1.238096 ], [ 36.8946973, -1.2380716 ], [ 36.8947523, -1.2380067 ], [ 36.8947872, -1.2379501 ], [ 36.8948341, -1.2379029 ], [ 36.8949326, -1.237819 ], [ 36.8949326, -1.2376645 ], [ 36.8950098, -1.2375873 ], [ 36.8951386, -1.2375015 ], [ 36.8952244, -1.2374929 ], [ 36.8953531, -1.2374414 ], [ 36.895439, -1.2373814 ], [ 36.8955849, -1.2373213 ], [ 36.8956879, -1.2372441 ], [ 36.8957737, -1.2371754 ], [ 36.8958252, -1.2371754 ], [ 36.8958338, -1.2372956 ], [ 36.8958853, -1.2373642 ], [ 36.8960054, -1.2373642 ], [ 36.896117, -1.2373642 ], [ 36.8961428, -1.2372612 ], [ 36.8961857, -1.2371411 ], [ 36.8962973, -1.2370639 ], [ 36.8963917, -1.2370381 ], [ 36.8964861, -1.2369866 ], [ 36.8965548, -1.2369266 ], [ 36.8966063, -1.2367979 ], [ 36.8967007, -1.2367464 ], [ 36.8967436, -1.2368322 ], [ 36.8968219, -1.2368241 ], [ 36.8969153, -1.2367807 ], [ 36.8969839, -1.2366691 ], [ 36.8970869, -1.2365833 ], [ 36.8971727, -1.2366091 ], [ 36.8972414, -1.2365404 ], [ 36.8972672, -1.236386 ], [ 36.8973358, -1.2363259 ], [ 36.8974186, -1.2362969 ], [ 36.8975044, -1.2363291 ], [ 36.8975795, -1.2363318 ], [ 36.8976332, -1.2362862 ], [ 36.8976385, -1.2361923 ], [ 36.8976439, -1.2360797 ], [ 36.8976734, -1.2360126 ], [ 36.8977297, -1.235951 ], [ 36.8978156, -1.2359081 ], [ 36.8978585, -1.2358464 ], [ 36.8978826, -1.2357659 ], [ 36.8978665, -1.2356667 ], [ 36.8978102, -1.235597 ], [ 36.8978424, -1.2355219 ], [ 36.8977753, -1.2354227 ], [ 36.8977083, -1.235353 ], [ 36.8976493, -1.2352645 ], [ 36.8976037, -1.2351277 ], [ 36.8976814, -1.2349883 ], [ 36.8978048, -1.2348569 ], [ 36.8979389, -1.2348006 ], [ 36.8980704, -1.2347952 ], [ 36.8982608, -1.2348274 ], [ 36.8983842, -1.2348596 ], [ 36.8984566, -1.2349829 ], [ 36.8985934, -1.2350178 ], [ 36.8987356, -1.2350231 ], [ 36.8988536, -1.2350875 ], [ 36.8989501, -1.2352377 ], [ 36.8990065, -1.2353959 ], [ 36.8991432, -1.2354951 ], [ 36.8992291, -1.2355139 ], [ 36.8992988, -1.235538 ], [ 36.8994061, -1.2356345 ], [ 36.8996126, -1.2356962 ], [ 36.899728, -1.2357552 ], [ 36.8998996, -1.2358115 ], [ 36.9001974, -1.2358357 ], [ 36.9003207, -1.235841 ], [ 36.9004897, -1.2357418 ], [ 36.9005755, -1.2356614 ], [ 36.9006587, -1.2355729 ], [ 36.9007713, -1.2354388 ], [ 36.9008679, -1.2353718 ], [ 36.9009618, -1.2353074 ], [ 36.9010691, -1.235235 ], [ 36.9011871, -1.2352001 ], [ 36.9013024, -1.2351572 ], [ 36.9014795, -1.2351304 ], [ 36.9016297, -1.2351116 ], [ 36.9016913, -1.2350875 ], [ 36.9018952, -1.2350714 ], [ 36.9021125, -1.23505 ], [ 36.9022761, -1.2350366 ], [ 36.9024531, -1.2350312 ], [ 36.902732, -1.2350231 ], [ 36.9030405, -1.2350419 ], [ 36.9032873, -1.2349749 ], [ 36.9033865, -1.2348864 ], [ 36.9034804, -1.2347577 ], [ 36.903585, -1.2346772 ], [ 36.9037808, -1.2346021 ], [ 36.9039122, -1.234586 ], [ 36.9040249, -1.2345673 ], [ 36.9042207, -1.2344895 ], [ 36.9043387, -1.2344761 ], [ 36.9044889, -1.2344493 ], [ 36.9046525, -1.2343581 ], [ 36.9048376, -1.2341999 ], [ 36.905138, -1.2340685 ], [ 36.9055671, -1.2339827 ], [ 36.905838, -1.2339773 ], [ 36.9059802, -1.2340256 ], [ 36.9062457, -1.2339854 ], [ 36.9063798, -1.2339317 ], [ 36.9065917, -1.2339183 ], [ 36.90675, -1.2340336 ], [ 36.9068144, -1.2343259 ], [ 36.9067983, -1.23457 ], [ 36.9068492, -1.2347738 ], [ 36.9070853, -1.2349239 ], [ 36.9073186, -1.235109 ], [ 36.9075359, -1.2351224 ], [ 36.9076834, -1.235125 ], [ 36.9079811, -1.2353932 ], [ 36.9081286, -1.2355487 ], [ 36.9085632, -1.235656 ], [ 36.9088099, -1.2356372 ], [ 36.9091023, -1.2355943 ], [ 36.9094349, -1.2356935 ], [ 36.9098882, -1.23601 ], [ 36.910269, -1.2361816 ], [ 36.9107143, -1.2362406 ], [ 36.9108225, -1.2363186 ], [ 36.91098, -1.2364174 ], [ 36.9110458, -1.2364738 ], [ 36.911181, -1.2366294 ], [ 36.9112379, -1.2368415 ], [ 36.9113343, -1.2368666 ], [ 36.9113666, -1.2369119 ], [ 36.9113515, -1.2369855 ], [ 36.911319, -1.2370686 ], [ 36.9112833, -1.2371215 ], [ 36.911279, -1.2371827 ], [ 36.911338, -1.2372848 ], [ 36.911477, -1.2373931 ], [ 36.9115666, -1.2374672 ], [ 36.9116524, -1.2375187 ], [ 36.9117382, -1.2375959 ], [ 36.9118069, -1.2377246 ], [ 36.9119528, -1.2377246 ], [ 36.91203, -1.2377761 ], [ 36.9121245, -1.2378533 ], [ 36.9121073, -1.2379563 ], [ 36.9121245, -1.2380764 ], [ 36.9121845, -1.2381108 ], [ 36.9122704, -1.2381794 ], [ 36.9122272, -1.2381982 ] ] } },
{ "type": "Feature", "properties": { "fid": 166, "osm_id": "142061819", "code": 8101, "fclass": "river", "width": 0, "name": "Karura River" }, "geometry": { "type": "LineString", "coordinates": [ [ 36.8166426, -1.2304919 ], [ 36.8167924, -1.2305123 ], [ 36.8169966, -1.2305804 ], [ 36.8172213, -1.230594 ], [ 36.8174188, -1.2306757 ], [ 36.8175958, -1.2307914 ], [ 36.8178886, -1.2309616 ], [ 36.8180656, -1.2309412 ], [ 36.8182903, -1.2310365 ], [ 36.8185763, -1.2310501 ], [ 36.8189304, -1.2310024 ], [ 36.8192368, -1.2310569 ], [ 36.8195295, -1.2310501 ], [ 36.8199108, -1.2309548 ], [ 36.8200606, -1.2309752 ], [ 36.8201015, -1.2310365 ], [ 36.8202649, -1.2310909 ], [ 36.8204624, -1.2309684 ], [ 36.8207211, -1.2308935 ], [ 36.8208391, -1.2309285 ], [ 36.8209049, -1.230948 ], [ 36.8213679, -1.2309344 ], [ 36.8218105, -1.230948 ], [ 36.8220488, -1.2309412 ], [ 36.8223552, -1.2309684 ], [ 36.8226003, -1.2310773 ], [ 36.8228795, -1.2313428 ], [ 36.8231178, -1.2316015 ], [ 36.8233493, -1.2317172 ], [ 36.8236557, -1.2318261 ], [ 36.8238804, -1.2320371 ], [ 36.8241187, -1.2325446 ], [ 36.8243364, -1.2330608 ], [ 36.825993, -1.234221 ], [ 36.8262871, -1.2344724 ], [ 36.8264864, -1.2345802 ], [ 36.8269533, -1.2348697 ], [ 36.8274018, -1.2350834 ], [ 36.8278991, -1.2353744 ], [ 36.8288078, -1.2359434 ], [ 36.8292568, -1.2362759 ], [ 36.8295905, -1.2364598 ], [ 36.8299861, -1.2364445 ], [ 36.830636, -1.2366081 ], [ 36.8311493, -1.2368155 ], [ 36.8319368, -1.2368165 ], [ 36.8325591, -1.2369881 ], [ 36.833117, -1.2372456 ], [ 36.8337607, -1.2374601 ], [ 36.834619, -1.2374601 ], [ 36.8349838, -1.2375245 ], [ 36.8354988, -1.2379321 ], [ 36.8362069, -1.2381251 ], [ 36.8368506, -1.2383826 ], [ 36.8375355, -1.2385871 ], [ 36.8381261, -1.2385152 ], [ 36.8389941, -1.2382074 ], [ 36.8392934, -1.2379435 ], [ 36.8401265, -1.2376142 ], [ 36.8404422, -1.23741 ], [ 36.8407236, -1.2371937 ], [ 36.8409489, -1.236459 ] ] } },
{ "type": "Feature", "properties": { "fid": 167, "osm_id": "154232830", "code": 8102, "fclass": "stream", "width": 0, "name": "Masonga Wai River" }, "geometry": { "type": "LineString", "coordinates": [ [ 36.8012839, -1.2740985 ], [ 36.80152, -1.2740127 ], [ 36.801874, -1.2738518 ], [ 36.8021208, -1.273766 ], [ 36.8024641, -1.2738518 ], [ 36.8026143, -1.2739269 ], [ 36.8028932, -1.2741629 ], [ 36.8032795, -1.2744203 ], [ 36.803773, -1.2751175 ], [ 36.8042129, -1.275332 ], [ 36.804642, -1.2752891 ], [ 36.8050927, -1.2752891 ], [ 36.8058973, -1.2751068 ], [ 36.8062728, -1.274903 ], [ 36.8065089, -1.2747635 ], [ 36.8069917, -1.2748064 ], [ 36.8073135, -1.2749995 ], [ 36.8077963, -1.2750102 ], [ 36.8084508, -1.275021 ], [ 36.808998, -1.2752033 ], [ 36.8097275, -1.275332 ], [ 36.8101352, -1.2754715 ], [ 36.8106063, -1.2755921 ], [ 36.8109152, -1.2754892 ], [ 36.811483, -1.2750571 ], [ 36.8116598, -1.2748838 ], [ 36.8118502, -1.2746011 ] ] } },
{ "type": "Feature", "properties": { "fid": 168, "osm_id": "184378411", "code": 8102, "fclass": "stream", "width": 0, "name": null }, "geometry": { "type": "LineString", "coordinates": [ [ 36.91088701959729, -1.158988886164937 ], [ 36.9108938, -1.1589963 ], [ 36.9113884, -1.1608729 ], [ 36.9116845, -1.1615465 ], [ 36.9117838, -1.1618262 ] ] } },
{ "type": "Feature", "properties": { "fid": 169, "osm_id": "206503924", "code": 8102, "fclass": "stream", "width": 0, "name": null }, "geometry": { "type": "LineString", "coordinates": [ [ 36.9187523, -1.2657786 ], [ 36.9187627, -1.2658285 ], [ 36.9187662, -1.2659311 ], [ 36.9188247, -1.2661203 ], [ 36.9188247, -1.2662548 ], [ 36.9187716, -1.2664104 ], [ 36.9187822, -1.2664706 ], [ 36.9187094, -1.2667908 ], [ 36.9185936, -1.2672222 ], [ 36.9185137, -1.2675226 ], [ 36.9186488, -1.2676308 ], [ 36.9185122, -1.2678814 ], [ 36.9185122, -1.2680825 ], [ 36.9185122, -1.2682434 ], [ 36.9184823, -1.2684441 ], [ 36.9184394, -1.2685594 ], [ 36.9183808, -1.2686402 ], [ 36.9183164, -1.2686966 ], [ 36.9182302, -1.2687444 ], [ 36.9181153, -1.2688145 ], [ 36.9178846, -1.2689674 ], [ 36.9177263, -1.2690934 ], [ 36.9176495, -1.2692191 ], [ 36.9175281, -1.2694618 ], [ 36.9174393, -1.2696914 ], [ 36.9173025, -1.2698255 ], [ 36.9171412, -1.2699055 ], [ 36.9168971, -1.2699565 ], [ 36.9166856, -1.2700105 ], [ 36.916516, -1.2701808 ] ] } },
{ "type": "Feature", "properties": { "fid": 170, "osm_id": "223544320", "code": 8102, "fclass": "stream", "width": 0, "name": null }, "geometry": { "type": "LineString", "coordinates": [ [ 36.9106656, -1.3350939 ], [ 36.9104191, -1.3348889 ], [ 36.9103013, -1.3348196 ], [ 36.9091543, -1.3345704 ], [ 36.9089621, -1.3346176 ], [ 36.9088842, -1.3346368 ], [ 36.9080625, -1.3347128 ], [ 36.9080085, -1.3347502 ], [ 36.9078021, -1.334897 ], [ 36.9074041, -1.3351925 ], [ 36.9056037, -1.3355137 ], [ 36.9050251, -1.3355639 ], [ 36.9048242, -1.3357493 ], [ 36.9046046, -1.3358664 ], [ 36.9042241, -1.3358517 ], [ 36.9038363, -1.3359249 ], [ 36.9035655, -1.3360493 ], [ 36.903163, -1.3361151 ], [ 36.9028849, -1.3362322 ], [ 36.9025776, -1.3362468 ], [ 36.902219, -1.3363419 ], [ 36.9020068, -1.3365541 ], [ 36.9015238, -1.336715 ], [ 36.9013555, -1.3369272 ], [ 36.9010042, -1.3371174 ], [ 36.9005579, -1.3372564 ], [ 36.9001115, -1.3373954 ], [ 36.8997456, -1.3375929 ], [ 36.8992187, -1.3378856 ], [ 36.8986918, -1.3381782 ], [ 36.8981064, -1.3384489 ], [ 36.8970746, -1.3389171 ], [ 36.8969209, -1.3388951 ], [ 36.8965696, -1.3386318 ] ] } },
{ "type": "Feature", "properties": { "fid": 171, "osm_id": "223544321", "code": 8104, "fclass": "drain", "width": 0, "name": null }, "geometry": { "type": "LineString", "coordinates": [ [ 36.9161222, -1.3265564 ], [ 36.9163923, -1.3257942 ], [ 36.9266758, -1.31828 ] ] } },
{ "type": "Feature", "properties": { "fid": 172, "osm_id": "223544323", "code": 8104, "fclass": "drain", "width": 0, "name": null }, "geometry": { "type": "LineString", "coordinates": [ [ 36.9185894, -1.3309631 ], [ 36.9185021, -1.3311528 ], [ 36.9184195, -1.3316629 ], [ 36.9183317, -1.332204 ], [ 36.9182403, -1.3322718 ], [ 36.9182348, -1.3323466 ], [ 36.9181572, -1.33233 ], [ 36.917815, -1.3325599 ], [ 36.9177166, -1.3325538 ], [ 36.9172209, -1.3318683 ], [ 36.9172111, -1.3316891 ], [ 36.917314, -1.3315324 ], [ 36.9182695, -1.3308499 ] ] } },
{ "type": "Feature", "properties": { "fid": 173, "osm_id": "223544324", "code": 8104, "fclass": "drain", "width": 0, "name": null }, "geometry": { "type": "LineString", "coordinates": [ [ 36.9147626, -1.3265012 ], [ 36.9160883, -1.3284228 ], [ 36.9163876, -1.3282151 ], [ 36.9174772, -1.3296939 ], [ 36.9175673, -1.3299133 ], [ 36.9175595, -1.3301092 ], [ 36.9174615, -1.3303031 ], [ 36.9164745, -1.3310339 ], [ 36.9157744, -1.3319161 ], [ 36.9146667, -1.3327182 ], [ 36.9145673, -1.3328009 ], [ 36.9143604, -1.332956 ], [ 36.9141265, -1.3331224 ], [ 36.9130609, -1.3339054 ], [ 36.9130161, -1.3339383 ], [ 36.9129716, -1.3340092 ], [ 36.9112098, -1.3352583 ] ] } },
{ "type": "Feature", "properties": { "fid": 174, "osm_id": "223544325", "code": 8103, "fclass": "canal", "width": 0, "name": null }, "geometry": { "type": "LineString", "coordinates": [ [ 36.911908, -1.3367766 ], [ 36.9106656, -1.3350939 ] ] } },
{ "type": "Feature", "properties": { "fid": 175, "osm_id": "223544326", "code": 8103, "fclass": "canal", "width": 0, "name": null }, "geometry": { "type": "LineString", "coordinates": [ [ 36.9187123, -1.3344297 ], [ 36.9188157, -1.334415 ], [ 36.9191103, -1.3341325 ], [ 36.9193324, -1.33398 ] ] } },
{ "type": "Feature", "properties": { "fid": 176, "osm_id": "223544327", "code": 8104, "fclass": "drain", "width": 0, "name": null }, "geometry": { "type": "LineString", "coordinates": [ [ 36.9121814, -1.3332449 ], [ 36.9125203, -1.3335336 ], [ 36.9130609, -1.3339054 ] ] } },
{ "type": "Feature", "properties": { "fid": 177, "osm_id": "223544328", "code": 8103, "fclass": "canal", "width": 0, "name": null }, "geometry": { "type": "LineString", "coordinates": [ [ 36.9182823, -1.3348661 ], [ 36.9187045, -1.3345237 ], [ 36.9187123, -1.3344297 ] ] } },
{ "type": "Feature", "properties": { "fid": 178, "osm_id": "223544329", "code": 8104, "fclass": "drain", "width": 0, "name": null }, "geometry": { "type": "LineString", "coordinates": [ [ 36.9199532, -1.3300783 ], [ 36.919243, -1.3305944 ] ] } },
{ "type": "Feature", "properties": { "fid": 179, "osm_id": "223544330", "code": 8104, "fclass": "drain", "width": 0, "name": null }, "geometry": { "type": "LineString", "coordinates": [ [ 36.911769, -1.3336932 ], [ 36.9118894, -1.3334525 ], [ 36.9121814, -1.3332449 ], [ 36.9122704, -1.3331714 ] ] } },
{ "type": "Feature", "properties": { "fid": 180, "osm_id": "223544331", "code": 8103, "fclass": "canal", "width": 0, "name": null }, "geometry": { "type": "LineString", "coordinates": [ [ 36.9151235, -1.3361414 ], [ 36.9151597, -1.3361556 ], [ 36.9151963, -1.3361663 ], [ 36.9152579, -1.3361393 ], [ 36.9156638, -1.3358551 ] ] } },
{ "type": "Feature", "properties": { "fid": 181, "osm_id": "223544332", "code": 8104, "fclass": "drain", "width": 0, "name": null }, "geometry": { "type": "LineString", "coordinates": [ [ 36.918593, -1.3316782 ], [ 36.918714, -1.3317464 ], [ 36.9187925, -1.3318578 ], [ 36.9199927, -1.3336294 ], [ 36.9201363, -1.3339756 ] ] } },
{ "type": "Feature", "properties": { "fid": 182, "osm_id": "223544333", "code": 8102, "fclass": "stream", "width": 0, "name": null }, "geometry": { "type": "LineString", "coordinates": [ [ 36.9319645, -1.3342427 ], [ 36.9320867, -1.3342675 ], [ 36.9324005, -1.3343318 ], [ 36.9328726, -1.3344632 ], [ 36.9334788, -1.3344578 ], [ 36.9340983, -1.3343828 ], [ 36.9350854, -1.3343345 ], [ 36.9357171, -1.333775 ], [ 36.9358113, -1.3330493 ], [ 36.9360939, -1.3324012 ], [ 36.9371679, -1.331845 ], [ 36.938063, -1.3320855 ], [ 36.9395972, -1.3320962 ], [ 36.9407881, -1.3307555 ], [ 36.941354, -1.3305082 ], [ 36.9417242, -1.3306288 ] ] } },
{ "type": "Feature", "properties": { "fid": 183, "osm_id": "223544334", "code": 8104, "fclass": "drain", "width": 0, "name": null }, "geometry": { "type": "LineString", "coordinates": [ [ 36.9187462, -1.3276515 ], [ 36.9244884, -1.3234111 ] ] } },
{ "type": "Feature", "properties": { "fid": 184, "osm_id": "223544348", "code": 8103, "fclass": "canal", "width": 0, "name": null }, "geometry": { "type": "LineString", "coordinates": [ [ 36.913026, -1.3383751 ], [ 36.9129238, -1.338222 ], [ 36.9125817, -1.3377249 ] ] } },
{ "type": "Feature", "properties": { "fid": 185, "osm_id": "225239576", "code": 8101, "fclass": "river", "width": 0, "name": "Nairobi River" }, "geometry": { "type": "LineString", "coordinates": [ [ 36.774501, -1.2673286 ], [ 36.774673, -1.2673016 ], [ 36.7748017, -1.2673016 ], [ 36.7750506, -1.2673445 ], [ 36.7751879, -1.2673445 ], [ 36.7753424, -1.2672673 ], [ 36.7754626, -1.2671471 ], [ 36.7755656, -1.2671471 ], [ 36.7756686, -1.2670184 ], [ 36.7757287, -1.2668297 ], [ 36.7757458, -1.2667181 ], [ 36.775866, -1.266598 ], [ 36.7759518, -1.2665379 ], [ 36.7762179, -1.2663405 ], [ 36.7765183, -1.2660488 ], [ 36.7766471, -1.2659458 ] ] } },
{ "type": "Feature", "properties": { "fid": 186, "osm_id": "234764453", "code": 8104, "fclass": "drain", "width": 0, "name": null }, "geometry": { "type": "LineString", "coordinates": [ [ 36.7759498, -1.3141699 ], [ 36.776013, -1.3142802 ], [ 36.7760553, -1.3143408 ], [ 36.7762166, -1.3145718 ], [ 36.7762437, -1.3146106 ], [ 36.77627, -1.3146656 ], [ 36.7763832, -1.3147628 ], [ 36.7764562, -1.3148255 ], [ 36.7769439, -1.3152004 ], [ 36.7771217, -1.3153073 ], [ 36.7772455, -1.3153866 ], [ 36.7772743, -1.3154416 ], [ 36.7770645, -1.3156959 ], [ 36.7769581, -1.3159044 ], [ 36.7769544, -1.3159135 ], [ 36.7769301, -1.3159902 ], [ 36.7769231, -1.3160124 ], [ 36.7768574, -1.3162203 ], [ 36.7767813, -1.316291 ], [ 36.7767099, -1.3163226 ], [ 36.7767263, -1.3163873 ], [ 36.7767393, -1.3164369 ] ] } },
{ "type": "Feature", "properties": { "fid": 187, "osm_id": "234764454", "code": 8104, "fclass": "drain", "width": 0, "name": null }, "geometry": { "type": "LineString", "coordinates": [ [ 36.7764562, -1.3148255 ], [ 36.7763319, -1.3149234 ], [ 36.7762902, -1.314949 ], [ 36.7761973, -1.3150097 ], [ 36.7761527, -1.3150332 ], [ 36.7760975, -1.3150577 ], [ 36.7760239, -1.3150883 ], [ 36.7759565, -1.3151343 ], [ 36.7759381, -1.315168 ], [ 36.7759152, -1.3151981 ], [ 36.7758891, -1.3152323 ], [ 36.7759075, -1.3153334 ], [ 36.7759196, -1.3153332 ], [ 36.7759626, -1.3153365 ], [ 36.7760116, -1.315354 ], [ 36.7759333, -1.3154985 ], [ 36.7759902, -1.3155878 ], [ 36.7760677, -1.3156237 ], [ 36.7761159, -1.315646 ], [ 36.7763029, -1.3157594 ], [ 36.7765886, -1.3158884 ], [ 36.7766216, -1.3159034 ], [ 36.77669, -1.3159223 ], [ 36.776708, -1.3159261 ], [ 36.7768139, -1.3159559 ], [ 36.7769301, -1.3159902 ] ] } },
{ "type": "Feature", "properties": { "fid": 188, "osm_id": "235259008", "code": 8104, "fclass": "drain", "width": 0, "name": null }, "geometry": { "type": "LineString", "coordinates": [ [ 36.7768553, -1.3124818 ], [ 36.7764776, -1.3126325 ], [ 36.7762645, -1.3126677 ] ] } },
{ "type": "Feature", "properties": { "fid": 189, "osm_id": "235259009", "code": 8104, "fclass": "drain", "width": 0, "name": null }, "geometry": { "type": "LineString", "coordinates": [ [ 36.7768136, -1.3140926 ], [ 36.7765266, -1.3143026 ], [ 36.7764568, -1.3142177 ], [ 36.7764412, -1.3142079 ], [ 36.7763167, -1.3142089 ], [ 36.7762279, -1.3142178 ], [ 36.7761206, -1.3142631 ], [ 36.7760695, -1.3143197 ], [ 36.7760553, -1.3143408 ] ] } },
{ "type": "Feature", "properties": { "fid": 190, "osm_id": "236398809", "code": 8104, "fclass": "drain", "width": 0, "name": null }, "geometry": { "type": "LineString", "coordinates": [ [ 36.7744668, -1.3114747 ], [ 36.7745691, -1.3113837 ], [ 36.7745291, -1.3113294 ], [ 36.7744976, -1.3112894 ], [ 36.7744562, -1.3112508 ], [ 36.7743431, -1.3112216 ], [ 36.7743211, -1.3112753 ], [ 36.7742918, -1.3113158 ], [ 36.7742447, -1.3113377 ], [ 36.7742174, -1.3113751 ], [ 36.7741974, -1.3113957 ], [ 36.7741803, -1.3113981 ], [ 36.7741368, -1.3114042 ], [ 36.7740924, -1.3113992 ], [ 36.7740584, -1.3113758 ] ] } },
{ "type": "Feature", "properties": { "fid": 191, "osm_id": "236398810", "code": 8104, "fclass": "drain", "width": 0, "name": "drainage system" }, "geometry": { "type": "LineString", "coordinates": [ [ 36.7740502, -1.3121814 ], [ 36.7740998, -1.3122661 ], [ 36.7740675, -1.3123176 ], [ 36.7741059, -1.31234 ], [ 36.7741231, -1.3123732 ], [ 36.7741207, -1.3123899 ], [ 36.7741173, -1.3124144 ], [ 36.7740728, -1.3124523 ], [ 36.7740064, -1.3124566 ], [ 36.7739734, -1.312468 ], [ 36.7739346, -1.3125276 ], [ 36.7738485, -1.3126426 ], [ 36.7738209, -1.3126758 ], [ 36.7737678, -1.3127219 ], [ 36.7737233, -1.3127762 ], [ 36.7736226, -1.3128607 ] ] } },
{ "type": "Feature", "properties": { "fid": 192, "osm_id": "236398812", "code": 8104, "fclass": "drain", "width": 0, "name": null }, "geometry": { "type": "LineString", "coordinates": [ [ 36.7744668, -1.3114747 ], [ 36.774456, -1.3115394 ], [ 36.774455, -1.3115621 ], [ 36.7744492, -1.3115864 ], [ 36.7743991, -1.3116343 ], [ 36.774362, -1.3116788 ], [ 36.7743116, -1.3117377 ], [ 36.7742631, -1.3117968 ], [ 36.7742369, -1.3118323 ], [ 36.7741895, -1.3118824 ], [ 36.7741902, -1.3119266 ], [ 36.7741693, -1.3119702 ], [ 36.7741374, -1.3120145 ], [ 36.7741247, -1.3120322 ], [ 36.7741139, -1.3120747 ], [ 36.774054, -1.3121141 ], [ 36.7740502, -1.3121814 ] ] } },
{ "type": "Feature", "properties": { "fid": 193, "osm_id": "236398813", "code": 8104, "fclass": "drain", "width": 0, "name": null }, "geometry": { "type": "LineString", "coordinates": [ [ 36.774259, -1.3107887 ], [ 36.7742257, -1.3108415 ], [ 36.7742058, -1.3108678 ], [ 36.7741825, -1.3109053 ], [ 36.7741486, -1.3108911 ], [ 36.7741142, -1.3109319 ], [ 36.7741391, -1.3109565 ], [ 36.774111, -1.3109891 ], [ 36.7740606, -1.3109588 ], [ 36.7740189, -1.3110237 ], [ 36.7740775, -1.3110689 ], [ 36.7741507, -1.3111267 ], [ 36.7741279, -1.3111724 ], [ 36.7740948, -1.3112222 ], [ 36.7740462, -1.3112726 ], [ 36.7740259, -1.3113192 ], [ 36.7740262, -1.3113327 ], [ 36.7740331, -1.3113434 ] ] } },
{ "type": "Feature", "properties": { "fid": 194, "osm_id": "236403267", "code": 8104, "fclass": "drain", "width": 0, "name": null }, "geometry": { "type": "LineString", "coordinates": [ [ 36.7765377, -1.3115537 ], [ 36.7764619, -1.3116659 ], [ 36.7764133, -1.3117205 ], [ 36.7763719, -1.3117801 ], [ 36.7763426, -1.3118327 ], [ 36.7763082, -1.3119014 ], [ 36.7762941, -1.3119308 ], [ 36.7762202, -1.3120854 ], [ 36.7761931, -1.3122528 ], [ 36.7761798, -1.312335 ], [ 36.7761131, -1.312616 ], [ 36.7760585, -1.3127112 ], [ 36.7760372, -1.3127484 ], [ 36.7759675, -1.312803 ], [ 36.7758825, -1.3128424 ], [ 36.7756966, -1.3129093 ] ] } },
{ "type": "Feature", "properties": { "fid": 195, "osm_id": "236403268", "code": 8104, "fclass": "drain", "width": 0, "name": null }, "geometry": { "type": "LineString", "coordinates": [ [ 36.7751747, -1.3129061 ], [ 36.7752325, -1.3129075 ], [ 36.7752856, -1.3129247 ], [ 36.7752914, -1.3129405 ], [ 36.7753083, -1.3129861 ], [ 36.7752897, -1.3130204 ], [ 36.7752844, -1.3130359 ], [ 36.7752814, -1.3130543 ], [ 36.7752727, -1.313076 ], [ 36.7752737, -1.3131125 ], [ 36.775273, -1.3131388 ], [ 36.7752539, -1.3132297 ], [ 36.7752225, -1.313252 ], [ 36.7751888, -1.3132745 ], [ 36.7750974, -1.3133207 ], [ 36.7751095, -1.3133884 ], [ 36.7751125, -1.31344 ], [ 36.7751055, -1.3134875 ], [ 36.7751125, -1.313532 ], [ 36.7751329, -1.3135553 ], [ 36.775142, -1.3136033 ] ] } },
{ "type": "Feature", "properties": { "fid": 196, "osm_id": "236403269", "code": 8104, "fclass": "drain", "width": 0, "name": null }, "geometry": { "type": "LineString", "coordinates": [ [ 36.7748789, -1.3120761 ], [ 36.7748156, -1.3121845 ], [ 36.7747993, -1.3122125 ], [ 36.7747794, -1.3122548 ], [ 36.7747588, -1.3122984 ], [ 36.774747, -1.3123075 ], [ 36.7746942, -1.3123483 ], [ 36.7746374, -1.3124038 ], [ 36.7745679, -1.312385 ], [ 36.7744938, -1.3123959 ], [ 36.774443, -1.312409 ], [ 36.7744434, -1.3124355 ], [ 36.7744569, -1.3125365 ], [ 36.7744719, -1.312557 ], [ 36.7744991, -1.3125846 ], [ 36.774499, -1.3126045 ], [ 36.7744554, -1.3126542 ], [ 36.7744303, -1.3126481 ], [ 36.7744141, -1.3126441 ], [ 36.7743261, -1.3125723 ], [ 36.7742408, -1.3126085 ], [ 36.7741815, -1.3126572 ], [ 36.7740986, -1.3127603 ], [ 36.7740643, -1.3128048 ], [ 36.774011, -1.3128484 ], [ 36.7739744, -1.3128618 ], [ 36.7739205, -1.3128669 ], [ 36.7737737, -1.3129746 ] ] } },
{ "type": "Feature", "properties": { "fid": 197, "osm_id": "236403271", "code": 8104, "fclass": "drain", "width": 0, "name": null }, "geometry": { "type": "LineString", "coordinates": [ [ 36.7747455, -1.311092 ], [ 36.7747374, -1.311186 ], [ 36.7747273, -1.3113295 ], [ 36.7747514, -1.3113841 ], [ 36.7747758, -1.3114215 ], [ 36.7747929, -1.3114659 ], [ 36.7748194, -1.3115001 ], [ 36.7748222, -1.3115478 ], [ 36.7748343, -1.3115812 ], [ 36.7748698, -1.3116449 ], [ 36.7749, -1.3116964 ], [ 36.7749172, -1.3117216 ], [ 36.7749436, -1.3117642 ], [ 36.7749557, -1.3117782 ], [ 36.7749779, -1.3118146 ], [ 36.7750194, -1.3118794 ], [ 36.7750628, -1.3119358 ], [ 36.7750901, -1.3119693 ], [ 36.7751135, -1.3119956 ], [ 36.7752569, -1.3121724 ], [ 36.7753277, -1.3122715 ], [ 36.7753621, -1.3123352 ], [ 36.7753954, -1.3124069 ], [ 36.775448, -1.312503 ], [ 36.7754638, -1.3125278 ], [ 36.7754814, -1.3125555 ], [ 36.7755067, -1.312604 ], [ 36.775538, -1.3126536 ], [ 36.7755724, -1.3127112 ], [ 36.775627, -1.3128042 ], [ 36.7756966, -1.3129093 ], [ 36.7757554, -1.3130205 ], [ 36.775809, -1.3131559 ], [ 36.7758393, -1.3132287 ], [ 36.7758585, -1.3132782 ], [ 36.775904, -1.3133985 ], [ 36.7759293, -1.3134571 ], [ 36.7759262, -1.3135238 ], [ 36.7759394, -1.3136401 ], [ 36.775961, -1.3137574 ] ] } },
{ "type": "Feature", "properties": { "fid": 198, "osm_id": "236403273", "code": 8104, "fclass": "drain", "width": 0, "name": null }, "geometry": { "type": "LineString", "coordinates": [ [ 36.7750883, -1.3131206 ], [ 36.7750883, -1.3131732 ], [ 36.7750903, -1.3132075 ], [ 36.7750964, -1.3132439 ], [ 36.7750994, -1.3132884 ], [ 36.7750974, -1.3133207 ] ] } },
{ "type": "Feature", "properties": { "fid": 199, "osm_id": "237348749", "code": 8104, "fclass": "drain", "width": 0, "name": "drainage system" }, "geometry": { "type": "LineString", "coordinates": [ [ 36.7733543, -1.3097742 ], [ 36.7733089, -1.3098077 ], [ 36.7731765, -1.3098898 ], [ 36.7731088, -1.3099343 ], [ 36.7730466, -1.3099686 ], [ 36.7729944, -1.3100001 ], [ 36.7729063, -1.3100582 ], [ 36.7728646, -1.3100014 ], [ 36.7728033, -1.3100356 ], [ 36.7727912, -1.3100293 ], [ 36.7727614, -1.3100487 ], [ 36.7727416, -1.3100829 ], [ 36.7726526, -1.3101379 ], [ 36.7725941, -1.310171 ], [ 36.7725596, -1.3101885 ], [ 36.7725381, -1.3101928 ], [ 36.7725264, -1.3101868 ], [ 36.772516, -1.3101898 ], [ 36.7724533, -1.3102216 ], [ 36.7724144, -1.3102398 ], [ 36.7723664, -1.3102716 ], [ 36.7723024, -1.3103137 ], [ 36.7722583, -1.3102503 ], [ 36.7722184, -1.3102009 ], [ 36.77219, -1.310217 ], [ 36.7721549, -1.3102293 ], [ 36.7720902, -1.3102604 ], [ 36.7720625, -1.3102738 ], [ 36.7720067, -1.3102944 ], [ 36.771944, -1.3103073 ], [ 36.7718487, -1.3103662 ] ] } },
{ "type": "Feature", "properties": { "fid": 200, "osm_id": "237348751", "code": 8104, "fclass": "drain", "width": 0, "name": null }, "geometry": { "type": "LineString", "coordinates": [ [ 36.775643, -1.3113465 ], [ 36.7756229, -1.3119582 ], [ 36.7755813, -1.3122083 ], [ 36.775501, -1.312466 ], [ 36.7754638, -1.3125278 ] ] } },
{ "type": "Feature", "properties": { "fid": 201, "osm_id": "237348753", "code": 8104, "fclass": "drain", "width": 0, "name": "drainage system" }, "geometry": { "type": "LineString", "coordinates": [ [ 36.7732326, -1.3094949 ], [ 36.773204, -1.3095139 ], [ 36.7731862, -1.3094997 ], [ 36.7731647, -1.3094973 ], [ 36.7731251, -1.3095227 ], [ 36.7730727, -1.3095439 ], [ 36.7730266, -1.309561 ], [ 36.7729719, -1.3095838 ], [ 36.7729317, -1.3096073 ], [ 36.7729382, -1.3096412 ], [ 36.7729572, -1.3096684 ], [ 36.7728871, -1.3097095 ], [ 36.772868, -1.3096875 ], [ 36.7727812, -1.3097349 ], [ 36.7727412, -1.3097622 ], [ 36.7727305, -1.3097782 ], [ 36.7726262, -1.3098433 ], [ 36.7725491, -1.3099042 ], [ 36.7724794, -1.3099632 ], [ 36.7723901, -1.3100012 ], [ 36.7723396, -1.3099679 ], [ 36.7723136, -1.3099736 ], [ 36.772289, -1.3099723 ], [ 36.7722338, -1.3099849 ], [ 36.772185, -1.3100175 ], [ 36.7721587, -1.310038 ], [ 36.7721662, -1.3100616 ], [ 36.7721329, -1.3100795 ], [ 36.7721306, -1.3100915 ], [ 36.7720939, -1.3101093 ], [ 36.7720516, -1.3101282 ], [ 36.7719961, -1.310138 ], [ 36.7719049, -1.3101656 ], [ 36.7718988, -1.3102155 ], [ 36.7718451, -1.3102265 ] ] } },
{ "type": "Feature", "properties": { "fid": 202, "osm_id": "237352969", "code": 8104, "fclass": "drain", "width": 0, "name": "Drainage" }, "geometry": { "type": "LineString", "coordinates": [ [ 36.7733587, -1.3100962 ], [ 36.7733466, -1.3101156 ], [ 36.7730958, -1.3102537 ], [ 36.7730756, -1.3102411 ], [ 36.7730353, -1.3102693 ], [ 36.7729786, -1.3103056 ], [ 36.7729485, -1.3103273 ] ] } },
{ "type": "Feature", "properties": { "fid": 203, "osm_id": "237352970", "code": 8104, "fclass": "drain", "width": 0, "name": "Drainage" }, "geometry": { "type": "LineString", "coordinates": [ [ 36.7731284, -1.3105399 ], [ 36.7731729, -1.310614 ], [ 36.7731429, -1.3106339 ], [ 36.773118, -1.3106437 ], [ 36.7730886, -1.3106611 ], [ 36.7731094, -1.3107102 ], [ 36.7729813, -1.3107764 ], [ 36.7728891, -1.3108374 ], [ 36.7728683, -1.310825 ], [ 36.7728003, -1.3108624 ], [ 36.7728133, -1.3108897 ], [ 36.7727882, -1.3109011 ], [ 36.7727976, -1.3109303 ], [ 36.7727463, -1.3109681 ], [ 36.7727644, -1.3110137 ], [ 36.7726294, -1.3110522 ], [ 36.772531, -1.3110948 ], [ 36.7725428, -1.3111224 ], [ 36.7724491, -1.3111693 ], [ 36.7722843, -1.3113266 ] ] } },
{ "type": "Feature", "properties": { "fid": 204, "osm_id": "237352971", "code": 8104, "fclass": "drain", "width": 0, "name": "Drainage" }, "geometry": { "type": "LineString", "coordinates": [ [ 36.7736416, -1.310294 ], [ 36.7735329, -1.3103685 ], [ 36.7734507, -1.3104174 ], [ 36.7733961, -1.3104439 ], [ 36.7733759, -1.3104308 ], [ 36.7732523, -1.3104714 ], [ 36.7731525, -1.3105268 ], [ 36.7731284, -1.3105399 ], [ 36.7731079, -1.3105101 ], [ 36.7730647, -1.3105338 ], [ 36.7730059, -1.3105503 ], [ 36.7729734, -1.3105722 ], [ 36.7729333, -1.3105916 ], [ 36.7728958, -1.3106093 ], [ 36.7728717, -1.3105994 ], [ 36.7728318, -1.3106175 ], [ 36.7727578, -1.3106579 ], [ 36.7725927, -1.3107724 ], [ 36.772648, -1.3108441 ], [ 36.7725431, -1.310924 ], [ 36.7725794, -1.3109848 ], [ 36.7726035, -1.3110196 ], [ 36.7726294, -1.3110522 ] ] } },
{ "type": "Feature", "properties": { "fid": 205, "osm_id": "237352972", "code": 8104, "fclass": "drain", "width": 0, "name": "Drainage" }, "geometry": { "type": "LineString", "coordinates": [ [ 36.7733316, -1.3109248 ], [ 36.773329, -1.3109269 ], [ 36.7733388, -1.3109453 ], [ 36.7733474, -1.3109567 ], [ 36.7732961, -1.3109926 ], [ 36.7733089, -1.3110224 ], [ 36.7732599, -1.3110462 ], [ 36.773266, -1.311064 ], [ 36.7731753, -1.3111095 ], [ 36.773185, -1.3111238 ], [ 36.773202, -1.3111681 ], [ 36.7731587, -1.3111798 ], [ 36.7730876, -1.3112403 ], [ 36.7730817, -1.3112188 ], [ 36.7730623, -1.3111895 ], [ 36.7730038, -1.3112236 ], [ 36.7730121, -1.3112431 ], [ 36.7728773, -1.3113 ], [ 36.7728387, -1.3113093 ], [ 36.7728042, -1.311315 ], [ 36.7727383, -1.3113693 ], [ 36.7727245, -1.3113756 ], [ 36.7727082, -1.3113799 ], [ 36.7726427, -1.3114194 ], [ 36.7725828, -1.3114166 ], [ 36.7725606, -1.3114104 ], [ 36.7725133, -1.3114317 ], [ 36.7724519, -1.3114662 ], [ 36.7723955, -1.3115544 ] ] } },
{ "type": "Feature", "properties": { "fid": 206, "osm_id": "237352973", "code": 8104, "fclass": "drain", "width": 0, "name": "Drainage-cemented" }, "geometry": { "type": "LineString", "coordinates": [ [ 36.7760689, -1.3113529 ], [ 36.7760623, -1.3113779 ], [ 36.7760158, -1.3117397 ], [ 36.7760139, -1.3117545 ], [ 36.7759686, -1.3121075 ], [ 36.7761292, -1.3122367 ], [ 36.7761931, -1.3122528 ] ] } },
{ "type": "Feature", "properties": { "fid": 207, "osm_id": "237352980", "code": 8104, "fclass": "drain", "width": 0, "name": "Drainage" }, "geometry": { "type": "LineString", "coordinates": [ [ 36.7731724, -1.3100408 ], [ 36.7731028, -1.3100941 ], [ 36.7730963, -1.3101137 ], [ 36.7730948, -1.310167 ], [ 36.7730457, -1.3101976 ], [ 36.7730189, -1.3102153 ], [ 36.7729893, -1.3102318 ], [ 36.7729552, -1.3102549 ], [ 36.7729582, -1.3102941 ], [ 36.7729501, -1.3103082 ], [ 36.7729485, -1.3103273 ], [ 36.7728985, -1.3103675 ], [ 36.772886, -1.3103803 ], [ 36.7728492, -1.3104055 ], [ 36.7728402, -1.310427 ], [ 36.7727933, -1.3104707 ], [ 36.772799, -1.310499 ], [ 36.7728241, -1.3105364 ], [ 36.7727949, -1.3105652 ], [ 36.7727713, -1.3105884 ], [ 36.7727777, -1.3106387 ], [ 36.7727578, -1.3106579 ] ] } },
{ "type": "Feature", "properties": { "fid": 208, "osm_id": "238451653", "code": 8104, "fclass": "drain", "width": 0, "name": null }, "geometry": { "type": "LineString", "coordinates": [ [ 36.7825407, -1.3149295 ], [ 36.7825488, -1.3149317 ], [ 36.7825893, -1.3149549 ], [ 36.7827256, -1.3152568 ], [ 36.7827655, -1.3153007 ], [ 36.7828804, -1.3154085 ], [ 36.7829876, -1.3155518 ], [ 36.7830733, -1.3157148 ], [ 36.7831163, -1.3158933 ], [ 36.7831757, -1.3159668 ], [ 36.7832326, -1.3160167 ], [ 36.7833229, -1.3161046 ], [ 36.783401, -1.3161928 ], [ 36.7834354, -1.3162426 ], [ 36.7834911, -1.316328 ], [ 36.7836771, -1.3165401 ], [ 36.7837135, -1.3166104 ], [ 36.7837123, -1.3166487 ] ] } },
{ "type": "Feature", "properties": { "fid": 209, "osm_id": "238451654", "code": 8104, "fclass": "drain", "width": 0, "name": null }, "geometry": { "type": "LineString", "coordinates": [ [ 36.7848876, -1.3149299 ], [ 36.7848858, -1.314997 ], [ 36.7848799, -1.3150649 ], [ 36.7848688, -1.3152032 ], [ 36.7848488, -1.3152232 ], [ 36.7847869, -1.3152403 ], [ 36.7847774, -1.3153154 ], [ 36.7847822, -1.3153516 ], [ 36.7848031, -1.3154229 ], [ 36.7847974, -1.315461 ], [ 36.7847965, -1.3154971 ] ] } },
{ "type": "Feature", "properties": { "fid": 210, "osm_id": "238451656", "code": 8104, "fclass": "drain", "width": 0, "name": null }, "geometry": { "type": "LineString", "coordinates": [ [ 36.7852628, -1.3154546 ], [ 36.7852418, -1.3154886 ], [ 36.785237, -1.3155333 ], [ 36.7852494, -1.3155856 ], [ 36.7852836, -1.3155932 ], [ 36.7852884, -1.3156284 ], [ 36.7852941, -1.3156683 ], [ 36.7852903, -1.3156978 ], [ 36.7852703, -1.3157112 ], [ 36.7852351, -1.3157054 ], [ 36.7851866, -1.3156997 ], [ 36.7851419, -1.3157007 ], [ 36.7851034, -1.3157146 ] ] } },
{ "type": "Feature", "properties": { "fid": 211, "osm_id": "238451658", "code": 8104, "fclass": "drain", "width": 0, "name": "drainage system" }, "geometry": { "type": "LineString", "coordinates": [ [ 36.7834098, -1.3151506 ], [ 36.7833229, -1.3152185 ], [ 36.7833174, -1.315343 ], [ 36.7834158, -1.3154244 ], [ 36.7834365, -1.3154969 ], [ 36.7834572, -1.3155383 ], [ 36.7834631, -1.3155798 ], [ 36.7834587, -1.3156626 ], [ 36.783401, -1.3157189 ], [ 36.7833802, -1.315747 ], [ 36.7833876, -1.3158032 ], [ 36.7833995, -1.3158447 ], [ 36.783435, -1.3158964 ], [ 36.7835001, -1.3159038 ], [ 36.7835268, -1.3159157 ], [ 36.7836334, -1.316114 ], [ 36.7836471, -1.3161354 ], [ 36.783694, -1.3162087 ], [ 36.7837281, -1.3163108 ], [ 36.7837932, -1.3164129 ], [ 36.7839423, -1.3165472 ] ] } },
{ "type": "Feature", "properties": { "fid": 212, "osm_id": "238451659", "code": 8104, "fclass": "drain", "width": 0, "name": null }, "geometry": { "type": "LineString", "coordinates": [ [ 36.7822537, -1.3140296 ], [ 36.7823323, -1.3142319 ], [ 36.7823585, -1.3142998 ], [ 36.7823488, -1.3143498 ], [ 36.7823881, -1.3143784 ], [ 36.7824973, -1.314408 ], [ 36.7825734, -1.3144235 ], [ 36.7825836, -1.3144434 ], [ 36.7826084, -1.3144832 ], [ 36.7828345, -1.3145055 ], [ 36.783, -1.314538 ], [ 36.7830684, -1.3145574 ], [ 36.7831815, -1.3146113 ], [ 36.7832635, -1.3146598 ], [ 36.7834178, -1.3147127 ], [ 36.7837216, -1.314719 ], [ 36.7837987, -1.3147272 ], [ 36.7838773, -1.3147335 ], [ 36.7840122, -1.3147592 ], [ 36.7840326, -1.3147694 ], [ 36.7840744, -1.3148471 ], [ 36.7841025, -1.3149548 ], [ 36.7841408, -1.3150489 ], [ 36.7841898, -1.3151013 ], [ 36.7842117, -1.3151318 ], [ 36.7842393, -1.3152007 ] ] } },
{ "type": "Feature", "properties": { "fid": 213, "osm_id": "238451660", "code": 8104, "fclass": "drain", "width": 0, "name": "drainage system" }, "geometry": { "type": "LineString", "coordinates": [ [ 36.7838253, -1.3155562 ], [ 36.7837586, -1.3155319 ], [ 36.7836949, -1.3155243 ] ] } },
{ "type": "Feature", "properties": { "fid": 214, "osm_id": "238451661", "code": 8104, "fclass": "drain", "width": 0, "name": null }, "geometry": { "type": "LineString", "coordinates": [ [ 36.784361, -1.3156488 ], [ 36.7843605, -1.315646 ], [ 36.7843547, -1.3156295 ], [ 36.7843382, -1.3155619 ], [ 36.7843185, -1.3154811 ], [ 36.7843197, -1.3154413 ], [ 36.7843136, -1.3153894 ], [ 36.7842695, -1.3151924 ], [ 36.7842393, -1.3152007 ], [ 36.7840932, -1.3152469 ], [ 36.7840449, -1.3152711 ], [ 36.7839968, -1.3152922 ], [ 36.7839348, -1.3153204 ], [ 36.783902, -1.3153439 ], [ 36.7839077, -1.3153934 ], [ 36.7838976, -1.3154355 ], [ 36.7839134, -1.3154847 ], [ 36.783902, -1.3155123 ], [ 36.7838281, -1.315559 ], [ 36.7837614, -1.3155347 ], [ 36.7836977, -1.3155271 ], [ 36.7836835, -1.3155651 ], [ 36.7836861, -1.3155957 ], [ 36.7837159, -1.3156651 ], [ 36.7837457, -1.315723 ], [ 36.783775, -1.3157665 ], [ 36.7837785, -1.3158551 ], [ 36.7837836, -1.3158865 ], [ 36.7837932, -1.3159201 ], [ 36.7838008, -1.3160047 ], [ 36.7838074, -1.3160737 ], [ 36.7837897, -1.3161018 ], [ 36.7837553, -1.3161099 ], [ 36.7837189, -1.316124 ], [ 36.7836499, -1.3161382 ] ] } },
{ "type": "Feature", "properties": { "fid": 215, "osm_id": "238451662", "code": 8104, "fclass": "drain", "width": 0, "name": null }, "geometry": { "type": "LineString", "coordinates": [ [ 36.7839272, -1.3138697 ], [ 36.7838709, -1.3137261 ], [ 36.7838665, -1.3136921 ], [ 36.7838828, -1.3135761 ] ] } },
{ "type": "Feature", "properties": { "fid": 216, "osm_id": "238451664", "code": 8104, "fclass": "drain", "width": 0, "name": null }, "geometry": { "type": "LineString", "coordinates": [ [ 36.7846033, -1.3155277 ], [ 36.7847188, -1.3155211 ], [ 36.7847755, -1.3155114 ], [ 36.7847965, -1.3154971 ], [ 36.784864, -1.3154981 ], [ 36.7848954, -1.3154876 ], [ 36.7849181, -1.3154833 ], [ 36.7849401, -1.3155409 ], [ 36.7849696, -1.3156351 ], [ 36.7850077, -1.3156769 ], [ 36.7850505, -1.3156902 ], [ 36.7850943, -1.3156902 ], [ 36.7851034, -1.3157146 ], [ 36.7851761, -1.31591 ], [ 36.7851857, -1.3159494 ] ] } },
{ "type": "Feature", "properties": { "fid": 217, "osm_id": "238451665", "code": 8104, "fclass": "drain", "width": 0, "name": null }, "geometry": { "type": "LineString", "coordinates": [ [ 36.7840449, -1.3152711 ], [ 36.7840975, -1.3153683 ], [ 36.7841171, -1.3154129 ], [ 36.784141, -1.3154617 ], [ 36.7841529, -1.315529 ], [ 36.7841697, -1.3155869 ], [ 36.7841875, -1.3156525 ], [ 36.7842164, -1.3156682 ], [ 36.7842807, -1.3156595 ], [ 36.7843577, -1.3156432 ] ] } },
{ "type": "Feature", "properties": { "fid": 218, "osm_id": "238451666", "code": 8104, "fclass": "drain", "width": 0, "name": "drainage system" }, "geometry": { "type": "LineString", "coordinates": [ [ 36.7828658, -1.3151468 ], [ 36.7828235, -1.3151726 ], [ 36.7828023, -1.3151859 ], [ 36.7827743, -1.3152112 ], [ 36.782755, -1.3152245 ], [ 36.7827366, -1.3152328 ], [ 36.7827256, -1.3152568 ] ] } },
{ "type": "Feature", "properties": { "fid": 219, "osm_id": "238451667", "code": 8104, "fclass": "drain", "width": 0, "name": null }, "geometry": { "type": "LineString", "coordinates": [ [ 36.7845467, -1.3153133 ], [ 36.7844482, -1.3153516 ], [ 36.7844368, -1.3154039 ], [ 36.7844463, -1.3154581 ], [ 36.7844587, -1.3154971 ], [ 36.7844805, -1.3156113 ], [ 36.7845004, -1.3157325 ] ] } },
{ "type": "Feature", "properties": { "fid": 220, "osm_id": "238451670", "code": 8104, "fclass": "drain", "width": 0, "name": null }, "geometry": { "type": "LineString", "coordinates": [ [ 36.7855786, -1.3153735 ], [ 36.7856852, -1.3153782 ], [ 36.7857984, -1.3153972 ], [ 36.7858336, -1.3154229 ], [ 36.7858479, -1.3155685 ], [ 36.7858698, -1.3156779 ], [ 36.785895, -1.3157972 ], [ 36.7859005, -1.3159213 ], [ 36.7858392, -1.3160856 ], [ 36.785781, -1.3161683 ] ] } },
{ "type": "Feature", "properties": { "fid": 221, "osm_id": "238451673", "code": 8104, "fclass": "drain", "width": 0, "name": null }, "geometry": { "type": "LineString", "coordinates": [ [ 36.7848876, -1.3149299 ], [ 36.7848409, -1.314891 ], [ 36.7847698, -1.3148588 ], [ 36.7847013, -1.3148478 ], [ 36.7845681, -1.3147916 ], [ 36.7845104, -1.3146199 ], [ 36.784429, -1.3144956 ], [ 36.784238, -1.3142825 ], [ 36.7841092, -1.3141109 ], [ 36.7839272, -1.3138697 ] ] } },
{ "type": "Feature", "properties": { "fid": 222, "osm_id": "238536275", "code": 8104, "fclass": "drain", "width": 0, "name": "Drainage" }, "geometry": { "type": "LineString", "coordinates": [ [ 36.7733087, -1.3114252 ], [ 36.7732844, -1.3114022 ], [ 36.7732593, -1.3114234 ], [ 36.7732238, -1.3113937 ], [ 36.7731951, -1.3114066 ], [ 36.7731522, -1.311428 ], [ 36.7731412, -1.3114293 ], [ 36.773115, -1.3114323 ], [ 36.7730635, -1.3113995 ], [ 36.7730513, -1.3114162 ], [ 36.7730326, -1.3114348 ], [ 36.7729521, -1.3115008 ], [ 36.7728772, -1.3115505 ], [ 36.7728169, -1.311481 ], [ 36.7727715, -1.311415 ], [ 36.7727383, -1.3113693 ] ] } },
{ "type": "Feature", "properties": { "fid": 223, "osm_id": "239430637", "code": 8101, "fclass": "river", "width": 0, "name": "Mto Nairobi" }, "geometry": { "type": "LineString", "coordinates": [ [ 36.8121722, -1.2744457 ], [ 36.8121946, -1.2744367 ], [ 36.8125666, -1.2744662 ], [ 36.8128179, -1.274362 ], [ 36.8130142, -1.2743987 ], [ 36.8133178, -1.2745083 ], [ 36.8134755, -1.2746372 ], [ 36.8136523, -1.2747857 ], [ 36.8139508, -1.2750416 ], [ 36.8143779, -1.2753276 ], [ 36.8148413, -1.2755247 ], [ 36.8152266, -1.2756528 ] ] } },
{ "type": "Feature", "properties": { "fid": 224, "osm_id": "239430640", "code": 8102, "fclass": "stream", "width": 0, "name": "Mto Nairobi" }, "geometry": { "type": "LineString", "coordinates": [ [ 36.8107272, -1.2742074 ], [ 36.8118502, -1.2746011 ] ] } },
{ "type": "Feature", "properties": { "fid": 225, "osm_id": "239430642", "code": 8102, "fclass": "stream", "width": 0, "name": "Mto Nairobi" }, "geometry": { "type": "LineString", "coordinates": [ [ 36.8105927, -1.2742112 ], [ 36.8107272, -1.2742074 ] ] } },
{ "type": "Feature", "properties": { "fid": 226, "osm_id": "239430644", "code": 8102, "fclass": "stream", "width": 0, "name": "Mto Nairobi" }, "geometry": { "type": "LineString", "coordinates": [ [ 36.8104203, -1.2742131 ], [ 36.8105927, -1.2742112 ] ] } },
{ "type": "Feature", "properties": { "fid": 227, "osm_id": "239567538", "code": 8104, "fclass": "drain", "width": 0, "name": "drainage system" }, "geometry": { "type": "LineString", "coordinates": [ [ 36.7804568, -1.3161961 ], [ 36.780457, -1.3162133 ], [ 36.7804557, -1.3162761 ], [ 36.7804368, -1.316471 ], [ 36.7804345, -1.3164987 ], [ 36.7804127, -1.3165023 ], [ 36.7804075, -1.3165571 ], [ 36.7803966, -1.3165601 ], [ 36.7803926, -1.3165708 ], [ 36.7803849, -1.3165738 ], [ 36.7803762, -1.3166016 ], [ 36.7803768, -1.3167069 ], [ 36.7803922, -1.3167073 ], [ 36.7804167, -1.3167079 ], [ 36.7804416, -1.3167173 ], [ 36.7804922, -1.3167139 ], [ 36.7806085, -1.3167116 ], [ 36.7806172, -1.3167578 ], [ 36.7805862, -1.3168096 ], [ 36.7806648, -1.3168609 ], [ 36.780765, -1.3172808 ], [ 36.780806, -1.3174004 ] ] } },
{ "type": "Feature", "properties": { "fid": 228, "osm_id": "239567539", "code": 8104, "fclass": "drain", "width": 0, "name": "drainage system" }, "geometry": { "type": "LineString", "coordinates": [ [ 36.7823272, -1.315912 ], [ 36.7824331, -1.31588 ], [ 36.782642, -1.3161038 ], [ 36.7827842, -1.316103 ], [ 36.7828316, -1.3160412 ], [ 36.7829376, -1.3161263 ], [ 36.7829609, -1.3162331 ], [ 36.783054, -1.3162813 ], [ 36.7832379, -1.3162387 ], [ 36.7833241, -1.3162478 ], [ 36.7834097, -1.316264 ] ] } },
{ "type": "Feature", "properties": { "fid": 229, "osm_id": "239567540", "code": 8104, "fclass": "drain", "width": 0, "name": "drainage system" }, "geometry": { "type": "LineString", "coordinates": [ [ 36.7807219, -1.315104 ], [ 36.7804471, -1.3157681 ], [ 36.7803955, -1.3158694 ], [ 36.7803219, -1.3160348 ], [ 36.7802953, -1.3160517 ], [ 36.7802808, -1.3160512 ], [ 36.7802321, -1.3160663 ], [ 36.7801377, -1.3162926 ], [ 36.7801214, -1.3167096 ], [ 36.7801247, -1.3168408 ], [ 36.7802036, -1.3168706 ], [ 36.7801906, -1.3171137 ] ] } },
{ "type": "Feature", "properties": { "fid": 230, "osm_id": "239567541", "code": 8104, "fclass": "drain", "width": 0, "name": "drainage system" }, "geometry": { "type": "LineString", "coordinates": [ [ 36.7790096, -1.3156036 ], [ 36.7790073, -1.3156128 ], [ 36.7789579, -1.315602 ], [ 36.7790186, -1.3156827 ], [ 36.7791156, -1.3157613 ], [ 36.7791687, -1.3158191 ], [ 36.7791743, -1.3160215 ], [ 36.7790093, -1.3162423 ], [ 36.7788298, -1.3164767 ], [ 36.7788122, -1.3164968 ], [ 36.7788154, -1.3166284 ], [ 36.778678, -1.3166967 ], [ 36.7785389, -1.3167633 ] ] } },
{ "type": "Feature", "properties": { "fid": 231, "osm_id": "239567542", "code": 8104, "fclass": "drain", "width": 0, "name": "drainage system" }, "geometry": { "type": "LineString", "coordinates": [ [ 36.7798224, -1.3153639 ], [ 36.7797872, -1.3153858 ], [ 36.7797885, -1.315413 ], [ 36.7796763, -1.3154362 ], [ 36.7797002, -1.3155762 ], [ 36.7797613, -1.3155868 ], [ 36.7797918, -1.3156187 ], [ 36.7797583, -1.3158148 ], [ 36.7797454, -1.3158595 ], [ 36.7797886, -1.3161521 ], [ 36.7798478, -1.3163687 ] ] } },
{ "type": "Feature", "properties": { "fid": 232, "osm_id": "239567543", "code": 8104, "fclass": "drain", "width": 0, "name": null }, "geometry": { "type": "LineString", "coordinates": [ [ 36.7815021, -1.3145035 ], [ 36.782115, -1.3143604 ], [ 36.7825136, -1.3144512 ], [ 36.7825269, -1.3147036 ], [ 36.7825366, -1.3149293 ], [ 36.7825563, -1.3150044 ], [ 36.782696, -1.3153013 ], [ 36.7829794, -1.3155987 ], [ 36.7830789, -1.315999 ] ] } },
{ "type": "Feature", "properties": { "fid": 233, "osm_id": "239567544", "code": 8104, "fclass": "drain", "width": 0, "name": "drainage system" }, "geometry": { "type": "LineString", "coordinates": [ [ 36.7794604, -1.3152975 ], [ 36.7795101, -1.3153991 ], [ 36.7794994, -1.315532 ], [ 36.7795487, -1.315544 ], [ 36.779617, -1.3155448 ], [ 36.7796065, -1.3156074 ], [ 36.7796065, -1.3157085 ], [ 36.7796256, -1.3157103 ], [ 36.7796077, -1.3157844 ], [ 36.7795949, -1.3158684 ], [ 36.7796204, -1.31608 ], [ 36.7797103, -1.3161854 ], [ 36.7797615, -1.3163479 ], [ 36.7798478, -1.3163687 ], [ 36.7798983, -1.3167494 ], [ 36.7799076, -1.3168502 ], [ 36.7799812, -1.3168809 ], [ 36.7799785, -1.3169295 ], [ 36.7799708, -1.3169536 ], [ 36.7799474, -1.3169744 ], [ 36.7799454, -1.317046 ], [ 36.779949, -1.3170924 ], [ 36.7801713, -1.3170974 ], [ 36.7801906, -1.3171137 ], [ 36.7802004, -1.3171262 ], [ 36.7802049, -1.3172132 ], [ 36.7801944, -1.3174735 ], [ 36.7801892, -1.317602 ] ] } },
{ "type": "Feature", "properties": { "fid": 234, "osm_id": "239567545", "code": 8104, "fclass": "drain", "width": 0, "name": "drainage system" }, "geometry": { "type": "LineString", "coordinates": [ [ 36.7813704, -1.3164687 ], [ 36.7813822, -1.3167226 ], [ 36.7813328, -1.3168389 ], [ 36.7813551, -1.3169483 ], [ 36.7814032, -1.3170034 ] ] } },
{ "type": "Feature", "properties": { "fid": 235, "osm_id": "239567546", "code": 8104, "fclass": "drain", "width": 0, "name": "drainage system" }, "geometry": { "type": "LineString", "coordinates": [ [ 36.7798586, -1.3154213 ], [ 36.7799269, -1.3154245 ], [ 36.7799365, -1.3156011 ], [ 36.779967, -1.3156702 ], [ 36.7799871, -1.3161543 ], [ 36.7798478, -1.3163687 ] ] } },
{ "type": "Feature", "properties": { "fid": 236, "osm_id": "239567547", "code": 8104, "fclass": "drain", "width": 0, "name": "drainage system" }, "geometry": { "type": "LineString", "coordinates": [ [ 36.7821163, -1.3157983 ], [ 36.7820724, -1.3158591 ], [ 36.7821888, -1.3160026 ], [ 36.7820853, -1.3161047 ], [ 36.7818554, -1.3164581 ], [ 36.7818089, -1.3164478 ], [ 36.781754, -1.3169369 ], [ 36.781727, -1.3171776 ] ] } },
{ "type": "Feature", "properties": { "fid": 237, "osm_id": "239567548", "code": 8104, "fclass": "drain", "width": 0, "name": "drainage system" }, "geometry": { "type": "LineString", "coordinates": [ [ 36.7812568, -1.3163166 ], [ 36.7812575, -1.3164804 ], [ 36.7810635, -1.3166062 ], [ 36.7810365, -1.3167943 ], [ 36.780973, -1.3168707 ], [ 36.7810247, -1.3170176 ], [ 36.7810296, -1.3170381 ], [ 36.7810823, -1.3170779 ], [ 36.7811356, -1.31709 ], [ 36.7811815, -1.3171088 ], [ 36.7811619, -1.3172097 ] ] } },
{ "type": "Feature", "properties": { "fid": 238, "osm_id": "239567549", "code": 8104, "fclass": "drain", "width": 0, "name": "drainage system" }, "geometry": { "type": "LineString", "coordinates": [ [ 36.7815815, -1.316484 ], [ 36.781563, -1.3166285 ], [ 36.7815052, -1.3166558 ], [ 36.7814787, -1.3166943 ], [ 36.7814602, -1.3168445 ], [ 36.7814546, -1.3168665 ], [ 36.781499, -1.3168825 ], [ 36.7814032, -1.3170034 ], [ 36.7814082, -1.3171098 ] ] } },
{ "type": "Feature", "properties": { "fid": 239, "osm_id": "239567550", "code": 8104, "fclass": "drain", "width": 0, "name": "drainage system" }, "geometry": { "type": "LineString", "coordinates": [ [ 36.7794538, -1.3157379 ], [ 36.7794578, -1.3159288 ], [ 36.7794969, -1.3160722 ], [ 36.7794737, -1.3161664 ], [ 36.7793255, -1.3164554 ], [ 36.7793704, -1.3165304 ], [ 36.7793748, -1.3166945 ], [ 36.7795839, -1.3169659 ], [ 36.7796992, -1.3174923 ] ] } },
{ "type": "Feature", "properties": { "fid": 240, "osm_id": "243189080", "code": 8102, "fclass": "stream", "width": 0, "name": "Kiu River" }, "geometry": { "type": "LineString", "coordinates": [ [ 36.8976063, -1.186997 ], [ 36.8976984, -1.1870597 ], [ 36.8980771, -1.187249 ], [ 36.8988346, -1.1875124 ], [ 36.8990569, -1.1875453 ], [ 36.8992956, -1.1876441 ], [ 36.8995261, -1.187784 ], [ 36.9000695, -1.1880968 ], [ 36.90044, -1.1881133 ], [ 36.9006294, -1.1882285 ], [ 36.9008434, -1.1883602 ], [ 36.9011974, -1.1884837 ], [ 36.9015268, -1.1885907 ], [ 36.9019137, -1.1887224 ], [ 36.9023665, -1.1889117 ], [ 36.9027699, -1.1891093 ], [ 36.903338, -1.1892492 ], [ 36.9039637, -1.1894385 ], [ 36.9044083, -1.1893891 ], [ 36.9048117, -1.1893891 ], [ 36.9049929, -1.1893398 ], [ 36.9052728, -1.1893974 ], [ 36.9054621, -1.189455 ], [ 36.9056597, -1.1895208 ], [ 36.9059232, -1.1896608 ], [ 36.9061287, -1.1897114 ] ] } },
{ "type": "Feature", "properties": { "fid": 241, "osm_id": "245605535", "code": 8102, "fclass": "stream", "width": 0, "name": null }, "geometry": { "type": "LineString", "coordinates": [ [ 36.7718491, -1.3087753 ], [ 36.7718568, -1.3088984 ], [ 36.7718894, -1.3090639 ], [ 36.7719301, -1.3092679 ], [ 36.7719269, -1.3093006 ], [ 36.771925, -1.3093181 ], [ 36.7718234, -1.3095302 ], [ 36.771735, -1.3096452 ], [ 36.7717827, -1.3096864 ], [ 36.7718551, -1.3097665 ], [ 36.7718752, -1.3098741 ], [ 36.7718611, -1.3099566 ], [ 36.7718474, -1.3100856 ], [ 36.7718451, -1.3102265 ], [ 36.7718487, -1.3103662 ], [ 36.7718929, -1.3105806 ], [ 36.7718994, -1.3106122 ], [ 36.7719356, -1.3106933 ], [ 36.7719852, -1.3107382 ], [ 36.7720048, -1.3108002 ], [ 36.7720368, -1.3108193 ], [ 36.7720824, -1.310885 ], [ 36.7720878, -1.3109239 ], [ 36.772112, -1.3109641 ], [ 36.7721401, -1.3110312 ], [ 36.7721897, -1.3110969 ], [ 36.7722212, -1.3111466 ], [ 36.772238, -1.311176 ], [ 36.7722273, -1.3112309 ], [ 36.772238, -1.3112725 ], [ 36.7722843, -1.3113266 ], [ 36.7723359, -1.31142 ], [ 36.772356, -1.3114897 ], [ 36.7723802, -1.3115058 ], [ 36.7723955, -1.3115544 ], [ 36.7724897, -1.3117057 ], [ 36.7725545, -1.3117672 ], [ 36.7726135, -1.3118195 ], [ 36.7726578, -1.3117981 ], [ 36.7727765, -1.3118926 ], [ 36.7727557, -1.3119207 ], [ 36.7728449, -1.3119952 ], [ 36.7728161, -1.3120307 ], [ 36.7728747, -1.3120803 ], [ 36.7729378, -1.3121056 ], [ 36.7730547, -1.3122566 ], [ 36.7731044, -1.312325 ], [ 36.7731406, -1.3123867 ], [ 36.7731781, -1.312396 ], [ 36.7732051, -1.3124998 ], [ 36.7732076, -1.3125328 ], [ 36.7732371, -1.3125677 ], [ 36.773276, -1.3125744 ], [ 36.7733269, -1.3126364 ], [ 36.7734087, -1.312682 ], [ 36.7734914, -1.3127581 ], [ 36.7736226, -1.3128607 ], [ 36.7736542, -1.3128841 ], [ 36.7737737, -1.3129746 ], [ 36.7738286, -1.3130664 ], [ 36.7739023, -1.3132072 ], [ 36.7739828, -1.3132622 ], [ 36.7740166, -1.3133082 ], [ 36.7740753, -1.3133882 ], [ 36.7741418, -1.3134614 ], [ 36.7742282, -1.313541 ], [ 36.7744183, -1.3136539 ], [ 36.7744844, -1.3136677 ], [ 36.7745479, -1.3136565 ], [ 36.7746507, -1.3136879 ], [ 36.774703, -1.3136396 ], [ 36.7747767, -1.3136041 ], [ 36.7748156, -1.3136014 ], [ 36.7748994, -1.3136269 ], [ 36.774994, -1.3136074 ], [ 36.7750268, -1.3136168 ], [ 36.7750618, -1.3136135 ], [ 36.775142, -1.3136033 ], [ 36.7751941, -1.3135979 ], [ 36.7752609, -1.313604 ], [ 36.775337, -1.3136162 ], [ 36.7754357, -1.3136525 ], [ 36.7755268, -1.313761 ], [ 36.7755044, -1.3138728 ], [ 36.7754527, -1.3139634 ], [ 36.7754003, -1.3140512 ], [ 36.7753348, -1.3141287 ], [ 36.7752101, -1.3142638 ], [ 36.7751724, -1.3143047 ], [ 36.7752748, -1.3144407 ], [ 36.7751634, -1.3146435 ], [ 36.7750643, -1.3148957 ], [ 36.775047, -1.3149388 ], [ 36.7750478, -1.3150244 ], [ 36.775061, -1.3151513 ], [ 36.7750711, -1.3152036 ], [ 36.7750866, -1.3152334 ], [ 36.7751847, -1.3153581 ], [ 36.7752468, -1.3155093 ], [ 36.7752282, -1.3155339 ], [ 36.7752481, -1.3156152 ], [ 36.7752711, -1.3156739 ], [ 36.7753514, -1.3158612 ], [ 36.775443, -1.3160539 ], [ 36.7755023, -1.3161535 ], [ 36.7755988, -1.3163406 ], [ 36.7756321, -1.3164928 ] ] } },
{ "type": "Feature", "properties": { "fid": 242, "osm_id": "246818721", "code": 8102, "fclass": "stream", "width": 0, "name": null }, "geometry": { "type": "LineString", "coordinates": [ [ 36.6923388, -1.2682648 ], [ 36.6924402, -1.268396 ], [ 36.6924813, -1.2684657 ], [ 36.6925786, -1.2685897 ], [ 36.6926371, -1.2686625 ], [ 36.6926709, -1.2686256 ], [ 36.6927467, -1.2685631 ], [ 36.6927734, -1.2685815 ], [ 36.6928718, -1.2686717 ], [ 36.6929846, -1.2687332 ], [ 36.6931475, -1.2688326 ], [ 36.6931916, -1.2688572 ], [ 36.6932613, -1.2688818 ], [ 36.6932962, -1.2688982 ], [ 36.69333, -1.2688971 ], [ 36.6933915, -1.2689207 ], [ 36.6934253, -1.2689443 ], [ 36.6935248, -1.2689802 ], [ 36.6936211, -1.2690119 ], [ 36.693658, -1.269016 ], [ 36.6936898, -1.2690242 ], [ 36.6937636, -1.2690529 ], [ 36.6938323, -1.269097 ], [ 36.6938614, -1.2691109 ] ] } },
{ "type": "Feature", "properties": { "fid": 243, "osm_id": "246818722", "code": 8102, "fclass": "stream", "width": 0, "name": "Rungiri River" }, "geometry": { "type": "LineString", "coordinates": [ [ 36.6940983, -1.2692711 ], [ 36.6941294, -1.2692688 ], [ 36.6941361, -1.269257 ], [ 36.6941735, -1.2692283 ], [ 36.6941847, -1.2692395 ], [ 36.6941888, -1.269258 ], [ 36.6942319, -1.2692887 ], [ 36.694276, -1.2693041 ], [ 36.6943662, -1.2693369 ], [ 36.6944574, -1.2693769 ], [ 36.6945722, -1.269424 ], [ 36.6945999, -1.2694486 ], [ 36.6946142, -1.2694845 ], [ 36.6946286, -1.2695039 ], [ 36.6946725, -1.2695971 ], [ 36.694729, -1.2695808 ], [ 36.6948766, -1.2695828 ], [ 36.6949097, -1.2696219 ], [ 36.6950691, -1.2696399 ], [ 36.695138, -1.2696197 ], [ 36.6951371, -1.2696719 ], [ 36.6953218, -1.2697581 ], [ 36.6953973, -1.2698061 ], [ 36.695432, -1.2697935 ], [ 36.695473, -1.2698116 ], [ 36.695548, -1.2698278 ], [ 36.6955644, -1.2698811 ], [ 36.6955767, -1.2699281 ], [ 36.6955935, -1.2699536 ], [ 36.6956174, -1.2699621 ], [ 36.695652, -1.2699376 ], [ 36.6956905, -1.2699159 ], [ 36.6956526, -1.2699588 ], [ 36.6957151, -1.2699897 ], [ 36.6957438, -1.2700829 ], [ 36.69575, -1.2701116 ], [ 36.6957428, -1.2701373 ], [ 36.6957274, -1.2701711 ], [ 36.6957285, -1.2701936 ], [ 36.6957367, -1.2702141 ], [ 36.6957684, -1.2702274 ], [ 36.6958146, -1.2702428 ], [ 36.6958422, -1.2702715 ], [ 36.6958668, -1.270292 ], [ 36.6959632, -1.2703115 ], [ 36.6959939, -1.2703309 ], [ 36.6960001, -1.2703494 ], [ 36.6960196, -1.2703801 ], [ 36.6960606, -1.2704252 ], [ 36.69612, -1.2704652 ], [ 36.6961641, -1.2704785 ], [ 36.6962072, -1.2704724 ], [ 36.6962564, -1.2704519 ], [ 36.696284, -1.2704293 ], [ 36.6963035, -1.2704293 ], [ 36.6963425, -1.2704539 ], [ 36.6963773, -1.2704703 ], [ 36.6964152, -1.2704621 ], [ 36.6964562, -1.2704437 ], [ 36.6965116, -1.2704314 ], [ 36.6965823, -1.2704324 ], [ 36.6966131, -1.2704498 ], [ 36.6966377, -1.2704775 ], [ 36.6966705, -1.2705154 ], [ 36.696734, -1.2705461 ], [ 36.6967873, -1.2705636 ], [ 36.6968089, -1.2705912 ], [ 36.6968119, -1.2706148 ], [ 36.6968171, -1.2706466 ], [ 36.6968478, -1.2706896 ], [ 36.6968786, -1.2707357 ], [ 36.6968991, -1.27079 ], [ 36.6969103, -1.2708321 ], [ 36.6969339, -1.270869 ], [ 36.6969657, -1.2708813 ], [ 36.6970087, -1.2708966 ], [ 36.6970251, -1.2709171 ], [ 36.6970313, -1.2709386 ], [ 36.6970487, -1.2709643 ], [ 36.6970661, -1.270994 ], [ 36.6970918, -1.2710258 ], [ 36.6971492, -1.2710514 ], [ 36.6971748, -1.2710514 ], [ 36.6972291, -1.2710555 ], [ 36.697263, -1.2710596 ], [ 36.6972958, -1.271079 ], [ 36.6973163, -1.2711282 ], [ 36.6973368, -1.2711487 ], [ 36.6973439, -1.2711651 ], [ 36.6973552, -1.2711887 ], [ 36.697386, -1.2712123 ], [ 36.6974311, -1.2712276 ], [ 36.6974885, -1.2712389 ], [ 36.6975141, -1.2712625 ], [ 36.6975274, -1.2712891 ], [ 36.69755, -1.2713106 ], [ 36.6975951, -1.2713486 ], [ 36.6976432, -1.2713701 ], [ 36.6976924, -1.2714029 ], [ 36.6977396, -1.2714019 ], [ 36.6977662, -1.2714183 ], [ 36.6978216, -1.2714264 ], [ 36.6978452, -1.2714398 ], [ 36.697879, -1.2714592 ], [ 36.6979948, -1.2714787 ], [ 36.698041, -1.271491 ], [ 36.6981107, -1.2715453 ], [ 36.6981404, -1.2715586 ], [ 36.6982255, -1.2715617 ], [ 36.6982408, -1.2715709 ], [ 36.6982972, -1.271572 ], [ 36.6983618, -1.2716378 ], [ 36.6985063, -1.2716937 ], [ 36.6985484, -1.2716966 ], [ 36.6985904, -1.2717117 ], [ 36.6986416, -1.27169 ], [ 36.6987031, -1.271697 ], [ 36.6987359, -1.2716897 ], [ 36.698778, -1.2716982 ], [ 36.698928, -1.2717002 ], [ 36.6989717, -1.2717127 ], [ 36.6990465, -1.2717189 ], [ 36.6990993, -1.27172 ], [ 36.6991552, -1.2716898 ], [ 36.6991917, -1.2716745 ], [ 36.6992341, -1.2716769 ], [ 36.6992773, -1.2716935 ], [ 36.6993223, -1.2717057 ], [ 36.6993705, -1.271703 ], [ 36.6994156, -1.2717076 ], [ 36.6994501, -1.2716962 ], [ 36.6995137, -1.2716873 ], [ 36.6995765, -1.2716446 ], [ 36.6996421, -1.2716492 ], [ 36.6996735, -1.2716472 ], [ 36.699717, -1.2716522 ], [ 36.6997774, -1.2716078 ], [ 36.6998184, -1.2715843 ], [ 36.6998666, -1.2715873 ], [ 36.6999107, -1.2715843 ], [ 36.6999435, -1.2715576 ], [ 36.6999701, -1.2715146 ], [ 36.6999968, -1.2715074 ], [ 36.7000552, -1.2715095 ], [ 36.7000726, -1.2715002 ], [ 36.7000962, -1.2714992 ], [ 36.7001269, -1.2714869 ], [ 36.7001915, -1.2714305 ], [ 36.7002725, -1.2713629 ], [ 36.7003196, -1.2713527 ], [ 36.7003719, -1.2713414 ], [ 36.7003955, -1.2713332 ], [ 36.7004129, -1.2713158 ], [ 36.7004437, -1.2712512 ], [ 36.7004714, -1.2712112 ], [ 36.7004929, -1.2711846 ], [ 36.700539, -1.2711323 ], [ 36.7005836, -1.2710804 ], [ 36.7006205, -1.2710079 ], [ 36.7006423, -1.2709905 ], [ 36.7006901, -1.2709369 ], [ 36.7007053, -1.2709094 ], [ 36.7007119, -1.2708753 ], [ 36.7007285, -1.2708565 ], [ 36.7007495, -1.2708478 ], [ 36.7007836, -1.2707978 ], [ 36.7007865, -1.2707427 ], [ 36.7007945, -1.2707166 ], [ 36.7008148, -1.2706992 ], [ 36.7008452, -1.2706905 ], [ 36.7008626, -1.2706789 ], [ 36.7008822, -1.2706804 ], [ 36.700901, -1.2706941 ], [ 36.7009452, -1.2707028 ], [ 36.700967, -1.270718 ], [ 36.7009902, -1.2707456 ], [ 36.7010221, -1.270755 ], [ 36.7010612, -1.2707594 ], [ 36.7010917, -1.270755 ], [ 36.7011286, -1.2707579 ], [ 36.7011547, -1.270776 ], [ 36.7011736, -1.2708202 ], [ 36.7011982, -1.2708376 ], [ 36.7012084, -1.2708659 ], [ 36.7012323, -1.270884 ], [ 36.7012953, -1.2708999 ], [ 36.7013214, -1.270926 ], [ 36.7013359, -1.2709673 ], [ 36.7013475, -1.2709753 ], [ 36.701383, -1.2709731 ], [ 36.701407, -1.270976 ], [ 36.7014635, -1.2710086 ], [ 36.7018883, -1.2713065 ], [ 36.7020978, -1.2713538 ], [ 36.7025405, -1.271445 ], [ 36.7027602, -1.2714721 ], [ 36.7030068, -1.2716308 ], [ 36.7031961, -1.2717559 ], [ 36.7037402, -1.2719214 ], [ 36.70397, -1.2720599 ], [ 36.7040984, -1.272043 ], [ 36.7041288, -1.2719619 ], [ 36.704291, -1.2719586 ], [ 36.7044498, -1.2719586 ], [ 36.7046729, -1.2718944 ], [ 36.7048554, -1.2718505 ], [ 36.7049094, -1.2717795 ], [ 36.7049838, -1.271739 ], [ 36.7050446, -1.2717187 ], [ 36.705173, -1.2716984 ], [ 36.7054332, -1.2717018 ], [ 36.7055583, -1.2716781 ], [ 36.7057577, -1.2717119 ], [ 36.7058895, -1.2717795 ], [ 36.7061598, -1.2718268 ], [ 36.7065991, -1.2718268 ], [ 36.7068391, -1.2718437 ], [ 36.7071601, -1.271918 ], [ 36.7074669, -1.2720448 ], [ 36.7075116, -1.2720633 ], [ 36.7077785, -1.2721478 ], [ 36.7080928, -1.2721376 ], [ 36.7084172, -1.2722795 ], [ 36.708589, -1.2724036 ], [ 36.7087345, -1.2724939 ], [ 36.7088479, -1.2725929 ], [ 36.7089844, -1.2726387 ], [ 36.7090646, -1.2726283 ], [ 36.7092891, -1.2725735 ], [ 36.7095324, -1.2725228 ], [ 36.7098771, -1.2724958 ], [ 36.7103773, -1.2724113 ], [ 36.7109146, -1.2724687 ], [ 36.7112221, -1.2725363 ], [ 36.7114451, -1.2725532 ], [ 36.7117358, -1.2726444 ], [ 36.7119892, -1.2726444 ], [ 36.7121244, -1.2726714 ], [ 36.7124623, -1.2725768 ], [ 36.7126347, -1.2725667 ], [ 36.7128442, -1.2725363 ], [ 36.7130199, -1.2725464 ], [ 36.7133342, -1.2724958 ], [ 36.7138208, -1.2724687 ], [ 36.7139763, -1.2724552 ], [ 36.7142095, -1.2725498 ], [ 36.7147164, -1.2725025 ], [ 36.7150374, -1.2723876 ], [ 36.7151624, -1.2723505 ], [ 36.715267, -1.2723452 ], [ 36.7153416, -1.2723775 ], [ 36.7154227, -1.2725093 ], [ 36.7157538, -1.2726376 ], [ 36.7160377, -1.2726478 ], [ 36.7163756, -1.2725633 ], [ 36.7167339, -1.2725464 ], [ 36.7169704, -1.2726174 ], [ 36.7173388, -1.2727829 ] ] } },
{ "type": "Feature", "properties": { "fid": 244, "osm_id": "259338094", "code": 8102, "fclass": "stream", "width": 0, "name": null }, "geometry": { "type": "LineString", "coordinates": [ [ 36.894048, -1.2239733 ], [ 36.8939407, -1.2241181 ], [ 36.8937744, -1.2242012 ], [ 36.8936644, -1.2241824 ], [ 36.8935303, -1.2241074 ], [ 36.8934445, -1.2241208 ], [ 36.8933157, -1.2242683 ], [ 36.8930931, -1.2244721 ], [ 36.8929751, -1.2246008 ], [ 36.8928651, -1.2247161 ], [ 36.8927652, -1.2248582 ] ] } },
{ "type": "Feature", "properties": { "fid": 245, "osm_id": "259338599", "code": 8102, "fclass": "stream", "width": 0, "name": null }, "geometry": { "type": "LineString", "coordinates": [ [ 36.9064692, -1.2263401 ], [ 36.9069159, -1.2262196 ], [ 36.9074041, -1.2262198 ], [ 36.9075313, -1.2261641 ], [ 36.907683, -1.2261822 ], [ 36.9078827, -1.2261185 ], [ 36.9081616, -1.2261373 ], [ 36.9086915, -1.2261501 ], [ 36.9087705, -1.2262472 ], [ 36.9088027, -1.2263706 ], [ 36.9087625, -1.2264617 ], [ 36.9088322, -1.22651 ], [ 36.9090119, -1.2265958 ], [ 36.9091862, -1.2266253 ], [ 36.9092935, -1.2267111 ], [ 36.9093445, -1.2268559 ], [ 36.9094491, -1.2269417 ], [ 36.9095537, -1.2269954 ], [ 36.9098139, -1.2270624 ], [ 36.9099855, -1.2271241 ], [ 36.9100928, -1.2271348 ], [ 36.9102055, -1.227108 ], [ 36.910361, -1.2270812 ], [ 36.9105112, -1.2269846 ], [ 36.9106615, -1.2269525 ], [ 36.911037, -1.2271938 ], [ 36.911214, -1.2273279 ], [ 36.9114608, -1.2275102 ], [ 36.9117397, -1.2278696 ], [ 36.9118363, -1.2279232 ], [ 36.9120455, -1.2280787 ], [ 36.9121849, -1.2282074 ], [ 36.9123191, -1.2282611 ], [ 36.9124693, -1.2282986 ], [ 36.9125336, -1.2282825 ], [ 36.9127375, -1.2284059 ], [ 36.9129252, -1.2285292 ], [ 36.9131237, -1.228658 ], [ 36.9132632, -1.2288242 ], [ 36.9133544, -1.2290066 ], [ 36.9133866, -1.2292318 ], [ 36.9134456, -1.2293552 ], [ 36.913628, -1.2295804 ], [ 36.9136602, -1.229693 ], [ 36.9137514, -1.2299666 ], [ 36.9137514, -1.2303098 ], [ 36.9138265, -1.2306852 ], [ 36.9138586, -1.2309963 ], [ 36.9138318, -1.2312001 ], [ 36.9138586, -1.2313074 ], [ 36.9139713, -1.2313342 ], [ 36.9141215, -1.2313771 ], [ 36.9141859, -1.2315594 ], [ 36.9141912, -1.2316613 ], [ 36.9142985, -1.2318276 ], [ 36.9144326, -1.2319831 ], [ 36.9145453, -1.2320153 ], [ 36.9146526, -1.2321011 ], [ 36.914733, -1.2322298 ], [ 36.9147813, -1.2323907 ], [ 36.9148618, -1.2325945 ], [ 36.9151032, -1.232675 ], [ 36.9152427, -1.2326857 ], [ 36.9153339, -1.2327072 ], [ 36.9154626, -1.2328251 ], [ 36.9156074, -1.2329968 ], [ 36.9157791, -1.2330236 ], [ 36.9159347, -1.2330879 ], [ 36.9160742, -1.2330933 ], [ 36.9162244, -1.2330933 ], [ 36.9163156, -1.2330611 ], [ 36.9163907, -1.2330611 ], [ 36.9164553, -1.2330927 ], [ 36.9171631, -1.2333262 ], [ 36.9173613, -1.2333722 ], [ 36.9175524, -1.2333545 ], [ 36.9176232, -1.2333262 ], [ 36.91774, -1.2333298 ], [ 36.9177824, -1.2333085 ], [ 36.9179382, -1.2332413 ], [ 36.9180302, -1.2332272 ], [ 36.9181443, -1.2332123 ], [ 36.9182121, -1.2332025 ], [ 36.9182639, -1.2331939 ], [ 36.9183143, -1.2332027 ], [ 36.9184113, -1.2332445 ], [ 36.9184499, -1.2332833 ], [ 36.9184996, -1.2333366 ], [ 36.9185611, -1.2334041 ], [ 36.9186177, -1.2334572 ], [ 36.9188607, -1.2337505 ], [ 36.9188261, -1.233873 ], [ 36.9188999, -1.2339031 ], [ 36.9189525, -1.2337913 ], [ 36.9190176, -1.233811 ], [ 36.9191808, -1.2338325 ], [ 36.9193913, -1.2338991 ], [ 36.9195662, -1.2339667 ], [ 36.9197219, -1.2340976 ], [ 36.9197713, -1.2341175 ] ] } },
{ "type": "Feature", "properties": { "fid": 246, "osm_id": "301826358", "code": 8103, "fclass": "canal", "width": 0, "name": null }, "geometry": { "type": "LineString", "coordinates": [ [ 36.9263119, -1.3349733 ], [ 36.926818, -1.3356769 ] ] } },
{ "type": "Feature", "properties": { "fid": 247, "osm_id": "301826359", "code": 8103, "fclass": "canal", "width": 0, "name": null }, "geometry": { "type": "LineString", "coordinates": [ [ 36.926818, -1.3356769 ], [ 36.926842, -1.3357102 ], [ 36.9270222, -1.3358561 ], [ 36.927175, -1.3358943 ], [ 36.9273455, -1.3358649 ], [ 36.927609, -1.3357023 ], [ 36.9282417, -1.3352734 ], [ 36.9287296, -1.3351794 ], [ 36.9319645, -1.3342427 ] ] } },
{ "type": "Feature", "properties": { "fid": 248, "osm_id": "301827961", "code": 8104, "fclass": "drain", "width": 0, "name": null }, "geometry": { "type": "LineString", "coordinates": [ [ 36.9292734, -1.3296952 ], [ 36.9293136, -1.3297512 ] ] } },
{ "type": "Feature", "properties": { "fid": 249, "osm_id": "301827964", "code": 8104, "fclass": "drain", "width": 0, "name": null }, "geometry": { "type": "LineString", "coordinates": [ [ 36.9286782, -1.3288754 ], [ 36.9292734, -1.3296952 ] ] } },
{ "type": "Feature", "properties": { "fid": 250, "osm_id": "301827966", "code": 8104, "fclass": "drain", "width": 0, "name": null }, "geometry": { "type": "LineString", "coordinates": [ [ 36.9293136, -1.3297512 ], [ 36.9291649, -1.3298466 ], [ 36.9290411, -1.3299145 ], [ 36.9289585, -1.33 ], [ 36.9289754, -1.33013 ], [ 36.9291032, -1.3303195 ], [ 36.929347, -1.3306809 ], [ 36.9292628, -1.3311333 ], [ 36.9293483, -1.3312933 ] ] } },
{ "type": "Feature", "properties": { "fid": 251, "osm_id": "301829581", "code": 8103, "fclass": "canal", "width": 0, "name": null }, "geometry": { "type": "LineString", "coordinates": [ [ 36.9232888, -1.3357163 ], [ 36.9234592, -1.3356093 ] ] } },
{ "type": "Feature", "properties": { "fid": 252, "osm_id": "301829583", "code": 8103, "fclass": "canal", "width": 0, "name": null }, "geometry": { "type": "LineString", "coordinates": [ [ 36.9234592, -1.3356093 ], [ 36.9255871, -1.3342407 ], [ 36.9257174, -1.334274 ], [ 36.925882, -1.3343954 ], [ 36.9263119, -1.3349733 ] ] } },
{ "type": "Feature", "properties": { "fid": 253, "osm_id": "311380626", "code": 8102, "fclass": "stream", "width": 0, "name": "Kayole Drain" }, "geometry": { "type": "LineString", "coordinates": [ [ 36.9187523, -1.2657786 ], [ 36.9191, -1.2650395 ], [ 36.9192982, -1.2646885 ], [ 36.9193007, -1.264684 ], [ 36.9195768, -1.2643797 ], [ 36.9200579, -1.2639944 ], [ 36.9206837, -1.2633501 ], [ 36.9207537, -1.2632427 ], [ 36.9208267, -1.2630427 ], [ 36.9208728, -1.2629861 ] ] } },
{ "type": "Feature", "properties": { "fid": 254, "osm_id": "311381163", "code": 8104, "fclass": "drain", "width": 0, "name": "Kayole Drain" }, "geometry": { "type": "LineString", "coordinates": [ [ 36.9303111, -1.2548324 ], [ 36.9302116, -1.2545763 ], [ 36.9301002, -1.2543899 ], [ 36.9299122, -1.2542309 ], [ 36.9296695, -1.2540553 ], [ 36.9296154, -1.2538634 ], [ 36.9295981, -1.2535314 ], [ 36.9296387, -1.2532748 ], [ 36.9296727, -1.2530274 ], [ 36.9296345, -1.2528437 ], [ 36.9296868, -1.2527366 ], [ 36.9297671, -1.2524677 ], [ 36.9298214, -1.2521269 ], [ 36.9298337, -1.2519372 ], [ 36.9297602, -1.2517284 ], [ 36.9296133, -1.2512543 ], [ 36.9296379, -1.2509216 ], [ 36.9294416, -1.2508132 ], [ 36.9292579, -1.2504273 ], [ 36.9290212, -1.2497729 ], [ 36.9289945, -1.24973 ], [ 36.9289253, -1.2494169 ], [ 36.9289182, -1.2492765 ], [ 36.9288703, -1.2491991 ], [ 36.9289656, -1.2492367 ], [ 36.9290622, -1.2490543 ], [ 36.9289173, -1.2488237 ], [ 36.9289675, -1.2486974 ], [ 36.9289501, -1.2485687 ], [ 36.9288681, -1.2483516 ], [ 36.9287898, -1.2482121 ], [ 36.9287008, -1.247998 ], [ 36.9285913, -1.2478312 ], [ 36.9285505, -1.2477468 ], [ 36.9285129, -1.2476617 ], [ 36.9284378, -1.2475456 ], [ 36.928342, -1.2474957 ], [ 36.928153, -1.2473178 ], [ 36.9281262, -1.2472159 ], [ 36.928035, -1.2470416 ], [ 36.9278902, -1.2469182 ], [ 36.9278097, -1.2468672 ] ] } },
{ "type": "Feature", "properties": { "fid": 255, "osm_id": "317105580", "code": 8102, "fclass": "stream", "width": 0, "name": null }, "geometry": { "type": "LineString", "coordinates": [ [ 36.982231016656087, -1.315371237289254 ], [ 36.9819753, -1.3154112 ], [ 36.981353, -1.315261 ], [ 36.980838, -1.3151967 ], [ 36.9801943, -1.3153039 ], [ 36.9796149, -1.3156472 ], [ 36.9791214, -1.3159475 ], [ 36.9787137, -1.3164195 ], [ 36.9783275, -1.3168699 ], [ 36.9777502, -1.3170759 ], [ 36.9772331, -1.316827 ], [ 36.9766967, -1.3165482 ], [ 36.9760766, -1.3164109 ], [ 36.9754521, -1.316398 ], [ 36.9749178, -1.3162822 ], [ 36.9745938, -1.3159904 ], [ 36.9743363, -1.3153898 ], [ 36.9741432, -1.3148964 ], [ 36.9738428, -1.3148749 ], [ 36.9734995, -1.3149822 ], [ 36.9733707, -1.3151967 ], [ 36.9732849, -1.3156901 ], [ 36.9732227, -1.3161534 ], [ 36.9728558, -1.3166125 ], [ 36.9722764, -1.3166983 ], [ 36.9715061, -1.3164967 ], [ 36.9710748, -1.3159904 ], [ 36.9706456, -1.3155614 ], [ 36.9703667, -1.3154541 ], [ 36.9701306, -1.3153898 ], [ 36.9696586, -1.3156257 ], [ 36.9692938, -1.3161835 ], [ 36.9691672, -1.3167756 ], [ 36.9689955, -1.3171188 ], [ 36.9687573, -1.3174062 ], [ 36.968414, -1.3173419 ], [ 36.9680728, -1.3172046 ], [ 36.9679032, -1.317204 ] ] } },
{ "type": "Feature", "properties": { "fid": 256, "osm_id": "374263563", "code": 8102, "fclass": "stream", "width": 0, "name": null }, "geometry": { "type": "LineString", "coordinates": [ [ 36.9846383, -1.2745133 ], [ 36.9846037, -1.2744852 ], [ 36.984425, -1.2744328 ], [ 36.9842186, -1.274362 ], [ 36.9840214, -1.2742357 ], [ 36.9838149, -1.274131 ], [ 36.9837502, -1.2740355 ], [ 36.983701, -1.2737736 ], [ 36.9836578, -1.2736042 ], [ 36.9836116, -1.273481 ], [ 36.983587, -1.2733116 ], [ 36.9835808, -1.2731545 ], [ 36.9834791, -1.2730221 ], [ 36.9834021, -1.2728927 ], [ 36.9833343, -1.2727356 ], [ 36.9832881, -1.272597 ], [ 36.9833004, -1.2725169 ], [ 36.9833928, -1.2723875 ], [ 36.9835068, -1.2723013 ], [ 36.9835962, -1.2722489 ], [ 36.9835561, -1.2721534 ], [ 36.9834699, -1.2719624 ], [ 36.983436, -1.2718115 ], [ 36.9833929, -1.2715939 ], [ 36.9833774, -1.2715158 ], [ 36.9833251, -1.2712909 ], [ 36.9832727, -1.2711862 ], [ 36.9832111, -1.2710568 ], [ 36.9831371, -1.2709675 ], [ 36.9830139, -1.2708843 ], [ 36.9829492, -1.2708196 ], [ 36.982906, -1.270718 ], [ 36.9828783, -1.2706256 ], [ 36.9828444, -1.2705178 ], [ 36.9828413, -1.2704901 ], [ 36.9829307, -1.2704254 ], [ 36.9829707, -1.2703607 ] ] } },
{ "type": "Feature", "properties": { "fid": 257, "osm_id": "374263564", "code": 8102, "fclass": "stream", "width": 0, "name": null }, "geometry": { "type": "LineString", "coordinates": [ [ 36.9828413, -1.2704901 ], [ 36.9827828, -1.2702929 ], [ 36.9827366, -1.2701789 ], [ 36.9826349, -1.2701543 ], [ 36.9824624, -1.2702036 ], [ 36.9823237, -1.2702375 ], [ 36.9822128, -1.2702621 ], [ 36.9821204, -1.2702621 ], [ 36.981994, -1.2702344 ], [ 36.981877, -1.2701974 ], [ 36.9818523, -1.2701543 ], [ 36.9819324, -1.2700711 ], [ 36.9820125, -1.2699972 ], [ 36.9820772, -1.2699294 ], [ 36.9820649, -1.2698956 ], [ 36.9820249, -1.2698678 ], [ 36.981877, -1.2698247 ], [ 36.9818246, -1.2697785 ], [ 36.9818061, -1.2697015 ], [ 36.9818123, -1.2696029 ], [ 36.9818215, -1.2694551 ], [ 36.9817815, -1.2692949 ], [ 36.9817784, -1.2691933 ], [ 36.9818061, -1.2690885 ], [ 36.9818123, -1.2690115 ], [ 36.9817352, -1.2689869 ], [ 36.9816613, -1.2689869 ], [ 36.981612, -1.2690023 ], [ 36.9815504, -1.2689776 ], [ 36.981535, -1.2689437 ], [ 36.9815257, -1.2688852 ], [ 36.9815719, -1.2688544 ], [ 36.9816028, -1.2687774 ], [ 36.9815843, -1.2687281 ], [ 36.9815535, -1.2686973 ], [ 36.9814518, -1.268645 ], [ 36.9813532, -1.2686111 ], [ 36.9812823, -1.268571 ], [ 36.9812269, -1.2685002 ], [ 36.9811852, -1.2684561 ] ] } },
{ "type": "Feature", "properties": { "fid": 258, "osm_id": "374433473", "code": 8102, "fclass": "stream", "width": 0, "name": null }, "geometry": { "type": "LineString", "coordinates": [ [ 36.9510305, -1.2650433 ], [ 36.9514612, -1.2649145 ], [ 36.9521431, -1.2648491 ], [ 36.9525447, -1.2649331 ], [ 36.9526661, -1.2649331 ], [ 36.9528809, -1.2646903 ], [ 36.9530677, -1.2645876 ], [ 36.9533199, -1.2646623 ], [ 36.9534787, -1.264569 ], [ 36.9535788, -1.264508 ] ] } },
{ "type": "Feature", "properties": { "fid": 259, "osm_id": "374433474", "code": 8102, "fclass": "stream", "width": 0, "name": null }, "geometry": { "type": "LineString", "coordinates": [ [ 36.9603969, -1.2510497 ], [ 36.9602708, -1.2506798 ], [ 36.9601489, -1.250379 ], [ 36.9600066, -1.2500132 ], [ 36.9598521, -1.2496474 ], [ 36.9593886, -1.2483224 ], [ 36.9592219, -1.2477818 ], [ 36.9589739, -1.2471518 ], [ 36.9586365, -1.2462007 ], [ 36.9584942, -1.2458024 ], [ 36.958421, -1.2455829 ], [ 36.9585389, -1.245274 ], [ 36.9585146, -1.2450504 ], [ 36.9584929, -1.2448888 ] ] } },
{ "type": "Feature", "properties": { "fid": 260, "osm_id": "374433479", "code": 8102, "fclass": "stream", "width": 0, "name": null }, "geometry": { "type": "LineString", "coordinates": [ [ 36.9604725, -1.2486709 ], [ 36.9609823, -1.2487004 ], [ 36.9617873, -1.2487248 ], [ 36.9623198, -1.248676 ], [ 36.9626613, -1.2485419 ], [ 36.962889, -1.2486394 ], [ 36.9630232, -1.2488264 ], [ 36.9631817, -1.2489808 ], [ 36.963385, -1.2490459 ], [ 36.9636899, -1.2491109 ], [ 36.964194, -1.2491434 ], [ 36.9648079, -1.2491637 ], [ 36.965286, -1.2491908 ], [ 36.9653691, -1.2492136 ], [ 36.9657809, -1.2492203 ], [ 36.9660974, -1.2491989 ], [ 36.9661832, -1.2490889 ], [ 36.9662529, -1.24905 ], [ 36.9662502, -1.2490045 ], [ 36.9662502, -1.2489374 ], [ 36.9663334, -1.2488892 ], [ 36.9665252, -1.2488637 ], [ 36.9666029, -1.2488811 ], [ 36.9666982, -1.2489709 ], [ 36.966725, -1.2489736 ], [ 36.9667907, -1.2490366 ], [ 36.9669141, -1.249093 ], [ 36.967016, -1.2491385 ], [ 36.9670697, -1.2492029 ], [ 36.9671367, -1.2492096 ], [ 36.9672431, -1.2492531 ], [ 36.9673567, -1.2492927 ], [ 36.9674331, -1.249349 ], [ 36.9674961, -1.2493785 ], [ 36.9675994, -1.2495502 ], [ 36.9677027, -1.2496936 ], [ 36.9678006, -1.2498371 ], [ 36.9678703, -1.2499645 ], [ 36.9679682, -1.2500476 ], [ 36.9680876, -1.2500503 ], [ 36.9682445, -1.2500033 ], [ 36.9683383, -1.2499537 ], [ 36.9684845, -1.2499095 ], [ 36.9686843, -1.2499189 ], [ 36.9687675, -1.2498357 ], [ 36.968734, -1.2497486 ], [ 36.9685972, -1.2496279 ], [ 36.9685824, -1.2495019 ], [ 36.9686669, -1.2494496 ], [ 36.9687782, -1.2493933 ] ] } },
{ "type": "Feature", "properties": { "fid": 261, "osm_id": "380156313", "code": 8102, "fclass": "stream", "width": 0, "name": null }, "geometry": { "type": "LineString", "coordinates": [ [ 36.9197713, -1.2341175 ], [ 36.9198553, -1.2341618 ], [ 36.9200888, -1.2341711 ], [ 36.920292, -1.2341128 ], [ 36.920334, -1.2341175 ], [ 36.9203654, -1.2341037 ], [ 36.9204177, -1.2341117 ], [ 36.9204808, -1.2341613 ], [ 36.9207678, -1.2344281 ], [ 36.9207678, -1.2344911 ], [ 36.9207798, -1.2345287 ], [ 36.9208268, -1.234589 ], [ 36.920871, -1.23464 ], [ 36.9208751, -1.2346668 ], [ 36.9209676, -1.2347432 ] ] } },
{ "type": "Feature", "properties": { "fid": 262, "osm_id": "380156676", "code": 8102, "fclass": "stream", "width": 0, "name": null }, "geometry": { "type": "LineString", "coordinates": [ [ 36.9211765, -1.2348336 ], [ 36.9212013, -1.2348477 ], [ 36.9213606, -1.2348017 ], [ 36.9215092, -1.2347522 ], [ 36.9216048, -1.2346602 ], [ 36.9217145, -1.2345859 ], [ 36.9218879, -1.2345222 ], [ 36.9219551, -1.2345081 ], [ 36.9220896, -1.234547 ], [ 36.9221746, -1.2345788 ], [ 36.9222454, -1.2345894 ], [ 36.922801, -1.2343559 ], [ 36.92307, -1.2342958 ], [ 36.923726, -1.2340783 ], [ 36.9238655, -1.2340354 ], [ 36.9240533, -1.233955 ], [ 36.9241767, -1.2338799 ] ] } },
{ "type": "Feature", "properties": { "fid": 263, "osm_id": "381807280", "code": 8102, "fclass": "stream", "width": 0, "name": null }, "geometry": { "type": "LineString", "coordinates": [ [ 37.052548909779233, -1.295771376703102 ], [ 37.0526046, -1.295492 ], [ 37.0527957, -1.2949754 ], [ 37.0530152, -1.294611 ], [ 37.0530819, -1.2940433 ], [ 37.0532107, -1.2938717 ], [ 37.053377, -1.2938234 ], [ 37.0538061, -1.2934748 ] ] } },
{ "type": "Feature", "properties": { "fid": 264, "osm_id": "386476608", "code": 8101, "fclass": "river", "width": 0, "name": "Kiu River" }, "geometry": { "type": "LineString", "coordinates": [ [ 36.9061287, -1.1897114 ], [ 36.9063488, -1.189769 ] ] } },
{ "type": "Feature", "properties": { "fid": 265, "osm_id": "386476610", "code": 8102, "fclass": "stream", "width": 0, "name": "Kiu River" }, "geometry": { "type": "LineString", "coordinates": [ [ 36.9063488, -1.189769 ], [ 36.9065654, -1.1899077 ], [ 36.9068124, -1.1900559 ], [ 36.9070923, -1.1901464 ], [ 36.9076192, -1.1902699 ], [ 36.9076768, -1.1900641 ], [ 36.9080391, -1.1901217 ], [ 36.9083602, -1.1901958 ] ] } },
{ "type": "Feature", "properties": { "fid": 266, "osm_id": "390907525", "code": 8102, "fclass": "stream", "width": 0, "name": "Moloyeti" }, "geometry": { "type": "LineString", "coordinates": [ [ 36.8532404, -1.3470912 ], [ 36.8532301, -1.347278 ], [ 36.853321, -1.3475472 ], [ 36.8534513, -1.3477135 ], [ 36.8535336, -1.3480135 ], [ 36.8534633, -1.3483084 ], [ 36.8533827, -1.3485124 ], [ 36.8532987, -1.3486478 ], [ 36.8532387, -1.3488124 ], [ 36.8532009, -1.3489512 ], [ 36.8530843, -1.3491998 ], [ 36.8530638, -1.3494004 ], [ 36.8530845, -1.3496856 ], [ 36.8531634, -1.3499805 ], [ 36.8530399, -1.3502994 ], [ 36.8528136, -1.3506217 ], [ 36.8528993, -1.3512457 ], [ 36.8530605, -1.3516092 ], [ 36.853352, -1.352024 ], [ 36.8532834, -1.3526755 ], [ 36.8534206, -1.3530972 ], [ 36.8536435, -1.3536767 ], [ 36.8537327, -1.3540984 ], [ 36.8537636, -1.3543967 ], [ 36.8535372, -1.3547704 ], [ 36.8530468, -1.355271 ], [ 36.852889, -1.3557991 ], [ 36.8531462, -1.3562997 ], [ 36.8538013, -1.3566494 ], [ 36.8539934, -1.3570471 ], [ 36.8539556, -1.3574929 ], [ 36.8531977, -1.3577672 ], [ 36.8527025, -1.3580177 ], [ 36.8526215, -1.3581032 ], [ 36.8526592, -1.3583363 ], [ 36.853328, -1.3587409 ], [ 36.8538047, -1.3593478 ], [ 36.8539155, -1.3596125 ] ] } },
{ "type": "Feature", "properties": { "fid": 267, "osm_id": "406822629", "code": 8102, "fclass": "stream", "width": 0, "name": null }, "geometry": { "type": "MultiLineString", "coordinates": [ [ [ 36.890166780547801, -1.410594541393288 ], [ 36.890336087398616, -1.410530527746914 ] ], [ [ 36.89044397012109, -1.410543488161736 ], [ 36.890963, -1.4106783 ], [ 36.891487, -1.4107828 ], [ 36.8918456, -1.4107993 ], [ 36.892020118547009, -1.41073283764192 ] ] ] } },
{ "type": "Feature", "properties": { "fid": 268, "osm_id": "425163224", "code": 8102, "fclass": "stream", "width": 0, "name": null }, "geometry": { "type": "LineString", "coordinates": [ [ 36.7392897, -1.2787494 ], [ 36.7393771, -1.2787814 ] ] } },
{ "type": "Feature", "properties": { "fid": 269, "osm_id": "425163226", "code": 8101, "fclass": "river", "width": 0, "name": "Nyongara River" }, "geometry": { "type": "LineString", "coordinates": [ [ 36.7117328, -1.2785511 ], [ 36.7121431, -1.2784412 ], [ 36.7122451, -1.2784975 ], [ 36.7123416, -1.2784734 ], [ 36.7125669, -1.2783634 ], [ 36.712744, -1.2783286 ], [ 36.7128995, -1.2784251 ], [ 36.7131087, -1.2784305 ], [ 36.7132482, -1.2784868 ], [ 36.7134145, -1.2785431 ], [ 36.713562, -1.2785565 ], [ 36.7136961, -1.2786074 ], [ 36.7138061, -1.2785994 ], [ 36.7138088, -1.2784895 ], [ 36.7138785, -1.2783339 ], [ 36.7139939, -1.2782588 ], [ 36.7140851, -1.2781757 ], [ 36.7141628, -1.278165 ], [ 36.7142862, -1.2782025 ], [ 36.7144472, -1.2782588 ], [ 36.714584, -1.2782562 ], [ 36.7147851, -1.2781382 ], [ 36.7149863, -1.2780121 ], [ 36.715335, -1.278039 ], [ 36.7155388, -1.2780604 ], [ 36.7157212, -1.2781114 ], [ 36.7159438, -1.2781489 ], [ 36.7161128, -1.2779478 ], [ 36.7161182, -1.2777601 ], [ 36.7161933, -1.2777064 ], [ 36.7162121, -1.2775536 ], [ 36.7162469, -1.2774115 ], [ 36.7163328, -1.2772962 ], [ 36.716432, -1.2773015 ], [ 36.7165742, -1.2773203 ], [ 36.7169577, -1.2772264 ], [ 36.7172018, -1.2771165 ], [ 36.7177248, -1.2770763 ], [ 36.7178536, -1.2769932 ], [ 36.7181486, -1.2769529 ], [ 36.718449, -1.2768752 ], [ 36.7186609, -1.2768242 ], [ 36.7187843, -1.2766446 ], [ 36.7188674, -1.2764488 ], [ 36.7188969, -1.2762879 ], [ 36.718956, -1.2761753 ], [ 36.7190874, -1.2760412 ], [ 36.7192859, -1.2759929 ], [ 36.7194656, -1.2760117 ], [ 36.719589, -1.2761056 ], [ 36.7196855, -1.2762182 ], [ 36.7197821, -1.2762477 ], [ 36.7198599, -1.2762423 ], [ 36.7200503, -1.2761887 ], [ 36.7202461, -1.2761136 ], [ 36.7203426, -1.2759903 ], [ 36.7203429, -1.2759124 ], [ 36.7203373, -1.2758402 ], [ 36.7203588, -1.2757408 ], [ 36.7204473, -1.2756551 ], [ 36.7205733, -1.2756202 ], [ 36.7206645, -1.2756846 ], [ 36.7208227, -1.2757194 ], [ 36.7209703, -1.2757221 ], [ 36.7212573, -1.2757087 ], [ 36.7213753, -1.2757865 ], [ 36.721496, -1.2759259 ], [ 36.7216301, -1.276068 ], [ 36.7218259, -1.2761163 ], [ 36.7220995, -1.2760653 ], [ 36.7222443, -1.2758481 ], [ 36.7223194, -1.2757945 ], [ 36.7223624, -1.2756122 ], [ 36.7223945, -1.27547 ], [ 36.7224643, -1.2754486 ], [ 36.722652, -1.2754968 ], [ 36.722762, -1.2754405 ], [ 36.7228666, -1.2753172 ], [ 36.7228425, -1.2751724 ], [ 36.7229149, -1.2749981 ], [ 36.7229739, -1.2749217 ], [ 36.7230329, -1.2748452 ], [ 36.7231536, -1.2747246 ], [ 36.723218, -1.2745583 ], [ 36.7233306, -1.2744966 ], [ 36.7234406, -1.2742903 ] ] } },
{ "type": "Feature", "properties": { "fid": 270, "osm_id": "435092423", "code": 8102, "fclass": "stream", "width": 0, "name": null }, "geometry": { "type": "LineString", "coordinates": [ [ 36.790384, -1.3072657 ], [ 36.7904371, -1.3072781 ], [ 36.7904884, -1.3072675 ], [ 36.7905344, -1.307248 ], [ 36.7905769, -1.3072321 ], [ 36.7906494, -1.3072179 ], [ 36.7906866, -1.307202 ], [ 36.7907326, -1.3071843 ], [ 36.7907698, -1.307156 ], [ 36.7907963, -1.3071295 ], [ 36.7908406, -1.3071135 ], [ 36.7908671, -1.3071118 ], [ 36.7909131, -1.3071277 ], [ 36.7909538, -1.3071666 ], [ 36.790968, -1.3072179 ], [ 36.7909892, -1.3072798 ], [ 36.7910246, -1.3073329 ], [ 36.7910494, -1.3073453 ], [ 36.7910901, -1.3073453 ], [ 36.7911095, -1.3073382 ], [ 36.7911644, -1.3073276 ], [ 36.7912069, -1.3073294 ], [ 36.7912316, -1.3073364 ], [ 36.7912635, -1.3073347 ], [ 36.7912865, -1.3073329 ], [ 36.791336, -1.3073594 ], [ 36.7913821, -1.3073718 ], [ 36.7914263, -1.3073807 ], [ 36.7914758, -1.3074019 ], [ 36.7915219, -1.3073984 ], [ 36.7915873, -1.3073913 ], [ 36.7916156, -1.3073931 ], [ 36.7916758, -1.3073966 ], [ 36.7917678, -1.3074231 ], [ 36.7918386, -1.3074284 ], [ 36.7919094, -1.3074408 ], [ 36.7919705, -1.3074462 ] ] } },
{ "type": "Feature", "properties": { "fid": 271, "osm_id": "435095641", "code": 8101, "fclass": "river", "width": 0, "name": "Ngong River" }, "geometry": { "type": "LineString", "coordinates": [ [ 36.8222763, -1.3096436 ], [ 36.8223879, -1.3096511 ], [ 36.8224651, -1.3097025 ], [ 36.8225424, -1.3098055 ], [ 36.8225853, -1.3099256 ], [ 36.822611, -1.3100973 ], [ 36.8226282, -1.3103461 ], [ 36.8226368, -1.3105435 ], [ 36.8226969, -1.3107408 ], [ 36.8227999, -1.3108953 ], [ 36.8229071, -1.3110219 ], [ 36.8229887, -1.3111184 ], [ 36.8231518, -1.3112299 ], [ 36.8232977, -1.31129 ], [ 36.8235294, -1.3113157 ], [ 36.8237182, -1.3112986 ], [ 36.8239757, -1.3112042 ], [ 36.8242332, -1.3111784 ], [ 36.8243534, -1.3111784 ], [ 36.824465, -1.3112385 ], [ 36.8246452, -1.3113672 ], [ 36.824753, -1.3114234 ], [ 36.8248426, -1.3114702 ], [ 36.82498, -1.3115217 ], [ 36.8250915, -1.3115388 ], [ 36.8252374, -1.3115131 ], [ 36.8253834, -1.3114359 ], [ 36.8254883, -1.3114104 ], [ 36.8256666, -1.3113672 ], [ 36.8259241, -1.3113157 ], [ 36.82607, -1.3113072 ], [ 36.8262159, -1.3113329 ], [ 36.8263618, -1.3113415 ], [ 36.8265507, -1.3113072 ], [ 36.8266966, -1.3112642 ], [ 36.8268167, -1.3112213 ], [ 36.8270742, -1.3112128 ], [ 36.8272373, -1.3111956 ], [ 36.8273317, -1.311127 ], [ 36.8274004, -1.3110411 ], [ 36.8274433, -1.3109296 ], [ 36.8274862, -1.310758 ], [ 36.8275377, -1.3106121 ], [ 36.8276407, -1.3104233 ], [ 36.8278467, -1.3102174 ], [ 36.8280098, -1.3100887 ], [ 36.8282244, -1.3099514 ], [ 36.8284475, -1.3098398 ], [ 36.8290483, -1.3095481 ], [ 36.8292715, -1.309428 ], [ 36.8293916, -1.3093164 ], [ 36.8295118, -1.3092049 ], [ 36.8297865, -1.3089646 ], [ 36.8299753, -1.3088273 ], [ 36.830207, -1.30869 ], [ 36.8303959, -1.308587 ], [ 36.8305418, -1.3085012 ], [ 36.8306534, -1.308424 ], [ 36.8307478, -1.3083811 ], [ 36.8307735, -1.3082352 ], [ 36.8307993, -1.3081666 ], [ 36.8308765, -1.3080464 ], [ 36.8309194, -1.3079435 ], [ 36.8309452, -1.3078748 ], [ 36.8309623, -1.3077719 ], [ 36.8310482, -1.307686 ], [ 36.8311168, -1.3075917 ], [ 36.8311769, -1.3074629 ], [ 36.8312284, -1.3073428 ], [ 36.8312456, -1.3072656 ], [ 36.8311683, -1.3072398 ], [ 36.8311168, -1.3071884 ], [ 36.8310224, -1.3071626 ], [ 36.8309403, -1.3071059 ], [ 36.8308851, -1.3070339 ], [ 36.8308164, -1.3069223 ], [ 36.8307907, -1.3067936 ], [ 36.8307649, -1.3066735 ], [ 36.8307049, -1.3065877 ], [ 36.8306877, -1.3064933 ], [ 36.8306877, -1.3063903 ], [ 36.8307134, -1.3062959 ], [ 36.8307993, -1.3062187 ], [ 36.8308851, -1.306193 ], [ 36.8309881, -1.3061587 ], [ 36.8310224, -1.3061415 ] ] } },
{ "type": "Feature", "properties": { "fid": 272, "osm_id": "487923439", "code": 8102, "fclass": "stream", "width": 0, "name": "Ruiruaka River" }, "geometry": { "type": "LineString", "coordinates": [ [ 36.80238, -1.2184705 ], [ 36.8023879, -1.2185314 ], [ 36.8025155, -1.2188213 ], [ 36.8027058, -1.219089 ], [ 36.8029852, -1.2193067 ], [ 36.8032451, -1.219463 ], [ 36.8034979, -1.2194637 ], [ 36.8035687, -1.2194349 ], [ 36.8036215, -1.2193867 ], [ 36.8037365, -1.2193178 ], [ 36.8038948, -1.2192398 ], [ 36.8040482, -1.2192113 ], [ 36.8042003, -1.2193173 ], [ 36.8043875, -1.2194021 ], [ 36.8044982, -1.2195615 ], [ 36.8045666, -1.219707 ], [ 36.8045862, -1.2198003 ], [ 36.8046903, -1.2198651 ], [ 36.8047074, -1.2199744 ], [ 36.804844, -1.2200513 ], [ 36.8050329, -1.2200317 ], [ 36.8053325, -1.2199949 ], [ 36.8055136, -1.2199989 ], [ 36.8057671, -1.2200794 ], [ 36.8058976, -1.2201819 ], [ 36.8060008, -1.2202338 ], [ 36.806115, -1.2202508 ], [ 36.8062254, -1.2202331 ], [ 36.8063473, -1.2203099 ], [ 36.8064518, -1.2204041 ], [ 36.8065355, -1.220593 ], [ 36.8066023, -1.2207535 ], [ 36.8067045, -1.2208394 ], [ 36.8068173, -1.2208774 ], [ 36.8069724, -1.2209108 ], [ 36.8071734, -1.2209445 ], [ 36.8073219, -1.2209876 ], [ 36.8074864, -1.2210901 ], [ 36.8076362, -1.2212775 ], [ 36.8078086, -1.2214092 ], [ 36.8079919, -1.2214432 ], [ 36.8080735, -1.2214817 ], [ 36.8081448, -1.2215981 ], [ 36.8082549, -1.2216815 ], [ 36.8083869, -1.2217349 ], [ 36.8084897, -1.2218559 ], [ 36.8085784, -1.2220499 ], [ 36.8086945, -1.2221455 ], [ 36.8087738, -1.2221616 ], [ 36.8088835, -1.2222295 ], [ 36.8089938, -1.2223076 ], [ 36.809163, -1.2223667 ], [ 36.8093244, -1.2223399 ], [ 36.8094844, -1.2222466 ], [ 36.8095815, -1.2221593 ], [ 36.809639, -1.2220679 ], [ 36.8096758, -1.2219623 ], [ 36.809688, -1.2218811 ], [ 36.8097135, -1.221817 ], [ 36.8097905, -1.2218021 ], [ 36.8099184, -1.2218199 ], [ 36.8100597, -1.2219116 ], [ 36.8101121, -1.2219421 ], [ 36.810218, -1.2219752 ], [ 36.8102813, -1.2220115 ], [ 36.8103915, -1.22205 ], [ 36.8104886, -1.2221565 ], [ 36.8105527, -1.2221909 ], [ 36.8106486, -1.2222255 ], [ 36.810716, -1.2223008 ], [ 36.8108276, -1.2223066 ], [ 36.8109856, -1.2222182 ], [ 36.8112242, -1.2221779 ], [ 36.8115063, -1.222182 ], [ 36.8117991, -1.2222121 ], [ 36.8120185, -1.2222449 ], [ 36.8121493, -1.22227 ], [ 36.8122776, -1.222301 ], [ 36.8123939, -1.2222898 ], [ 36.8124911, -1.2222573 ], [ 36.8126783, -1.2222234 ], [ 36.8127819, -1.2221914 ], [ 36.8129864, -1.2220654 ], [ 36.8130607, -1.2220904 ], [ 36.8131246, -1.222069 ], [ 36.8131873, -1.2220373 ], [ 36.8132681, -1.2220922 ], [ 36.8133443, -1.2221671 ], [ 36.8135071, -1.2222078 ], [ 36.8136293, -1.2222079 ], [ 36.8137234, -1.2222146 ], [ 36.8139506, -1.2223731 ], [ 36.8141783, -1.2224478 ], [ 36.8143094, -1.2224598 ] ] } },
{ "type": "Feature", "properties": { "fid": 273, "osm_id": "487923443", "code": 8101, "fclass": "river", "width": 0, "name": "Ruiruaka River" }, "geometry": { "type": "LineString", "coordinates": [ [ 36.8436994, -1.2345778 ], [ 36.8440085, -1.2342839 ], [ 36.8442874, -1.2341928 ], [ 36.8445342, -1.2342625 ], [ 36.8448882, -1.2342089 ], [ 36.8451511, -1.2341338 ], [ 36.8454139, -1.2340426 ], [ 36.8456749, -1.2340938 ], [ 36.8460684, -1.2338549 ], [ 36.8465029, -1.2336672 ], [ 36.8468524, -1.2336337 ], [ 36.8469696, -1.2334634 ], [ 36.8470939, -1.2333601 ], [ 36.8471825, -1.2334357 ], [ 36.8471788, -1.2336457 ], [ 36.8475329, -1.2337208 ], [ 36.8476812, -1.2336862 ], [ 36.847928, -1.2335897 ], [ 36.8483786, -1.2335146 ], [ 36.8487326, -1.2335307 ], [ 36.8489598, -1.233517 ], [ 36.8490939, -1.2335921 ], [ 36.8493139, -1.2334634 ], [ 36.8496699, -1.2334507 ], [ 36.8498103, -1.233677 ], [ 36.8498876, -1.2337908 ], [ 36.8500764, -1.2336239 ], [ 36.850174, -1.2335022 ], [ 36.8502132, -1.2333644 ], [ 36.8503814, -1.2331416 ] ] } },
{ "type": "Feature", "properties": { "fid": 274, "osm_id": "487923451", "code": 8102, "fclass": "stream", "width": 0, "name": null }, "geometry": { "type": "LineString", "coordinates": [ [ 36.8456285, -1.2282879 ], [ 36.8458324, -1.2279876 ], [ 36.8459665, -1.2275961 ], [ 36.8460416, -1.2272367 ], [ 36.8458377, -1.2270705 ], [ 36.8458914, -1.2267862 ], [ 36.8458002, -1.2265824 ], [ 36.8456285, -1.2263196 ], [ 36.8453496, -1.2259281 ], [ 36.8453335, -1.2254561 ] ] } },
{ "type": "Feature", "properties": { "fid": 275, "osm_id": "487923455", "code": 8101, "fclass": "river", "width": 0, "name": "Ruiruaka River" }, "geometry": { "type": "LineString", "coordinates": [ [ 36.8503814, -1.2331416 ], [ 36.8506979, -1.2331416 ], [ 36.8509822, -1.2329002 ], [ 36.8512432, -1.2328603 ], [ 36.8517528, -1.2329568 ], [ 36.8518298, -1.2327501 ], [ 36.85198, -1.2324122 ], [ 36.8523716, -1.232262 ], [ 36.8525057, -1.2319831 ], [ 36.8527686, -1.2315863 ], [ 36.8530314, -1.2311948 ], [ 36.8533318, -1.2312108 ], [ 36.8537742, -1.2313644 ] ] } },
{ "type": "Feature", "properties": { "fid": 276, "osm_id": "489084872", "code": 8102, "fclass": "stream", "width": 0, "name": "Katina stream" }, "geometry": { "type": "LineString", "coordinates": [ [ 36.7604525, -1.2786208 ], [ 36.760423, -1.2785565 ], [ 36.7604525, -1.2784814 ], [ 36.7604149, -1.2784439 ], [ 36.7603586, -1.2783581 ], [ 36.7603693, -1.2781811 ], [ 36.7603774, -1.2780497 ], [ 36.7603774, -1.2779934 ], [ 36.7603935, -1.2779076 ], [ 36.7603666, -1.2778432 ], [ 36.7603666, -1.2777762 ], [ 36.7603479, -1.27772 ], [ 36.7603854, -1.2776556 ], [ 36.7603666, -1.2775886 ], [ 36.7604122, -1.2775323 ], [ 36.7603961, -1.2774304 ], [ 36.760431, -1.2774009 ], [ 36.7605061, -1.2773821 ], [ 36.7605705, -1.2773178 ], [ 36.7606456, -1.2772802 ], [ 36.7606831, -1.2772132 ], [ 36.7607569, -1.2771852 ], [ 36.7607958, -1.2771381 ], [ 36.7608521, -1.2771005 ], [ 36.760897, -1.2770971 ], [ 36.7609742, -1.2770913 ], [ 36.7610882, -1.277055 ], [ 36.761182, -1.2770442 ], [ 36.7612276, -1.2769772 ], [ 36.7612826, -1.2769867 ], [ 36.7614073, -1.2769584 ], [ 36.7614529, -1.2769236 ], [ 36.7614529, -1.2768485 ], [ 36.7615012, -1.2767922 ], [ 36.7615763, -1.2767814 ], [ 36.7616219, -1.2767064 ], [ 36.7617064, -1.2766783 ], [ 36.7617453, -1.2766501 ] ] } },
{ "type": "Feature", "properties": { "fid": 277, "osm_id": "496131355", "code": 8102, "fclass": "stream", "width": 0, "name": null }, "geometry": { "type": "LineString", "coordinates": [ [ 36.769134, -1.2468445 ], [ 36.7692287, -1.2468946 ], [ 36.7693819, -1.2468919 ], [ 36.7695184, -1.2467861 ], [ 36.7695685, -1.2467499 ], [ 36.7696214, -1.2467666 ], [ 36.7696659, -1.2468167 ], [ 36.7698887, -1.2468779 ], [ 36.770067, -1.2470032 ], [ 36.77017, -1.247006 ], [ 36.7703037, -1.2470617 ], [ 36.7703817, -1.2470478 ], [ 36.7704875, -1.2470171 ], [ 36.7705849, -1.2470366 ], [ 36.7706434, -1.2470311 ], [ 36.7707019, -1.2469754 ], [ 36.7707604, -1.2469448 ], [ 36.7708801, -1.2469642 ], [ 36.7710055, -1.2469642 ], [ 36.7710918, -1.2469364 ], [ 36.7711503, -1.2469475 ], [ 36.7713591, -1.2470144 ], [ 36.7715123, -1.2470812 ], [ 36.7715736, -1.2470867 ], [ 36.7716265, -1.2470255 ], [ 36.7717295, -1.2469559 ], [ 36.7719022, -1.246903 ], [ 36.7719774, -1.2469225 ], [ 36.7720247, -1.246967 ], [ 36.772125, -1.2470366 ], [ 36.7721807, -1.2470283 ], [ 36.7722419, -1.2470617 ], [ 36.7722754, -1.2470756 ], [ 36.7723283, -1.2470645 ], [ 36.7723979, -1.2470645 ], [ 36.7725427, -1.2470812 ], [ 36.7725956, -1.2469782 ], [ 36.7726485, -1.2469308 ], [ 36.7727822, -1.2468974 ], [ 36.7729047, -1.2468779 ], [ 36.7730189, -1.2468807 ], [ 36.7730857, -1.246839 ], [ 36.7732473, -1.2467972 ], [ 36.7733002, -1.2468222 ], [ 36.7733642, -1.2468222 ], [ 36.7735285, -1.2468334 ], [ 36.7737235, -1.2469141 ], [ 36.7738989, -1.2469587 ], [ 36.7740159, -1.2469726 ], [ 36.7740604, -1.2470255 ], [ 36.7741496, -1.2470366 ], [ 36.7742804, -1.2470283 ], [ 36.7744225, -1.2470227 ], [ 36.7745394, -1.2470589 ], [ 36.7746174, -1.2470895 ], [ 36.7747065, -1.2470867 ], [ 36.7748346, -1.2470589 ], [ 36.7748931, -1.2470951 ], [ 36.7749293, -1.2471647 ], [ 36.7749627, -1.247226 ], [ 36.775166, -1.2473067 ], [ 36.7753582, -1.2474014 ], [ 36.775503, -1.2474654 ], [ 36.7755448, -1.2475294 ], [ 36.775581, -1.2475768 ], [ 36.775606, -1.2476798 ], [ 36.7756534, -1.2477355 ], [ 36.7757815, -1.2478691 ], [ 36.7758316, -1.2478635 ], [ 36.775904, -1.2479638 ], [ 36.7759792, -1.2480055 ], [ 36.7760433, -1.2479916 ], [ 36.7760822, -1.2479916 ], [ 36.776163, -1.2480195 ], [ 36.776461, -1.248 ], [ 36.7765278, -1.2479666 ], [ 36.7767005, -1.2479276 ], [ 36.7767561, -1.2478943 ], [ 36.7768201, -1.2478798 ], [ 36.7769148, -1.2478649 ], [ 36.7769831, -1.2478546 ], [ 36.7770179, -1.2478571 ], [ 36.7770639, -1.2478635 ], [ 36.7770973, -1.2478524 ], [ 36.7771382, -1.2478421 ], [ 36.7771722, -1.247844 ], [ 36.777209, -1.247842 ], [ 36.7773018, -1.2478074 ] ] } },
{ "type": "Feature", "properties": { "fid": 278, "osm_id": "496131356", "code": 8102, "fclass": "stream", "width": 0, "name": null }, "geometry": { "type": "LineString", "coordinates": [ [ 36.7779579, -1.2476591 ], [ 36.7773018, -1.2478074 ] ] } },
{ "type": "Feature", "properties": { "fid": 279, "osm_id": "496131392", "code": 8102, "fclass": "stream", "width": 0, "name": null }, "geometry": { "type": "LineString", "coordinates": [ [ 36.7785044, -1.247392 ], [ 36.7783711, -1.2475087 ], [ 36.7782424, -1.2475642 ], [ 36.7781636, -1.2475918 ], [ 36.7781015, -1.2476144 ], [ 36.7779579, -1.2476591 ] ] } },
{ "type": "Feature", "properties": { "fid": 280, "osm_id": "496131393", "code": 8102, "fclass": "stream", "width": 0, "name": null }, "geometry": { "type": "LineString", "coordinates": [ [ 36.778585, -1.2473031 ], [ 36.7785044, -1.247392 ] ] } },
{ "type": "Feature", "properties": { "fid": 281, "osm_id": "496131394", "code": 8102, "fclass": "stream", "width": 0, "name": "Mathare River" }, "geometry": { "type": "LineString", "coordinates": [ [ 36.778585, -1.2473031 ], [ 36.7786179, -1.2472554 ], [ 36.778636, -1.2471962 ], [ 36.7786541, -1.2471272 ], [ 36.7786919, -1.2470581 ], [ 36.7788054, -1.2470071 ], [ 36.7789403, -1.2469479 ], [ 36.779067, -1.2469249 ], [ 36.7790999, -1.2469495 ], [ 36.7791706, -1.2470022 ], [ 36.7792841, -1.2470614 ], [ 36.7793845, -1.2470992 ], [ 36.7795177, -1.2471666 ], [ 36.7796674, -1.247262 ], [ 36.7798089, -1.2473607 ], [ 36.7800573, -1.2474545 ], [ 36.7802449, -1.247512 ], [ 36.7803781, -1.2475531 ], [ 36.7804834, -1.2475614 ], [ 36.7806364, -1.2476107 ], [ 36.7807071, -1.2476156 ], [ 36.7807778, -1.2476074 ], [ 36.7808552, -1.2476732 ], [ 36.7809901, -1.2477077 ], [ 36.7811496, -1.2477521 ], [ 36.7813092, -1.2478015 ], [ 36.781426, -1.2478442 ], [ 36.7815938, -1.247938 ], [ 36.781727, -1.2479643 ], [ 36.7818554, -1.2479627 ], [ 36.7820676, -1.2479594 ], [ 36.782316, -1.2479561 ], [ 36.782469, -1.2479659 ], [ 36.7825825, -1.2480284 ], [ 36.7827289, -1.248114 ], [ 36.7828095, -1.2481978 ], [ 36.7829033, -1.2482932 ], [ 36.7830595, -1.2483459 ], [ 36.7831813, -1.2483245 ], [ 36.7833096, -1.248336 ], [ 36.7834149, -1.248359 ], [ 36.7835711, -1.2483607 ], [ 36.7837422, -1.2483639 ], [ 36.783859, -1.2483952 ], [ 36.7840268, -1.248433 ], [ 36.7842522, -1.248484 ], [ 36.7843394, -1.2485005 ], [ 36.7844364, -1.2485202 ], [ 36.7845088, -1.2485153 ], [ 36.7845993, -1.2485021 ], [ 36.7846832, -1.2485268 ], [ 36.7847424, -1.2485662 ], [ 36.7847556, -1.2486008 ], [ 36.784851, -1.2486353 ], [ 36.7850829, -1.2487093 ], [ 36.7851422, -1.2487011 ], [ 36.7853297, -1.2488129 ], [ 36.7854481, -1.2488656 ], [ 36.7855172, -1.248859 ], [ 36.7856439, -1.2487504 ], [ 36.7857262, -1.2486797 ], [ 36.7858824, -1.2486304 ], [ 36.7861226, -1.2485235 ], [ 36.7863036, -1.2484659 ], [ 36.7864623, -1.2483615 ], [ 36.7866063, -1.2483409 ], [ 36.7867675, -1.2483015 ], [ 36.7869057, -1.248313 ], [ 36.7870521, -1.2482998 ], [ 36.7871886, -1.2482636 ], [ 36.787307, -1.2482126 ], [ 36.7874584, -1.2482143 ], [ 36.7875456, -1.2482324 ], [ 36.787664, -1.2482373 ], [ 36.7878647, -1.2482159 ], [ 36.7880736, -1.2481913 ], [ 36.7881904, -1.2481485 ], [ 36.7883204, -1.2482126 ], [ 36.7884191, -1.2482932 ], [ 36.7885112, -1.2483919 ], [ 36.7885622, -1.2484824 ], [ 36.7886099, -1.2486731 ], [ 36.7886576, -1.2487472 ], [ 36.7887366, -1.2488705 ], [ 36.7888073, -1.2489379 ], [ 36.7889636, -1.2489823 ], [ 36.7890623, -1.2489922 ] ] } },
{ "type": "Feature", "properties": { "fid": 282, "osm_id": "578578957", "code": 8104, "fclass": "drain", "width": 0, "name": null }, "geometry": { "type": "LineString", "coordinates": [ [ 36.7820893, -1.3178392 ], [ 36.7821543, -1.3174393 ], [ 36.7821874, -1.317397 ] ] } },
{ "type": "Feature", "properties": { "fid": 283, "osm_id": "578578958", "code": 8104, "fclass": "drain", "width": 0, "name": null }, "geometry": { "type": "LineString", "coordinates": [ [ 36.7829721, -1.3176822 ], [ 36.782885, -1.3173713 ], [ 36.7828636, -1.3173034 ] ] } },
{ "type": "Feature", "properties": { "fid": 284, "osm_id": "587274723", "code": 8102, "fclass": "stream", "width": 0, "name": "Sosian" }, "geometry": { "type": "LineString", "coordinates": [ [ 36.8800855, -1.3571154 ], [ 36.8801163, -1.3573125 ], [ 36.8801965, -1.357639 ], [ 36.8803197, -1.3578177 ], [ 36.8805354, -1.3578916 ], [ 36.8808065, -1.3577869 ], [ 36.8809729, -1.3578238 ], [ 36.8810098, -1.3580518 ], [ 36.8810591, -1.3582243 ], [ 36.8812194, -1.3583228 ], [ 36.8814843, -1.358292 ], [ 36.8818109, -1.358175 ], [ 36.8819411, -1.3581981 ], [ 36.8820826, -1.358322 ] ] } },
{ "type": "Feature", "properties": { "fid": 285, "osm_id": "587274997", "code": 8102, "fclass": "stream", "width": 0, "name": null }, "geometry": { "type": "LineString", "coordinates": [ [ 36.8857927, -1.3539375 ], [ 36.8850954, -1.3545381 ], [ 36.8845053, -1.355128 ], [ 36.8841941, -1.3553855 ], [ 36.8837972, -1.3558038 ], [ 36.8837006, -1.3561041 ], [ 36.8835504, -1.3563401 ], [ 36.8834067, -1.3565792 ], [ 36.8832083, -1.3566757 ], [ 36.88294, -1.3568474 ], [ 36.8827362, -1.3571691 ], [ 36.8826986, -1.3573354 ], [ 36.8827469, -1.3574587 ], [ 36.8827898, -1.357566 ], [ 36.8828113, -1.3576893 ], [ 36.8828113, -1.3578824 ], [ 36.8828059, -1.3580111 ], [ 36.8827791, -1.3581398 ], [ 36.8827094, -1.3582792 ], [ 36.8826772, -1.3583865 ], [ 36.8826718, -1.3584938 ], [ 36.8825948, -1.3588422 ] ] } },
{ "type": "Feature", "properties": { "fid": 286, "osm_id": "587275699", "code": 8102, "fclass": "stream", "width": 0, "name": null }, "geometry": { "type": "LineString", "coordinates": [ [ 36.8826273, -1.3603704 ], [ 36.8826535, -1.3606072 ], [ 36.8827384, -1.3608124 ], [ 36.8829437, -1.3609114 ], [ 36.8832976, -1.3610034 ], [ 36.8833188, -1.3611662 ], [ 36.8833188, -1.3613714 ], [ 36.8833047, -1.3615342 ], [ 36.8833401, -1.3616828 ], [ 36.8834675, -1.3618031 ], [ 36.883517, -1.36198 ], [ 36.8835595, -1.3621569 ], [ 36.8835595, -1.3623197 ], [ 36.883517, -1.3624753 ], [ 36.8834604, -1.3625673 ], [ 36.8832905, -1.3625602 ], [ 36.8832197, -1.3626239 ], [ 36.8832197, -1.3627867 ], [ 36.8833188, -1.3630131 ], [ 36.8833542, -1.3632396 ], [ 36.8834463, -1.3634165 ], [ 36.8834604, -1.3635651 ], [ 36.8834321, -1.3637208 ], [ 36.8833047, -1.3638411 ], [ 36.8830499, -1.3639826 ], [ 36.8829225, -1.3641454 ], [ 36.8828941, -1.3643718 ], [ 36.8829578, -1.3646266 ], [ 36.882795, -1.3650582 ], [ 36.8826322, -1.3652564 ], [ 36.8824553, -1.3654616 ], [ 36.8822712, -1.3657517 ], [ 36.8822005, -1.366056 ], [ 36.8821509, -1.3664169 ], [ 36.882073, -1.3667141 ], [ 36.8821084, -1.3668768 ], [ 36.8822217, -1.3670962 ], [ 36.8823916, -1.3673722 ], [ 36.882519, -1.3675845 ], [ 36.8825119, -1.3677897 ], [ 36.8825119, -1.3679949 ], [ 36.8825261, -1.3682001 ], [ 36.8823916, -1.3683983 ], [ 36.8817687, -1.3688724 ], [ 36.8814006, -1.3691625 ], [ 36.881252, -1.3695517 ], [ 36.8812378, -1.3698631 ], [ 36.8813298, -1.3702735 ], [ 36.8814148, -1.3706769 ], [ 36.881705, -1.370967 ], [ 36.8817616, -1.3713208 ], [ 36.8817687, -1.3715119 ], [ 36.881797, -1.3719223 ], [ 36.881821, -1.372175 ], [ 36.8818787, -1.3723333 ] ] } },
{ "type": "Feature", "properties": { "fid": 287, "osm_id": "587277112", "code": 8102, "fclass": "stream", "width": 0, "name": "Sosian" }, "geometry": { "type": "LineString", "coordinates": [ [ 36.8698157, -1.3437853 ], [ 36.8698897, -1.3437909 ], [ 36.8705727, -1.3443762 ], [ 36.8710931, -1.344994 ], [ 36.8717273, -1.3456768 ], [ 36.8722639, -1.3461645 ], [ 36.8728819, -1.3467823 ], [ 36.8734348, -1.3472538 ], [ 36.8739552, -1.3475627 ], [ 36.8745569, -1.348213 ], [ 36.8752886, -1.3489608 ], [ 36.8766059, -1.3502776 ], [ 36.8773376, -1.3511718 ], [ 36.8779556, -1.3518871 ], [ 36.8783621, -1.3525862 ], [ 36.8787199, -1.3532365 ], [ 36.8790451, -1.3541306 ], [ 36.8792403, -1.3547972 ], [ 36.8795493, -1.3556751 ], [ 36.8797607, -1.3563741 ], [ 36.8798347, -1.3567452 ], [ 36.8798776, -1.3569597 ], [ 36.8800855, -1.3571154 ] ] } },
{ "type": "Feature", "properties": { "fid": 288, "osm_id": "587385784", "code": 8102, "fclass": "stream", "width": 0, "name": "Sosian" }, "geometry": { "type": "LineString", "coordinates": [ [ 36.8633103, -1.3415455 ], [ 36.8634766, -1.3418136 ], [ 36.8636429, -1.3420335 ], [ 36.8639004, -1.3421408 ], [ 36.8640237, -1.3421676 ], [ 36.8641471, -1.3421998 ], [ 36.8643188, -1.342248 ], [ 36.864469, -1.3422856 ], [ 36.8646514, -1.3423392 ], [ 36.8648177, -1.3423875 ], [ 36.8648928, -1.3424143 ], [ 36.8649947, -1.3425055 ], [ 36.8651181, -1.3425698 ], [ 36.8653005, -1.3426395 ], [ 36.8654829, -1.3427146 ], [ 36.8656867, -1.3427736 ], [ 36.8659227, -1.3428272 ], [ 36.8660676, -1.3428969 ], [ 36.8662124, -1.3429559 ], [ 36.8663626, -1.3429667 ], [ 36.8665236, -1.3429774 ], [ 36.8669152, -1.3429881 ], [ 36.8671297, -1.3430203 ], [ 36.8673229, -1.3430632 ], [ 36.8674945, -1.3431812 ], [ 36.8679666, -1.3433099 ], [ 36.8684011, -1.3435298 ], [ 36.8687965, -1.3436861 ] ] } },
{ "type": "Feature", "properties": { "fid": 289, "osm_id": "587388549", "code": 8102, "fclass": "stream", "width": 0, "name": "Moloyeti" }, "geometry": { "type": "LineString", "coordinates": [ [ 36.8506288, -1.3464652 ], [ 36.8507464, -1.3466054 ], [ 36.8509538, -1.3466537 ], [ 36.8512872, -1.3465887 ], [ 36.8514742, -1.3465643 ], [ 36.8516124, -1.3465237 ], [ 36.8517018, -1.346483 ], [ 36.8517018, -1.3464099 ], [ 36.85171, -1.3462717 ], [ 36.8517913, -1.3461172 ], [ 36.8518401, -1.3460603 ], [ 36.8520027, -1.3460441 ], [ 36.8524092, -1.3462148 ], [ 36.8526125, -1.3462961 ], [ 36.8528971, -1.3462229 ], [ 36.8530353, -1.3463204 ], [ 36.853019, -1.3464586 ], [ 36.852954, -1.3466131 ], [ 36.8530516, -1.3467513 ], [ 36.8531955, -1.3470104 ], [ 36.8532404, -1.3470912 ] ] } },
{ "type": "Feature", "properties": { "fid": 290, "osm_id": "587388856", "code": 8102, "fclass": "stream", "width": 0, "name": null }, "geometry": { "type": "LineString", "coordinates": [ [ 36.857027, -1.342133 ], [ 36.8564012, -1.3424038 ], [ 36.8559996, -1.3426839 ], [ 36.8557474, -1.3429173 ], [ 36.8554485, -1.3432535 ], [ 36.8552898, -1.3434589 ], [ 36.855215, -1.343627 ], [ 36.8550563, -1.343739 ], [ 36.8549348, -1.3438044 ], [ 36.8548601, -1.3438604 ], [ 36.854748, -1.3439818 ], [ 36.8546173, -1.3441125 ], [ 36.8543277, -1.3441125 ], [ 36.8542624, -1.3442339 ], [ 36.8542157, -1.3443179 ], [ 36.8542343, -1.3444487 ], [ 36.8542624, -1.3445514 ], [ 36.8542343, -1.3447101 ], [ 36.8541036, -1.3448688 ], [ 36.8539728, -1.3449249 ], [ 36.8538794, -1.3450089 ], [ 36.853786, -1.3450649 ], [ 36.85373, -1.345121 ], [ 36.853702, -1.3451957 ], [ 36.853758, -1.3453357 ], [ 36.853702, -1.3454478 ], [ 36.8534965, -1.3455131 ], [ 36.853291, -1.3455692 ], [ 36.8532163, -1.3456252 ], [ 36.8531416, -1.3457092 ], [ 36.8531416, -1.3457839 ], [ 36.8531229, -1.3458866 ], [ 36.8531789, -1.3459333 ], [ 36.8532548, -1.3460623 ], [ 36.8532548, -1.3461793 ], [ 36.8532302, -1.3463395 ], [ 36.8532179, -1.346438 ], [ 36.8531747, -1.3465181 ], [ 36.8531624, -1.3466845 ], [ 36.8531932, -1.3467953 ], [ 36.8532056, -1.3469432 ], [ 36.8531955, -1.3470104 ] ] } },
{ "type": "Feature", "properties": { "fid": 291, "osm_id": "590366579", "code": 8101, "fclass": "river", "width": 0, "name": null }, "geometry": { "type": "LineString", "coordinates": [ [ 36.9156069, -1.2721769 ], [ 36.9152558, -1.2725543 ], [ 36.9151884, -1.2727937 ], [ 36.9151959, -1.2730555 ], [ 36.9152386, -1.2733625 ], [ 36.9152278, -1.2735502 ], [ 36.9151956, -1.2737486 ], [ 36.9151259, -1.2739631 ], [ 36.9149167, -1.2742956 ], [ 36.9146377, -1.2746282 ], [ 36.9141764, -1.2750733 ], [ 36.9139565, -1.2753522 ], [ 36.9135971, -1.2758617 ], [ 36.9133867, -1.2761405 ], [ 36.9133816, -1.2761446 ], [ 36.9131303, -1.276398 ], [ 36.9130104, -1.2766258 ], [ 36.9128782, -1.2769396 ], [ 36.9127552, -1.2773034 ], [ 36.9127011, -1.2774415 ], [ 36.9125671, -1.2778138 ], [ 36.9123525, -1.2782429 ], [ 36.912272, -1.278806 ] ] } },
{ "type": "Feature", "properties": { "fid": 292, "osm_id": "616688471", "code": 8101, "fclass": "river", "width": 0, "name": null }, "geometry": { "type": "LineString", "coordinates": [ [ 36.7830969, -1.2539218 ], [ 36.7834974, -1.2539003 ], [ 36.7839552, -1.2538038 ], [ 36.7843522, -1.2539003 ], [ 36.7852748, -1.2540183 ], [ 36.7867769, -1.2543401 ], [ 36.7873489, -1.2545433 ], [ 36.7874262, -1.2545529 ], [ 36.7880498, -1.2546301 ], [ 36.7889977, -1.254812 ], [ 36.7897273, -1.2551016 ], [ 36.7903543, -1.2555394 ], [ 36.7909289, -1.2555092 ], [ 36.7913795, -1.2555414 ] ] } },
{ "type": "Feature", "properties": { "fid": 293, "osm_id": "616690374", "code": 8103, "fclass": "canal", "width": 0, "name": null }, "geometry": { "type": "LineString", "coordinates": [ [ 36.7763811, -1.2528244 ], [ 36.7768766, -1.252881 ], [ 36.7773802, -1.2530542 ] ] } },
{ "type": "Feature", "properties": { "fid": 294, "osm_id": "616690376", "code": 8101, "fclass": "river", "width": 0, "name": null }, "geometry": { "type": "LineString", "coordinates": [ [ 36.7708311, -1.2529108 ], [ 36.7709852, -1.2529248 ], [ 36.7710692, -1.2529342 ], [ 36.771186, -1.2529202 ], [ 36.7713167, -1.2528828 ], [ 36.7714148, -1.2528595 ], [ 36.7715502, -1.2528361 ], [ 36.7717277, -1.2527894 ], [ 36.7718463, -1.2527334 ], [ 36.772035, -1.2526545 ], [ 36.7721553, -1.2526262 ], [ 36.7722969, -1.2525838 ], [ 36.7724597, -1.2525342 ], [ 36.7725588, -1.2525413 ], [ 36.7727216, -1.2525838 ], [ 36.772849, -1.2525696 ], [ 36.7729764, -1.252513 ], [ 36.7731321, -1.252513 ], [ 36.7732525, -1.2525342 ], [ 36.7735073, -1.2525767 ], [ 36.7737409, -1.2526121 ], [ 36.7739957, -1.2525696 ], [ 36.7742859, -1.2525625 ], [ 36.7747318, -1.2526333 ], [ 36.7750221, -1.2526616 ], [ 36.7752556, -1.2526758 ], [ 36.7757726, -1.2528189 ] ] } },
{ "type": "Feature", "properties": { "fid": 295, "osm_id": "616695094", "code": 8104, "fclass": "drain", "width": 0, "name": null }, "geometry": { "type": "LineString", "coordinates": [ [ 36.8153991, -1.2631518 ], [ 36.8155815, -1.2632295 ], [ 36.8158232, -1.2632972 ] ] } },
{ "type": "Feature", "properties": { "fid": 296, "osm_id": "628608513", "code": 8104, "fclass": "drain", "width": 0, "name": null }, "geometry": { "type": "LineString", "coordinates": [ [ 36.9292985, -1.3163525 ], [ 36.9351497, -1.3120783 ], [ 36.9358808, -1.3107155 ], [ 36.9361091, -1.3104535 ], [ 36.9363859, -1.3102915 ], [ 36.936673, -1.3102014 ], [ 36.9380372, -1.3099557 ], [ 36.9425327, -1.3066702 ], [ 36.9444354, -1.3023246 ], [ 36.9453792, -1.3001691 ] ] } },
{ "type": "Feature", "properties": { "fid": 297, "osm_id": "628608517", "code": 8104, "fclass": "drain", "width": 0, "name": null }, "geometry": { "type": "LineString", "coordinates": [ [ 36.9287269, -1.3167773 ], [ 36.9292985, -1.3163525 ] ] } },
{ "type": "Feature", "properties": { "fid": 298, "osm_id": "628608519", "code": 8104, "fclass": "drain", "width": 0, "name": null }, "geometry": { "type": "LineString", "coordinates": [ [ 36.9266758, -1.31828 ], [ 36.9272321, -1.3178721 ] ] } },
{ "type": "Feature", "properties": { "fid": 299, "osm_id": "628608521", "code": 8104, "fclass": "drain", "width": 0, "name": null }, "geometry": { "type": "LineString", "coordinates": [ [ 36.9282246, -1.320652 ], [ 36.9289587, -1.3201022 ] ] } },
{ "type": "Feature", "properties": { "fid": 300, "osm_id": "628608524", "code": 8104, "fclass": "drain", "width": 0, "name": null }, "geometry": { "type": "LineString", "coordinates": [ [ 36.9272321, -1.3178721 ], [ 36.9287269, -1.3167773 ] ] } },
{ "type": "Feature", "properties": { "fid": 301, "osm_id": "628608526", "code": 8104, "fclass": "drain", "width": 0, "name": null }, "geometry": { "type": "LineString", "coordinates": [ [ 36.9289587, -1.3201022 ], [ 36.9335528, -1.3167853 ], [ 36.9342718, -1.3162622 ], [ 36.9386747, -1.3130441 ], [ 36.9394232, -1.3124964 ], [ 36.9442272, -1.3089528 ], [ 36.9521945, -1.3077924 ] ] } },
{ "type": "Feature", "properties": { "fid": 302, "osm_id": "645535088", "code": 8102, "fclass": "stream", "width": 0, "name": "Kirichwa Kubwa River" }, "geometry": { "type": "LineString", "coordinates": [ [ 36.7865968, -1.2840613 ], [ 36.7866808, -1.2839902 ], [ 36.7867162, -1.2839448 ] ] } },
{ "type": "Feature", "properties": { "fid": 303, "osm_id": "645535089", "code": 8102, "fclass": "stream", "width": 0, "name": "Kirichwa Kubwa River" }, "geometry": { "type": "LineString", "coordinates": [ [ 36.7867162, -1.2839448 ], [ 36.7868656, -1.2838659 ], [ 36.787015, -1.2838125 ], [ 36.7870787, -1.283753 ], [ 36.7871499, -1.2837033 ], [ 36.7871692, -1.283562 ], [ 36.7872848, -1.2832987 ], [ 36.7873619, -1.2831767 ], [ 36.7875161, -1.2830097 ], [ 36.7877217, -1.2828106 ], [ 36.7878759, -1.2827207 ], [ 36.7881585, -1.2826436 ], [ 36.7882549, -1.2825794 ], [ 36.7884733, -1.2825987 ], [ 36.7885953, -1.2826757 ], [ 36.7887045, -1.2827014 ], [ 36.7888266, -1.2826051 ], [ 36.7890322, -1.2824253 ], [ 36.7892827, -1.2822519 ], [ 36.7895268, -1.2820014 ], [ 36.7898159, -1.2820335 ], [ 36.7901178, -1.2820206 ], [ 36.7904335, -1.2819656 ], [ 36.7907074, -1.2818988 ], [ 36.7909022, -1.2816391 ], [ 36.7909936, -1.2816529 ], [ 36.7909905, -1.2817806 ], [ 36.7911151, -1.2818839 ], [ 36.7911607, -1.2819416 ], [ 36.7912823, -1.2820054 ], [ 36.791413, -1.282124 ], [ 36.7915224, -1.2822668 ], [ 36.7916106, -1.2823002 ], [ 36.7916805, -1.2823458 ], [ 36.7917413, -1.2824066 ], [ 36.7918933, -1.2824005 ], [ 36.7920757, -1.282364 ], [ 36.7923097, -1.2823762 ], [ 36.7926137, -1.2823853 ], [ 36.7927444, -1.2823336 ], [ 36.7928629, -1.2822455 ], [ 36.7931152, -1.2822516 ], [ 36.7932033, -1.2822881 ], [ 36.7932155, -1.2823397 ], [ 36.7932732, -1.2823488 ], [ 36.7933006, -1.2823883 ], [ 36.7933644, -1.2824309 ], [ 36.793483, -1.2825008 ], [ 36.7936653, -1.2825312 ], [ 36.7938204, -1.282516 ], [ 36.7939754, -1.2824096 ], [ 36.794097, -1.2822729 ], [ 36.7940818, -1.2821118 ], [ 36.7941304, -1.2819416 ], [ 36.7941486, -1.2818049 ], [ 36.7941365, -1.2817228 ], [ 36.7942064, -1.2816317 ], [ 36.7944161, -1.2815709 ], [ 36.7946046, -1.2815739 ], [ 36.7948629, -1.2815861 ], [ 36.7949936, -1.2815192 ], [ 36.7950301, -1.2813734 ], [ 36.7951456, -1.2813126 ], [ 36.7952824, -1.2812275 ], [ 36.7953675, -1.2812427 ], [ 36.7954313, -1.2812852 ], [ 36.7956441, -1.2812974 ], [ 36.7957687, -1.2812093 ], [ 36.795793, -1.2810968 ], [ 36.7958538, -1.2810057 ], [ 36.7958599, -1.2809358 ], [ 36.7959237, -1.2808021 ], [ 36.7959937, -1.2806927 ], [ 36.7961548, -1.2804952 ], [ 36.7962855, -1.2802277 ], [ 36.796252, -1.2798783 ], [ 36.7962855, -1.2796777 ], [ 36.7962611, -1.2793313 ], [ 36.7961639, -1.2791247 ], [ 36.7960696, -1.2789909 ], [ 36.7961517, -1.2787235 ], [ 36.7962794, -1.2784257 ], [ 36.796404, -1.2781492 ], [ 36.796407, -1.2780216 ], [ 36.7964774, -1.2776381 ], [ 36.7968313, -1.2768661 ], [ 36.7970633, -1.2765314 ], [ 36.797386, -1.2762366 ], [ 36.798032, -1.2758785 ], [ 36.7982502, -1.2757766 ], [ 36.7984625, -1.2757577 ], [ 36.7987643, -1.2757366 ], [ 36.7990661, -1.2755498 ], [ 36.7994737, -1.2753124 ], [ 36.7997066, -1.2750774 ], [ 36.8002831, -1.2749702 ], [ 36.8005842, -1.2749506 ], [ 36.8009084, -1.2747528 ], [ 36.8009891, -1.2745747 ] ] } },
{ "type": "Feature", "properties": { "fid": 304, "osm_id": "665120205", "code": 8101, "fclass": "river", "width": 0, "name": null }, "geometry": { "type": "LineString", "coordinates": [ [ 36.8222418, -1.2675858 ], [ 36.8222566, -1.2676002 ], [ 36.822311, -1.2676693 ], [ 36.8223503, -1.2676997 ], [ 36.8223764, -1.2677162 ], [ 36.8224138, -1.2677315 ], [ 36.822472, -1.2677337 ], [ 36.8227071, -1.2677041 ], [ 36.8235517, -1.2675976 ], [ 36.8237577, -1.2675989 ], [ 36.8246161, -1.2674767 ], [ 36.8256858, -1.2671791 ], [ 36.8261552, -1.2671127 ], [ 36.8264325, -1.2670634 ], [ 36.8265742, -1.2670018 ], [ 36.8266667, -1.2670018 ], [ 36.8267344, -1.2669218 ], [ 36.8268084, -1.2669402 ], [ 36.8269932, -1.2666568 ], [ 36.8270857, -1.2665706 ], [ 36.8271904, -1.266509 ], [ 36.8272952, -1.266355 ], [ 36.8273753, -1.2662687 ], [ 36.8274739, -1.2661763 ], [ 36.8275786, -1.2660839 ], [ 36.8278128, -1.265736 ], [ 36.827899, -1.2655388 ], [ 36.8281222, -1.2653538 ], [ 36.8284014, -1.2652868 ], [ 36.8285218, -1.2652213 ], [ 36.8288007, -1.265022 ], [ 36.8290205, -1.2649675 ], [ 36.8293163, -1.2649597 ], [ 36.8296244, -1.2649597 ], [ 36.8299202, -1.2650583 ], [ 36.8300927, -1.2651815 ], [ 36.8302653, -1.2652554 ], [ 36.8304501, -1.2653294 ], [ 36.8306843, -1.2654279 ], [ 36.8310294, -1.2654402 ], [ 36.8312882, -1.2654279 ], [ 36.8317688, -1.2651322 ], [ 36.8320893, -1.264972 ], [ 36.8322988, -1.2648365 ], [ 36.832459, -1.2648119 ], [ 36.8327794, -1.2647995 ], [ 36.8329519, -1.2647749 ], [ 36.8331984, -1.2646147 ], [ 36.8332601, -1.2645408 ], [ 36.8334696, -1.2645408 ], [ 36.8335558, -1.2645408 ], [ 36.8338639, -1.2642944 ], [ 36.8340488, -1.2640972 ], [ 36.8341844, -1.2639247 ], [ 36.8345048, -1.2639863 ], [ 36.8348043, -1.2640872 ] ] } },
{ "type": "Feature", "properties": { "fid": 305, "osm_id": "674747242", "code": 8102, "fclass": "stream", "width": 0, "name": "Kirichwa Kubwa" }, "geometry": { "type": "LineString", "coordinates": [ [ 36.761432, -1.2953902 ], [ 36.7615371, -1.2953712 ], [ 36.7616338, -1.2953783 ], [ 36.7617304, -1.2954586 ], [ 36.7617917, -1.295521 ], [ 36.761834, -1.2956036 ], [ 36.7618807, -1.2956253 ], [ 36.7620201, -1.2956079 ], [ 36.7621242, -1.295592 ], [ 36.7622176, -1.2955686 ], [ 36.7622978, -1.2955534 ], [ 36.762434, -1.295549 ], [ 36.7625908, -1.2955637 ], [ 36.7627438, -1.2956168 ], [ 36.7627879, -1.2956882 ], [ 36.7628707, -1.2957018 ], [ 36.7629382, -1.2956474 ], [ 36.7630128, -1.2956152 ], [ 36.7631113, -1.2956426 ], [ 36.7632409, -1.2956807 ], [ 36.7633106, -1.2957485 ], [ 36.7633732, -1.295777 ], [ 36.7634844, -1.2958554 ], [ 36.7635657, -1.295882 ], [ 36.7636629, -1.2958844 ], [ 36.7638645, -1.2958204 ], [ 36.764033, -1.2957685 ], [ 36.7642213, -1.2957255 ], [ 36.7643198, -1.2957249 ], [ 36.7644514, -1.2957329 ], [ 36.7645747, -1.2957874 ], [ 36.7647018, -1.2958885 ], [ 36.7647916, -1.295995 ], [ 36.7649461, -1.2960744 ], [ 36.764991, -1.2961176 ], [ 36.7651132, -1.2961198 ], [ 36.7651455, -1.2960352 ], [ 36.765184, -1.2960227 ], [ 36.7652188, -1.2959895 ], [ 36.7652398, -1.2959498 ], [ 36.7652617, -1.2959302 ], [ 36.7652959, -1.2958831 ], [ 36.7653144, -1.2958362 ], [ 36.7653783, -1.2957838 ], [ 36.7654815, -1.2957416 ], [ 36.7656104, -1.2956984 ], [ 36.7657674, -1.2956554 ], [ 36.7658754, -1.2956653 ], [ 36.7659442, -1.2956943 ], [ 36.7659773, -1.2957116 ], [ 36.7660134, -1.295702 ], [ 36.7660866, -1.2956601 ], [ 36.7661842, -1.2956491 ], [ 36.7663633, -1.2956328 ], [ 36.7664293, -1.2956609 ], [ 36.7665295, -1.2956389 ], [ 36.7665884, -1.2956321 ], [ 36.7667058, -1.2955996 ], [ 36.7668281, -1.295617 ], [ 36.7669027, -1.2957103 ], [ 36.7669663, -1.2958917 ], [ 36.767034, -1.2959673 ], [ 36.7671906, -1.2960701 ], [ 36.7673085, -1.2961223 ], [ 36.7674426, -1.2961223 ], [ 36.7675055, -1.2961295 ], [ 36.7675777, -1.2961001 ], [ 36.7676324, -1.2960318 ], [ 36.7676624, -1.2958814 ], [ 36.7677352, -1.2957627 ], [ 36.7677712, -1.2957268 ], [ 36.7678519, -1.295676 ], [ 36.7679539, -1.2956843 ], [ 36.768087, -1.295712 ], [ 36.7682775, -1.295781 ], [ 36.7684, -1.2958322 ], [ 36.7684928, -1.2958686 ], [ 36.768522, -1.2959627 ], [ 36.7685637, -1.2960416 ], [ 36.7686153, -1.2961072 ], [ 36.7686651, -1.2961364 ], [ 36.7686897, -1.2961424 ] ] } },
{ "type": "Feature", "properties": { "fid": 306, "osm_id": "674865505", "code": 8102, "fclass": "stream", "width": 0, "name": null }, "geometry": { "type": "LineString", "coordinates": [ [ 36.7836941, -1.3059669 ], [ 36.7832211, -1.3056626 ], [ 36.7830085, -1.3054713 ], [ 36.7827989, -1.3051069 ], [ 36.7825529, -1.3047608 ], [ 36.7823251, -1.3045574 ], [ 36.7821399, -1.3044329 ], [ 36.7818453, -1.3042689 ], [ 36.781682, -1.3041362 ], [ 36.7815386, -1.3039616 ], [ 36.7814176, -1.3037498 ] ] } },
{ "type": "Feature", "properties": { "fid": 307, "osm_id": "674872815", "code": 8101, "fclass": "river", "width": 0, "name": "Athi River" }, "geometry": { "type": "MultiLineString", "coordinates": [ [ [ 37.075648537157818, -1.301229283385543 ], [ 37.0755574, -1.3010876 ], [ 37.074157744327501, -1.300956921728886 ] ], [ [ 37.073638095328668, -1.300834200145007 ], [ 37.0732143, -1.3005478 ], [ 37.0726833, -1.2995431 ], [ 37.0724683, -1.2990317 ], [ 37.0723822, -1.2983666 ], [ 37.0726404, -1.2977983 ], [ 37.072703959559533, -1.297705422089421 ] ], [ [ 37.103655832334276, -1.263710907738391 ], [ 37.1029733, -1.2631777 ], [ 37.1024345, -1.2627086 ], [ 37.1023069, -1.2625039 ], [ 37.1022574, -1.2622297 ], [ 37.1026879, -1.2613894 ], [ 37.102798252289041, -1.261192033767961 ] ] ] } },
{ "type": "Feature", "properties": { "fid": 308, "osm_id": "675032143", "code": 8101, "fclass": "river", "width": 0, "name": "Mbagathi River" }, "geometry": { "type": "LineString", "coordinates": [ [ 36.869844755058153, -1.403717460969732 ], [ 36.8699066, -1.40375 ], [ 36.8703448, -1.4040951 ], [ 36.8705135, -1.4043443 ], [ 36.8706374, -1.4047127 ], [ 36.87057754384599, -1.404997038705185 ] ] } },
{ "type": "Feature", "properties": { "fid": 309, "osm_id": "675672893", "code": 8103, "fclass": "canal", "width": 0, "name": null }, "geometry": { "type": "LineString", "coordinates": [ [ 36.8123373, -1.2608163 ], [ 36.8124118, -1.2608515 ], [ 36.8126395, -1.2609165 ], [ 36.8127411, -1.2609653 ], [ 36.8128671, -1.2610629 ], [ 36.8129485, -1.261132 ], [ 36.813107, -1.2613149 ], [ 36.8132737, -1.261514 ], [ 36.8134821, -1.2616137 ], [ 36.814393, -1.2621608 ], [ 36.8147511, -1.2623988 ], [ 36.8152486, -1.2626456 ], [ 36.8151936, -1.2627649 ], [ 36.8153621, -1.2628639 ], [ 36.8154093, -1.2628809 ], [ 36.8155425, -1.2629472 ], [ 36.8154792, -1.2630693 ], [ 36.8153991, -1.2631518 ] ] } },
{ "type": "Feature", "properties": { "fid": 310, "osm_id": "678392241", "code": 8102, "fclass": "stream", "width": 0, "name": "Nairobi River" }, "geometry": { "type": "LineString", "coordinates": [ [ 36.7766471, -1.2659458 ], [ 36.7767319, -1.2659508 ] ] } },
{ "type": "Feature", "properties": { "fid": 311, "osm_id": "678392242", "code": 8102, "fclass": "stream", "width": 0, "name": "Nairobi River" }, "geometry": { "type": "LineString", "coordinates": [ [ 36.7743257, -1.2673855 ], [ 36.774501, -1.2673286 ] ] } },
{ "type": "Feature", "properties": { "fid": 312, "osm_id": "687438824", "code": 8102, "fclass": "stream", "width": 0, "name": null }, "geometry": { "type": "LineString", "coordinates": [ [ 36.8306194, -1.2810098 ], [ 36.8307853, -1.280984 ], [ 36.830977, -1.2809666 ], [ 36.8311661, -1.2809585 ], [ 36.8312129, -1.2809717 ] ] } },
{ "type": "Feature", "properties": { "fid": 313, "osm_id": "703244587", "code": 8102, "fclass": "stream", "width": 0, "name": null }, "geometry": { "type": "LineString", "coordinates": [ [ 36.897110435748452, -1.159839313917255 ], [ 36.8975955, -1.1603556 ], [ 36.8978066, -1.1606652 ], [ 36.8979603, -1.1608582 ], [ 36.8983415, -1.1612617 ], [ 36.8986246, -1.1612987 ], [ 36.898909, -1.161373 ], [ 36.8990266, -1.1614125 ], [ 36.8993793, -1.1615311 ], [ 36.9000077, -1.1615351 ], [ 36.9002793, -1.1613973 ], [ 36.9007698, -1.1610933 ], [ 36.9010298, -1.1610032 ], [ 36.9011793, -1.1609514 ], [ 36.9018239, -1.1608947 ], [ 36.9038063, -1.1607285 ], [ 36.9040579, -1.1607729 ], [ 36.9042198, -1.1608015 ], [ 36.9051766, -1.1611379 ], [ 36.9057726, -1.1614743 ], [ 36.9064982, -1.1618148 ], [ 36.9075645, -1.1620499 ], [ 36.9078766, -1.1620661 ], [ 36.9088455, -1.1620539 ], [ 36.9099604, -1.162062 ], [ 36.9106456, -1.1620053 ], [ 36.9114523, -1.1618999 ], [ 36.9117838, -1.1618262 ], [ 36.9120807, -1.1617459 ], [ 36.9127658, -1.1619121 ], [ 36.9132321, -1.1620012 ], [ 36.9135888, -1.1618594 ], [ 36.9142255, -1.161928 ], [ 36.9145409, -1.1619051 ], [ 36.9153238, -1.1618693 ], [ 36.9160576, -1.1618119 ], [ 36.9167811, -1.1618462 ], [ 36.9169062, -1.1618521 ], [ 36.9173783, -1.1620121 ], [ 36.9175827, -1.1620814 ], [ 36.9180012, -1.1623909 ], [ 36.9187064, -1.1625571 ], [ 36.9193543, -1.162666 ], [ 36.9202544, -1.1627749 ], [ 36.9206271, -1.1631246 ], [ 36.920736, -1.1635029 ], [ 36.9210399, -1.1641105 ], [ 36.9212807, -1.16438 ], [ 36.9212807, -1.1646207 ], [ 36.9211775, -1.1648672 ], [ 36.9213954, -1.1652914 ], [ 36.9216247, -1.1653716 ], [ 36.9218827, -1.1653487 ], [ 36.9219916, -1.1655436 ], [ 36.9221886, -1.1655898 ], [ 36.9223242, -1.1657213 ], [ 36.9228172, -1.1659964 ], [ 36.9230638, -1.1663117 ], [ 36.9231982, -1.166315 ], [ 36.9235224, -1.1663231 ], [ 36.9239352, -1.1661512 ], [ 36.9241416, -1.1659448 ], [ 36.9245487, -1.1660939 ], [ 36.9256495, -1.1667588 ], [ 36.9257986, -1.1671772 ], [ 36.9257884, -1.1674926 ], [ 36.9258157, -1.1676596 ], [ 36.9261151, -1.1680816 ], [ 36.9261704, -1.1682187 ], [ 36.9262962, -1.1683634 ], [ 36.9264081, -1.1684903 ], [ 36.9267102, -1.1686103 ], [ 36.9273523, -1.1691434 ], [ 36.9275128, -1.1693898 ], [ 36.928499, -1.1695847 ], [ 36.9289863, -1.1695446 ], [ 36.9292558, -1.1695102 ], [ 36.9295424, -1.1692924 ], [ 36.9296485, -1.1692296 ], [ 36.9297341, -1.169394 ], [ 36.9298525, -1.1694365 ], [ 36.9302706, -1.1693497 ], [ 36.9305171, -1.1691147 ], [ 36.9314172, -1.1693726 ], [ 36.9322416, -1.1695967 ], [ 36.932363, -1.1697011 ], [ 36.9326155, -1.169665 ], [ 36.9333454, -1.1699503 ], [ 36.9341734, -1.1703862 ], [ 36.9344489, -1.1705165 ], [ 36.9345878, -1.1706165 ], [ 36.9358663, -1.1713445 ], [ 36.9368187, -1.1718783 ] ] } },
{ "type": "Feature", "properties": { "fid": 314, "osm_id": "705609587", "code": 8102, "fclass": "stream", "width": 0, "name": null }, "geometry": { "type": "LineString", "coordinates": [ [ 36.734193, -1.2761284 ], [ 36.7342852, -1.2760152 ] ] } },
{ "type": "Feature", "properties": { "fid": 315, "osm_id": "705609588", "code": 8101, "fclass": "river", "width": 0, "name": "Nairobi River" }, "geometry": { "type": "LineString", "coordinates": [ [ 36.7342852, -1.2760152 ], [ 36.7343278, -1.2758858 ], [ 36.7343546, -1.2758536 ], [ 36.7344109, -1.2758429 ], [ 36.7344834, -1.2758697 ], [ 36.73447, -1.2759126 ], [ 36.7345263, -1.2759341 ], [ 36.7345746, -1.2759716 ], [ 36.7346336, -1.275918 ], [ 36.7346818, -1.2758992 ], [ 36.7347033, -1.2759904 ], [ 36.7347704, -1.2760681 ], [ 36.7349206, -1.276162 ], [ 36.7350225, -1.2762585 ], [ 36.7351083, -1.2763738 ], [ 36.7351968, -1.276339 ], [ 36.7353014, -1.2763604 ], [ 36.7353819, -1.2763256 ], [ 36.735457, -1.2763229 ], [ 36.7355214, -1.2763577 ], [ 36.7355509, -1.2764114 ], [ 36.7356287, -1.2765186 ], [ 36.735795, -1.2765884 ], [ 36.7358245, -1.2766473 ], [ 36.7358808, -1.2766929 ], [ 36.7359586, -1.2767063 ], [ 36.7359318, -1.2767787 ], [ 36.736031, -1.2767841 ], [ 36.7361222, -1.2767921 ], [ 36.736377, -1.2769101 ], [ 36.7364387, -1.2769075 ], [ 36.7364897, -1.2769825 ], [ 36.7364307, -1.2770898 ], [ 36.7364575, -1.277181 ], [ 36.7365996, -1.277248 ], [ 36.7367364, -1.277181 ], [ 36.7368625, -1.2771702 ], [ 36.7369966, -1.2772909 ], [ 36.737002, -1.2773392 ], [ 36.7369751, -1.277484 ], [ 36.7369751, -1.2775859 ], [ 36.737002, -1.2776663 ], [ 36.7370799, -1.2777092 ], [ 36.737143, -1.2779434 ], [ 36.737155, -1.2779881 ], [ 36.7372157, -1.2780933 ], [ 36.7373426, -1.2781662 ], [ 36.7373696, -1.2781919 ], [ 36.7376485, -1.2781705 ], [ 36.7379382, -1.2783314 ], [ 36.7380562, -1.2785781 ], [ 36.7382869, -1.2786183 ], [ 36.7384874, -1.2786053 ], [ 36.7387428, -1.2785888 ], [ 36.7390286, -1.2786228 ], [ 36.7392051, -1.2786846 ], [ 36.7392897, -1.2787494 ] ] } },
{ "type": "Feature", "properties": { "fid": 316, "osm_id": "705609589", "code": 8102, "fclass": "stream", "width": 0, "name": null }, "geometry": { "type": "LineString", "coordinates": [ [ 36.693998, -1.2692174 ], [ 36.6940983, -1.2692711 ] ] } },
{ "type": "Feature", "properties": { "fid": 317, "osm_id": "705609590", "code": 8102, "fclass": "stream", "width": 0, "name": "Rungiri River" }, "geometry": { "type": "LineString", "coordinates": [ [ 36.690324992670256, -1.266566346527672 ], [ 36.6903723, -1.2665811 ], [ 36.6904578, -1.2666318 ], [ 36.6905694, -1.2666724 ], [ 36.69061, -1.2666753 ], [ 36.6906607, -1.2666956 ], [ 36.6907028, -1.2667202 ], [ 36.6908376, -1.266755 ], [ 36.6908767, -1.2667695 ], [ 36.6911811, -1.2668695 ], [ 36.6914522, -1.2669463 ], [ 36.6916247, -1.2670231 ], [ 36.6917074, -1.2670695 ], [ 36.6917364, -1.2671086 ], [ 36.6917972, -1.2671825 ], [ 36.6918277, -1.2672419 ], [ 36.69189, -1.2672941 ], [ 36.6919393, -1.2673738 ], [ 36.6919524, -1.2673941 ], [ 36.6920031, -1.2674028 ], [ 36.6920219, -1.267426 ], [ 36.692106, -1.2674724 ], [ 36.69218, -1.2675217 ], [ 36.6922162, -1.2675492 ], [ 36.6922615, -1.2675767 ], [ 36.6922949, -1.2676253 ], [ 36.692321, -1.2676854 ], [ 36.6923601, -1.2677246 ], [ 36.6924399, -1.2679151 ], [ 36.6924522, -1.2679434 ], [ 36.6924464, -1.2679637 ], [ 36.6924239, -1.2679811 ], [ 36.6924239, -1.2679956 ], [ 36.6924471, -1.268018 ], [ 36.6925131, -1.2680521 ], [ 36.6925399, -1.2680789 ], [ 36.6925768, -1.2681253 ], [ 36.6926261, -1.2681912 ], [ 36.6926609, -1.2682441 ], [ 36.692758, -1.2683412 ], [ 36.6928247, -1.2683891 ], [ 36.6928624, -1.2684267 ], [ 36.6928943, -1.2684608 ], [ 36.6929255, -1.2684746 ], [ 36.6929581, -1.2684963 ], [ 36.6929885, -1.268526 ], [ 36.6930059, -1.2685695 ], [ 36.6930799, -1.2686057 ], [ 36.6931726, -1.2686333 ], [ 36.6932132, -1.2686514 ], [ 36.6932393, -1.2686673 ], [ 36.6932777, -1.268718 ], [ 36.6932944, -1.2687347 ], [ 36.6933546, -1.2687492 ], [ 36.6934604, -1.2687811 ], [ 36.6935198, -1.268797 ], [ 36.6935669, -1.2688224 ], [ 36.6936271, -1.2688535 ], [ 36.6936655, -1.2688941 ], [ 36.6937163, -1.2689383 ], [ 36.6937409, -1.2689724 ], [ 36.6937489, -1.268992 ], [ 36.6937655, -1.2690043 ], [ 36.6938148, -1.2690362 ], [ 36.6938188, -1.2690422 ], [ 36.6938337, -1.2690644 ], [ 36.6938614, -1.2691109 ], [ 36.6938917, -1.2691328 ], [ 36.6939324, -1.2691847 ], [ 36.6939486, -1.2691928 ] ] } },
{ "type": "Feature", "properties": { "fid": 318, "osm_id": "713601998", "code": 8102, "fclass": "stream", "width": 0, "name": "Kirichwa Kubwa" }, "geometry": { "type": "LineString", "coordinates": [ [ 36.7743412, -1.2958301 ], [ 36.7746214, -1.2957595 ], [ 36.7749489, -1.2957297 ], [ 36.7750283, -1.2956384 ], [ 36.7750759, -1.2954122 ], [ 36.7753439, -1.2951979 ], [ 36.7755623, -1.2951363 ], [ 36.7755563, -1.294666 ], [ 36.7756814, -1.2941877 ], [ 36.7759394, -1.2936003 ], [ 36.7760387, -1.2934534 ], [ 36.7764099, -1.2929255 ], [ 36.7765231, -1.292866 ], [ 36.7765151, -1.2926636 ] ] } },
{ "type": "Feature", "properties": { "fid": 319, "osm_id": "725984519", "code": 8104, "fclass": "drain", "width": 0, "name": null }, "geometry": { "type": "LineString", "coordinates": [ [ 36.944219241363569, -1.340205262938369 ], [ 36.9492853, -1.3365748 ], [ 36.9481266, -1.3341937 ], [ 36.9479607, -1.3337139 ], [ 36.9475258, -1.3324561 ], [ 36.9464774, -1.3303416 ] ] } },
{ "type": "Feature", "properties": { "fid": 320, "osm_id": "745711038", "code": 8101, "fclass": "river", "width": 0, "name": "Nairobi River" }, "geometry": { "type": "LineString", "coordinates": [ [ 36.8741903, -1.2715788 ], [ 36.8743943, -1.2714898 ], [ 36.8744973, -1.2713525 ], [ 36.8747119, -1.2711294 ], [ 36.8748578, -1.270932 ], [ 36.8749265, -1.2706918 ], [ 36.8748578, -1.2704687 ], [ 36.8748578, -1.2702455 ], [ 36.8748578, -1.2700053 ], [ 36.874772, -1.2698422 ], [ 36.8748406, -1.2696792 ], [ 36.8750466, -1.2695505 ], [ 36.8750981, -1.269336 ], [ 36.8749951, -1.2691472 ], [ 36.8749951, -1.2689069 ], [ 36.8749436, -1.2687181 ], [ 36.8748578, -1.2685723 ], [ 36.8748578, -1.2683921 ], [ 36.8750123, -1.2682977 ], [ 36.875081, -1.2680831 ], [ 36.8751926, -1.2679544 ], [ 36.8753642, -1.2679029 ], [ 36.8755702, -1.2680145 ], [ 36.8758363, -1.2680917 ], [ 36.8760423, -1.2682204 ], [ 36.876274, -1.2682376 ], [ 36.8766002, -1.2682977 ], [ 36.8769435, -1.2682977 ], [ 36.8770207, -1.268169 ], [ 36.8770894, -1.2679201 ], [ 36.8773898, -1.2678343 ], [ 36.8776387, -1.26786 ], [ 36.8778962, -1.26786 ], [ 36.8779649, -1.2676627 ], [ 36.8779992, -1.2674396 ], [ 36.878085, -1.2671564 ], [ 36.878188, -1.2668646 ], [ 36.8781194, -1.2666759 ], [ 36.8780507, -1.2665042 ], [ 36.8780593, -1.2663155 ], [ 36.8782481, -1.266264 ], [ 36.8785314, -1.2661782 ], [ 36.8787545, -1.2661009 ], [ 36.8788919, -1.2659036 ], [ 36.8789777, -1.2656719 ], [ 36.8790206, -1.2654574 ], [ 36.879115, -1.2652343 ], [ 36.879321, -1.2648739 ], [ 36.8794326, -1.2645735 ], [ 36.8794326, -1.2644362 ], [ 36.8796558, -1.2642131 ], [ 36.8798188, -1.26393 ], [ 36.879939, -1.263724 ], [ 36.8800125, -1.263463 ] ] } },
{ "type": "Feature", "properties": { "fid": 321, "osm_id": "750152507", "code": 8102, "fclass": "stream", "width": 0, "name": null }, "geometry": { "type": "LineString", "coordinates": [ [ 36.8819205, -1.3724142 ], [ 36.8819722, -1.3725693 ], [ 36.8819261, -1.3728536 ], [ 36.8819102, -1.3731182 ], [ 36.8818819, -1.3733234 ], [ 36.8817828, -1.3737551 ], [ 36.881705, -1.3743141 ], [ 36.8816767, -1.3746325 ], [ 36.8815705, -1.375043 ], [ 36.8815705, -1.3753685 ], [ 36.8815492, -1.3758709 ], [ 36.8816837, -1.3762672 ], [ 36.8818182, -1.3765998 ], [ 36.8819881, -1.3768474 ], [ 36.8822642, -1.3772579 ], [ 36.8823562, -1.3773852 ], [ 36.8823349, -1.3775551 ], [ 36.8823916, -1.3777249 ], [ 36.8825402, -1.3778806 ], [ 36.8827809, -1.3780716 ], [ 36.8830003, -1.3782202 ], [ 36.8832127, -1.3785528 ], [ 36.8832835, -1.3788005 ], [ 36.883333, -1.3791614 ], [ 36.883241, -1.3794657 ], [ 36.8830994, -1.3799115 ], [ 36.8830003, -1.3801096 ], [ 36.882788, -1.3803361 ], [ 36.8825615, -1.3804281 ], [ 36.8823491, -1.3805484 ], [ 36.8822005, -1.3806899 ], [ 36.8821651, -1.3808385 ], [ 36.8821651, -1.3810083 ], [ 36.8822642, -1.3812135 ], [ 36.8822925, -1.3814895 ], [ 36.8822712, -1.3817018 ], [ 36.8822571, -1.3819353 ], [ 36.8823349, -1.3821193 ], [ 36.8826322, -1.3824165 ], [ 36.8828021, -1.3825651 ], [ 36.8830145, -1.3826854 ], [ 36.883241, -1.3826005 ], [ 36.883517, -1.3825227 ], [ 36.8838426, -1.3825439 ], [ 36.8840196, -1.3826642 ], [ 36.8843169, -1.3828977 ], [ 36.8844655, -1.3831878 ], [ 36.8844585, -1.3834284 ], [ 36.8845292, -1.383853 ], [ 36.8845859, -1.3842422 ], [ 36.8847345, -1.3844333 ], [ 36.8848619, -1.3846243 ], [ 36.884961, -1.3848932 ], [ 36.8850318, -1.3851834 ], [ 36.8851805, -1.3855301 ], [ 36.8853008, -1.385799 ], [ 36.8858529, -1.3861528 ], [ 36.8862281, -1.3864429 ], [ 36.8862918, -1.3867897 ], [ 36.8861785, -1.3870515 ], [ 36.8859449, -1.3873841 ], [ 36.8855769, -1.3877167 ], [ 36.885499, -1.3878936 ], [ 36.8855344, -1.3883182 ], [ 36.8856406, -1.3885588 ], [ 36.8857887, -1.3889044 ], [ 36.8858317, -1.3890046 ], [ 36.8859945, -1.389323 ], [ 36.8862564, -1.3895636 ], [ 36.8865678, -1.3897759 ], [ 36.8867306, -1.3899386 ], [ 36.8867943, -1.390066 ], [ 36.8868226, -1.3902571 ], [ 36.8868085, -1.390434 ], [ 36.8868085, -1.3905755 ], [ 36.8868014, -1.3908303 ], [ 36.8868014, -1.391085 ], [ 36.8867943, -1.3913822 ], [ 36.8867943, -1.3919695 ], [ 36.8868086, -1.3922433 ], [ 36.8868247, -1.392439 ], [ 36.8867013, -1.3926321 ], [ 36.8864733, -1.3927688 ], [ 36.8862238, -1.3928654 ], [ 36.8859945, -1.3928965 ], [ 36.8858883, -1.3929885 ], [ 36.8858537, -1.3931094 ], [ 36.8858939, -1.3931737 ], [ 36.8859932, -1.3933507 ], [ 36.8860361, -1.3935572 ], [ 36.8860012, -1.3938468 ], [ 36.8859127, -1.3940881 ], [ 36.8857652, -1.3943294 ], [ 36.8856284, -1.39456 ], [ 36.8855426, -1.3948603 ], [ 36.885387, -1.395284 ], [ 36.8854031, -1.395646 ], [ 36.885379, -1.3960401 ], [ 36.8853602, -1.3964155 ], [ 36.885379, -1.3967427 ], [ 36.8854807, -1.3969749 ], [ 36.885735, -1.3973277 ], [ 36.8859374, -1.3973796 ], [ 36.8860931, -1.39739 ], [ 36.8861554, -1.3974989 ], [ 36.8861502, -1.3975975 ], [ 36.8860827, -1.3976442 ], [ 36.8860983, -1.3977117 ], [ 36.8861657, -1.3977999 ], [ 36.8862118, -1.3979408 ], [ 36.886176, -1.3981016 ], [ 36.8861081, -1.3982338 ], [ 36.8859294, -1.3983875 ], [ 36.88584, -1.398484 ], [ 36.8858436, -1.3985983 ], [ 36.8859758, -1.3986126 ], [ 36.8859937, -1.3986591 ], [ 36.885958, -1.3987949 ], [ 36.8859186, -1.3989486 ], [ 36.8859437, -1.3991415 ], [ 36.88589, -1.3993059 ], [ 36.8858364, -1.3994346 ], [ 36.8857613, -1.3994632 ], [ 36.8857399, -1.3996133 ], [ 36.8856898, -1.3998992 ], [ 36.8856291, -1.40006 ], [ 36.8855576, -1.4001529 ], [ 36.8854682, -1.4002458 ], [ 36.8854217, -1.4003995 ], [ 36.8854217, -1.4005281 ], [ 36.8854825, -1.4005246 ], [ 36.8855397, -1.4004817 ], [ 36.8856541, -1.4005424 ], [ 36.8858078, -1.400621 ], [ 36.8859115, -1.4006711 ], [ 36.8859937, -1.4006925 ], [ 36.8860187, -1.4007962 ], [ 36.8859937, -1.400839 ], [ 36.8858793, -1.4008176 ], [ 36.8858579, -1.4009284 ], [ 36.8858221, -1.4009713 ], [ 36.8857327, -1.4009427 ], [ 36.8856469, -1.4009427 ], [ 36.8856005, -1.4009105 ], [ 36.8854682, -1.4009641 ], [ 36.8853824, -1.401032 ], [ 36.8853681, -1.4012214 ], [ 36.8853717, -1.4013322 ], [ 36.8852787, -1.4014359 ], [ 36.8852359, -1.4015645 ], [ 36.8852637, -1.4017066 ], [ 36.8851503, -1.4018401 ], [ 36.8850613, -1.4019494 ], [ 36.8848953, -1.4020546 ], [ 36.8847294, -1.402087 ], [ 36.8846363, -1.4020789 ], [ 36.8844501, -1.4022569 ], [ 36.8843327, -1.4024026 ], [ 36.8842598, -1.4025483 ], [ 36.8841384, -1.4028073 ], [ 36.8841262, -1.4029651 ], [ 36.8839921, -1.4031028 ], [ 36.8840134, -1.4032953 ], [ 36.8840541, -1.4035319 ], [ 36.8841648, -1.403707 ], [ 36.8842695, -1.4038728 ], [ 36.8843944, -1.4040005 ], [ 36.8845582, -1.4043874 ], [ 36.8848371, -1.4046448 ], [ 36.884848296803305, -1.404692485209381 ] ] } },
{ "type": "Feature", "properties": { "fid": 322, "osm_id": "750152508", "code": 8102, "fclass": "stream", "width": 0, "name": null }, "geometry": { "type": "LineString", "coordinates": [ [ 36.8818787, -1.3723333 ], [ 36.8819205, -1.3724142 ] ] } },
{ "type": "Feature", "properties": { "fid": 323, "osm_id": "765315496", "code": 8102, "fclass": "stream", "width": 0, "name": null }, "geometry": { "type": "LineString", "coordinates": [ [ 36.9728501, -1.2609759 ], [ 36.9729255, -1.2609196 ] ] } },
{ "type": "Feature", "properties": { "fid": 324, "osm_id": "765315497", "code": 8102, "fclass": "stream", "width": 0, "name": null }, "geometry": { "type": "LineString", "coordinates": [ [ 36.9729255, -1.2609196 ], [ 36.9731118, -1.2607806 ] ] } },
{ "type": "Feature", "properties": { "fid": 325, "osm_id": "765315498", "code": 8102, "fclass": "stream", "width": 0, "name": null }, "geometry": { "type": "LineString", "coordinates": [ [ 36.9731118, -1.2607806 ], [ 36.9732673, -1.2605872 ] ] } },
{ "type": "Feature", "properties": { "fid": 326, "osm_id": "765315499", "code": 8102, "fclass": "stream", "width": 0, "name": null }, "geometry": { "type": "LineString", "coordinates": [ [ 36.9732673, -1.2605872 ], [ 36.9734646, -1.2604089 ], [ 36.9737149, -1.2601643 ], [ 36.9738344, -1.260024 ] ] } },
{ "type": "Feature", "properties": { "fid": 327, "osm_id": "768263725", "code": 8104, "fclass": "drain", "width": 0, "name": null }, "geometry": { "type": "LineString", "coordinates": [ [ 36.9246363, -1.3233018 ], [ 36.9282246, -1.320652 ] ] } },
{ "type": "Feature", "properties": { "fid": 328, "osm_id": "768263726", "code": 8104, "fclass": "drain", "width": 0, "name": null }, "geometry": { "type": "LineString", "coordinates": [ [ 36.9244884, -1.3234111 ], [ 36.9246363, -1.3233018 ] ] } },
{ "type": "Feature", "properties": { "fid": 329, "osm_id": "768263750", "code": 8104, "fclass": "drain", "width": 0, "name": null }, "geometry": { "type": "LineString", "coordinates": [ [ 36.9294046, -1.3313502 ], [ 36.9295194, -1.3314662 ], [ 36.9300523, -1.3322017 ], [ 36.9301718, -1.3323593 ], [ 36.9312743, -1.3338679 ], [ 36.9319645, -1.3342427 ] ] } },
{ "type": "Feature", "properties": { "fid": 330, "osm_id": "768263751", "code": 8104, "fclass": "drain", "width": 0, "name": null }, "geometry": { "type": "LineString", "coordinates": [ [ 36.9293483, -1.3312933 ], [ 36.9294046, -1.3313502 ] ] } },
{ "type": "Feature", "properties": { "fid": 331, "osm_id": "768263754", "code": 8103, "fclass": "canal", "width": 0, "name": null }, "geometry": { "type": "LineString", "coordinates": [ [ 36.9193324, -1.33398 ], [ 36.920029, -1.3343903 ] ] } },
{ "type": "Feature", "properties": { "fid": 332, "osm_id": "768263755", "code": 8103, "fclass": "canal", "width": 0, "name": null }, "geometry": { "type": "LineString", "coordinates": [ [ 36.920029, -1.3343903 ], [ 36.9203823, -1.3343737 ], [ 36.9204972, -1.3344056 ], [ 36.9219983, -1.336476 ], [ 36.9220593, -1.3365065 ], [ 36.9221078, -1.3364954 ], [ 36.9232888, -1.3357163 ] ] } },
{ "type": "Feature", "properties": { "fid": 333, "osm_id": "770209758", "code": 8102, "fclass": "stream", "width": 0, "name": "Moloyeti" }, "geometry": { "type": "LineString", "coordinates": [ [ 36.8539476, -1.3596784 ], [ 36.8541306, -1.3599238 ], [ 36.8543746, -1.3605196 ], [ 36.8551909, -1.361315 ], [ 36.856309, -1.3622819 ], [ 36.8569812, -1.3627345 ] ] } },
{ "type": "Feature", "properties": { "fid": 334, "osm_id": "770209759", "code": 8102, "fclass": "stream", "width": 0, "name": "Moloyeti" }, "geometry": { "type": "LineString", "coordinates": [ [ 36.8539155, -1.3596125 ], [ 36.8539476, -1.3596784 ] ] } },
{ "type": "Feature", "properties": { "fid": 335, "osm_id": "772140031", "code": 8104, "fclass": "drain", "width": 0, "name": "drainage system" }, "geometry": { "type": "LineString", "coordinates": [ [ 36.7821857, -1.3156281 ], [ 36.7822276, -1.3155401 ], [ 36.7822678, -1.3155752 ], [ 36.7826907, -1.3159036 ], [ 36.7827842, -1.316103 ], [ 36.7829817, -1.3163375 ], [ 36.7831215, -1.3164691 ], [ 36.7834766, -1.3167768 ] ] } },
{ "type": "Feature", "properties": { "fid": 336, "osm_id": "773903304", "code": 8101, "fclass": "river", "width": 0, "name": "Nairobi river" }, "geometry": { "type": "LineString", "coordinates": [ [ 37.0384415, -1.2127728 ], [ 37.0387127, -1.2126422 ], [ 37.038876, -1.212569 ], [ 37.0396119, -1.2126628 ], [ 37.0396753, -1.2126709 ], [ 37.0406409, -1.212317 ], [ 37.0414563, -1.2118664 ], [ 37.0421215, -1.2114964 ], [ 37.0431944, -1.2107241 ], [ 37.0440473, -1.2103218 ], [ 37.0443531, -1.2104935 ], [ 37.0447289, -1.2108617 ], [ 37.0449914, -1.2108903 ], [ 37.0455255, -1.2105808 ], [ 37.0459463, -1.2102146 ], [ 37.0462154, -1.21027 ], [ 37.0467039, -1.2105525 ], [ 37.047164, -1.2106651 ], [ 37.0484032, -1.2104988 ], [ 37.048788, -1.2096564 ], [ 37.0490835, -1.2089941 ], [ 37.0494922, -1.2086431 ], [ 37.0504959, -1.2089077 ], [ 37.0506133, -1.2089381 ], [ 37.0513107, -1.208729 ], [ 37.0514117, -1.2086531 ], [ 37.0520671, -1.2081605 ], [ 37.0534887, -1.207651 ], [ 37.0544077, -1.2072078 ], [ 37.0551114, -1.207147 ], [ 37.0552203, -1.2072213 ], [ 37.0556115, -1.207488 ], [ 37.0557435, -1.2078008 ], [ 37.0564606, -1.2083696 ], [ 37.0573135, -1.2090293 ], [ 37.0577963, -1.2093136 ], [ 37.0582845, -1.2093404 ], [ 37.0593144, -1.2087129 ], [ 37.0598884, -1.2083053 ], [ 37.0602103, -1.207785 ], [ 37.0607575, -1.207651 ], [ 37.0617338, -1.2070825 ], [ 37.0624741, -1.2062082 ], [ 37.0632895, -1.2057416 ], [ 37.0640566, -1.2051892 ], [ 37.064085706783978, -1.205169432697142 ] ] } },
{ "type": "Feature", "properties": { "fid": 337, "osm_id": "773904522", "code": 8101, "fclass": "river", "width": 0, "name": "Nairobi River" }, "geometry": { "type": "LineString", "coordinates": [ [ 36.9541231, -1.2444678 ], [ 36.954137, -1.2445931 ], [ 36.9542979, -1.2447865 ], [ 36.9545768, -1.2448666 ], [ 36.954674, -1.2448775 ], [ 36.9547756, -1.244862 ], [ 36.9552779, -1.2445492 ], [ 36.9556342, -1.2445649 ], [ 36.9559172, -1.2447283 ], [ 36.9562557, -1.244999 ], [ 36.95681, -1.2452055 ], [ 36.9572287, -1.245452 ], [ 36.9575599, -1.2454706 ], [ 36.9578569, -1.2453306 ], [ 36.9580545, -1.2451396 ], [ 36.9582856, -1.2448959 ], [ 36.9584613, -1.2448581 ], [ 36.9584929, -1.2448888 ], [ 36.9587021, -1.2450918 ], [ 36.9589143, -1.2453183 ], [ 36.9592815, -1.2454018 ], [ 36.9595677, -1.2454232 ], [ 36.9602949, -1.2454948 ], [ 36.9605858, -1.2456808 ], [ 36.9608243, -1.2457285 ], [ 36.9608792, -1.2457216 ] ] } },
{ "type": "Feature", "properties": { "fid": 338, "osm_id": "780107696", "code": 8103, "fclass": "canal", "width": 0, "name": null }, "geometry": { "type": "LineString", "coordinates": [ [ 36.9150065, -1.3360071 ], [ 36.9151235, -1.3361414 ] ] } },
{ "type": "Feature", "properties": { "fid": 339, "osm_id": "780107697", "code": 8103, "fclass": "canal", "width": 0, "name": null }, "geometry": { "type": "LineString", "coordinates": [ [ 36.9143952, -1.3352814 ], [ 36.9150065, -1.3360071 ] ] } },
{ "type": "Feature", "properties": { "fid": 340, "osm_id": "780107699", "code": 8103, "fclass": "canal", "width": 0, "name": null }, "geometry": { "type": "LineString", "coordinates": [ [ 36.9125817, -1.3377249 ], [ 36.911908, -1.3367766 ] ] } },
{ "type": "Feature", "properties": { "fid": 341, "osm_id": "780107700", "code": 8103, "fclass": "canal", "width": 0, "name": null }, "geometry": { "type": "LineString", "coordinates": [ [ 36.9157818, -1.3357746 ], [ 36.9163577, -1.3353354 ] ] } },
{ "type": "Feature", "properties": { "fid": 342, "osm_id": "780107701", "code": 8103, "fclass": "canal", "width": 0, "name": null }, "geometry": { "type": "LineString", "coordinates": [ [ 36.9156638, -1.3358551 ], [ 36.9157818, -1.3357746 ] ] } },
{ "type": "Feature", "properties": { "fid": 343, "osm_id": "792670225", "code": 8102, "fclass": "stream", "width": 0, "name": null }, "geometry": { "type": "LineString", "coordinates": [ [ 36.6874319, -1.3408625 ], [ 36.68743, -1.3410692 ], [ 36.6875654, -1.3412133 ], [ 36.6876928, -1.3414787 ], [ 36.687776, -1.3415955 ], [ 36.6878627, -1.341737 ], [ 36.6879317, -1.3418768 ], [ 36.688006, -1.3420802 ], [ 36.6881476, -1.3422394 ], [ 36.6882237, -1.3424588 ] ] } },
{ "type": "Feature", "properties": { "fid": 344, "osm_id": "792670228", "code": 8102, "fclass": "stream", "width": 0, "name": null }, "geometry": { "type": "LineString", "coordinates": [ [ 36.6883429, -1.3425733 ], [ 36.6884622, -1.3426967 ], [ 36.6885199, -1.3427463 ], [ 36.6884703, -1.3428026 ], [ 36.6884743, -1.3428776 ], [ 36.6884421, -1.3430117 ], [ 36.6885051, -1.3431056 ], [ 36.6886768, -1.3432182 ], [ 36.6887787, -1.3433415 ], [ 36.6887492, -1.34343 ], [ 36.6887157, -1.3435011 ], [ 36.6888833, -1.3435762 ], [ 36.6889598, -1.3436848 ], [ 36.6890711, -1.3438175 ], [ 36.6891167, -1.3438805 ], [ 36.689224, -1.3439087 ], [ 36.6893433, -1.3440655 ], [ 36.6894761, -1.3441272 ], [ 36.6896344, -1.3441996 ], [ 36.6898543, -1.3443551 ] ] } },
{ "type": "Feature", "properties": { "fid": 345, "osm_id": "792670229", "code": 8102, "fclass": "stream", "width": 0, "name": null }, "geometry": { "type": "LineString", "coordinates": [ [ 36.687425, -1.340227 ], [ 36.6874857, -1.3403262 ], [ 36.6875254, -1.3404698 ], [ 36.6875803, -1.3406297 ], [ 36.6875476, -1.3407184 ], [ 36.687495, -1.3407499 ] ] } },
{ "type": "Feature", "properties": { "fid": 346, "osm_id": "793284224", "code": 8102, "fclass": "stream", "width": 0, "name": null }, "geometry": { "type": "LineString", "coordinates": [ [ 36.90398, -1.1946155 ], [ 36.9041137, -1.1946708 ], [ 36.9041321, -1.1947076 ], [ 36.904169, -1.1947307 ], [ 36.9042197, -1.1947906 ], [ 36.9043211, -1.1948182 ], [ 36.9044179, -1.1948735 ], [ 36.9044594, -1.1949058 ], [ 36.9045147, -1.194938 ], [ 36.9045792, -1.1949657 ], [ 36.9046345, -1.1950256 ], [ 36.9046898, -1.195021 ], [ 36.9047774, -1.1949979 ], [ 36.9048419, -1.1949979 ], [ 36.9049156, -1.1950118 ], [ 36.9050124, -1.1950763 ], [ 36.9050862, -1.1951039 ], [ 36.905183, -1.1951131 ], [ 36.9052613, -1.1951131 ], [ 36.9053397, -1.195173 ], [ 36.9054134, -1.1952698 ] ] } },
{ "type": "Feature", "properties": { "fid": 347, "osm_id": "793284225", "code": 8101, "fclass": "river", "width": 0, "name": null }, "geometry": { "type": "LineString", "coordinates": [ [ 36.9054134, -1.1952698 ], [ 36.9054721, -1.1952624 ], [ 36.9055043, -1.1952376 ], [ 36.905534, -1.1952203 ], [ 36.9055539, -1.1952079 ], [ 36.9055885, -1.1951906 ] ] } },
{ "type": "Feature", "properties": { "fid": 348, "osm_id": "793284226", "code": 8102, "fclass": "stream", "width": 0, "name": null }, "geometry": { "type": "LineString", "coordinates": [ [ 36.9055885, -1.1951906 ], [ 36.9056504, -1.1951832 ], [ 36.9056777, -1.1951906 ], [ 36.9057445, -1.195198 ], [ 36.9057866, -1.1952178 ], [ 36.9058609, -1.1952327 ], [ 36.9059476, -1.1952649 ], [ 36.9060367, -1.195297 ], [ 36.9060912, -1.1953441 ], [ 36.906111, -1.1953713 ], [ 36.9061432, -1.1953713 ], [ 36.9061927, -1.1953812 ], [ 36.9062249, -1.1953911 ] ] } },
{ "type": "Feature", "properties": { "fid": 349, "osm_id": "793284227", "code": 8102, "fclass": "stream", "width": 0, "name": null }, "geometry": { "type": "LineString", "coordinates": [ [ 36.9062249, -1.1953911 ], [ 36.906319, -1.1954035 ], [ 36.9063586, -1.1954084 ], [ 36.9063883, -1.1954109 ], [ 36.9064353, -1.1954109 ], [ 36.9065146, -1.1954134 ], [ 36.9065542, -1.1954208 ], [ 36.9065839, -1.1954381 ], [ 36.906626, -1.195453 ], [ 36.906678, -1.1954827 ], [ 36.9067275, -1.1955396 ], [ 36.9068216, -1.195599 ], [ 36.9068612, -1.1956263 ], [ 36.9068909, -1.195651 ], [ 36.9069256, -1.1957154 ], [ 36.9069528, -1.1957476 ], [ 36.90699, -1.1957723 ], [ 36.9070123, -1.1958144 ], [ 36.9070494, -1.1958268 ], [ 36.9070791, -1.1958293 ], [ 36.9071509, -1.1958169 ], [ 36.9071831, -1.1958317 ], [ 36.90725, -1.1958813 ], [ 36.907297, -1.1958887 ], [ 36.9073837, -1.1959456 ], [ 36.9074654, -1.1959877 ], [ 36.9074951, -1.19601 ], [ 36.9075174, -1.1960273 ], [ 36.9075669, -1.1960397 ], [ 36.9075991, -1.1960644 ], [ 36.907661, -1.1961115 ], [ 36.9076783, -1.1961362 ], [ 36.9077402, -1.1961659 ], [ 36.9078071, -1.1961956 ], [ 36.9078615, -1.1962204 ], [ 36.9078987, -1.1962427 ], [ 36.9079556, -1.1962551 ], [ 36.9079928, -1.1963021 ], [ 36.9080522, -1.196359 ], [ 36.9081017, -1.1963863 ], [ 36.9081265, -1.196411 ], [ 36.9081488, -1.1964333 ] ] } },
{ "type": "Feature", "properties": { "fid": 350, "osm_id": "793284228", "code": 8102, "fclass": "stream", "width": 0, "name": null }, "geometry": { "type": "LineString", "coordinates": [ [ 36.9081488, -1.1964333 ], [ 36.9081884, -1.1964655 ], [ 36.9082528, -1.1965298 ], [ 36.9082775, -1.1965645 ], [ 36.9082874, -1.1965967 ], [ 36.9082825, -1.1966388 ], [ 36.9083072, -1.1966784 ], [ 36.9083394, -1.196666 ], [ 36.9083939, -1.1966932 ], [ 36.9084409, -1.1966883 ], [ 36.9084731, -1.1966932 ], [ 36.9085276, -1.196713 ], [ 36.9085499, -1.1967502 ], [ 36.9085672, -1.1967749 ], [ 36.908587, -1.1967799 ], [ 36.9086143, -1.1967774 ], [ 36.9086316, -1.196765 ] ] } },
{ "type": "Feature", "properties": { "fid": 351, "osm_id": "793284229", "code": 8102, "fclass": "stream", "width": 0, "name": null }, "geometry": { "type": "LineString", "coordinates": [ [ 36.9086316, -1.196765 ], [ 36.9086638, -1.1967452 ], [ 36.908691, -1.1967625 ], [ 36.9087108, -1.1967873 ], [ 36.9087504, -1.1967947 ], [ 36.9088148, -1.1967799 ], [ 36.9088941, -1.1967799 ], [ 36.9089634, -1.1967997 ], [ 36.9090055, -1.1968244 ], [ 36.9090624, -1.1968071 ], [ 36.909112, -1.1968294 ], [ 36.9091739, -1.1968517 ], [ 36.9092927, -1.1968937 ], [ 36.9093645, -1.1969234 ], [ 36.9094586, -1.196973 ], [ 36.9095403, -1.19702 ], [ 36.9096072, -1.1970447 ], [ 36.9096542, -1.197072 ], [ 36.9096963, -1.1970943 ], [ 36.9097458, -1.1971215 ], [ 36.9098077, -1.1971512 ], [ 36.9098597, -1.1971685 ], [ 36.9099513, -1.1971883 ], [ 36.909991, -1.1972131 ], [ 36.9101073, -1.1972502 ], [ 36.9101965, -1.1972923 ], [ 36.9102683, -1.1973245 ], [ 36.9103128, -1.1973369 ], [ 36.91035, -1.1973492 ], [ 36.9104465, -1.1973765 ], [ 36.9105159, -1.1974012 ] ] } },
{ "type": "Feature", "properties": { "fid": 352, "osm_id": "793284230", "code": 8102, "fclass": "stream", "width": 0, "name": null }, "geometry": { "type": "LineString", "coordinates": [ [ 36.9105159, -1.1974012 ], [ 36.9107016, -1.1975027 ], [ 36.9107561, -1.1975349 ], [ 36.9108056, -1.1975745 ], [ 36.9109195, -1.1976215 ], [ 36.9109913, -1.1976636 ], [ 36.9110606, -1.1977453 ], [ 36.911125, -1.1977973 ], [ 36.9113107, -1.1979038 ], [ 36.9114097, -1.1979384 ], [ 36.9115038, -1.1979632 ], [ 36.9115509, -1.1980226 ], [ 36.9115954, -1.1980869 ], [ 36.9116474, -1.1981166 ], [ 36.9117539, -1.1981909 ] ] } },
{ "type": "Feature", "properties": { "fid": 353, "osm_id": "793284231", "code": 8101, "fclass": "river", "width": 0, "name": null }, "geometry": { "type": "LineString", "coordinates": [ [ 36.9030757, -1.1944348 ], [ 36.9033001, -1.1945025 ], [ 36.9033363, -1.1945176 ], [ 36.9033772, -1.1945412 ], [ 36.9035247, -1.1945597 ], [ 36.9036169, -1.1945735 ], [ 36.903709, -1.1945919 ], [ 36.90398, -1.1946155 ] ] } },
{ "type": "Feature", "properties": { "fid": 354, "osm_id": "793284232", "code": 8102, "fclass": "stream", "width": 0, "name": null }, "geometry": { "type": "LineString", "coordinates": [ [ 36.9083602, -1.1901958 ], [ 36.9085235, -1.1901941 ], [ 36.9086279, -1.1902307 ], [ 36.9087271, -1.1902985 ], [ 36.9089724, -1.1904707 ], [ 36.909108, -1.1904707 ], [ 36.909249, -1.1905385 ], [ 36.909416, -1.1906429 ], [ 36.9095673, -1.1907472 ], [ 36.909703, -1.1908098 ], [ 36.9098804, -1.1909037 ], [ 36.9099848, -1.1910029 ], [ 36.9099639, -1.1911072 ], [ 36.90999, -1.1911751 ], [ 36.9100474, -1.1912377 ], [ 36.9100735, -1.1912951 ], [ 36.9100944, -1.1913577 ], [ 36.9101361, -1.1914307 ], [ 36.9101831, -1.1915246 ], [ 36.910251, -1.1916342 ], [ 36.9102979, -1.191749 ], [ 36.9103866, -1.1918768 ], [ 36.9104258, -1.191929 ], [ 36.9104728, -1.1920099 ], [ 36.9104936, -1.1920673 ], [ 36.9105354, -1.1921116 ], [ 36.9105563, -1.192169 ], [ 36.910598, -1.1922316 ], [ 36.9106502, -1.1922838 ], [ 36.9106833, -1.1923087 ], [ 36.9107259, -1.1923203 ], [ 36.9107572, -1.1923908 ], [ 36.9107833, -1.1924143 ], [ 36.9108068, -1.1924377 ], [ 36.910859, -1.192469 ], [ 36.9108642, -1.1924951 ], [ 36.9109633, -1.1926177 ] ] } },
{ "type": "Feature", "properties": { "fid": 355, "osm_id": "793284233", "code": 8102, "fclass": "stream", "width": 0, "name": null }, "geometry": { "type": "LineString", "coordinates": [ [ 36.9109633, -1.1926177 ], [ 36.9110181, -1.1927038 ], [ 36.911086, -1.1927612 ], [ 36.9111877, -1.1928473 ], [ 36.9112321, -1.1928917 ], [ 36.9122913, -1.1940159 ], [ 36.9124285, -1.1941597 ], [ 36.9126091, -1.194347 ], [ 36.912666, -1.1944306 ], [ 36.9127162, -1.1945209 ], [ 36.912753, -1.1946681 ], [ 36.912763, -1.1947451 ], [ 36.9127931, -1.1948722 ], [ 36.91285, -1.195006 ], [ 36.9129069, -1.1950996 ] ] } },
{ "type": "Feature", "properties": { "fid": 356, "osm_id": "793284234", "code": 8102, "fclass": "stream", "width": 0, "name": null }, "geometry": { "type": "LineString", "coordinates": [ [ 36.9129069, -1.1950996 ], [ 36.912947, -1.1952468 ], [ 36.9129972, -1.1953338 ], [ 36.9130809, -1.1954441 ], [ 36.913131, -1.1955612 ], [ 36.9131645, -1.1956515 ], [ 36.9132013, -1.1956983 ], [ 36.9132348, -1.1957619 ], [ 36.9132749, -1.1958355 ], [ 36.9133519, -1.1959492 ], [ 36.9133786, -1.1960563 ], [ 36.9134188, -1.1961298 ], [ 36.9135091, -1.1962001 ], [ 36.9135626, -1.1963071 ], [ 36.913566, -1.1963807 ], [ 36.9136028, -1.1964777 ], [ 36.9136195, -1.1965781 ], [ 36.9136429, -1.196645 ], [ 36.9136563, -1.1967353 ], [ 36.9136864, -1.1968189 ], [ 36.9136998, -1.196849 ], [ 36.91376, -1.1968925 ], [ 36.9138269, -1.1969159 ], [ 36.913847, -1.1969426 ], [ 36.9138805, -1.1970229 ], [ 36.9139306, -1.1970798 ], [ 36.9139708, -1.1971433 ], [ 36.9140009, -1.1971835 ], [ 36.9140444, -1.197247 ], [ 36.9140946, -1.1973474 ], [ 36.9141147, -1.1973942 ], [ 36.9141849, -1.1974343 ], [ 36.9142518, -1.1974377 ], [ 36.9143154, -1.1974745 ], [ 36.9143488, -1.1974979 ], [ 36.9144325, -1.197421 ], [ 36.9143678, -1.1976159 ], [ 36.9143575, -1.1977262 ] ] } },
{ "type": "Feature", "properties": { "fid": 357, "osm_id": "793379298", "code": 8101, "fclass": "river", "width": 0, "name": null }, "geometry": { "type": "LineString", "coordinates": [ [ 36.692482, -1.3258625 ], [ 36.692627, -1.326139 ] ] } },
{ "type": "Feature", "properties": { "fid": 358, "osm_id": "793379299", "code": 8101, "fclass": "river", "width": 0, "name": "Mbagathi River" }, "geometry": { "type": "LineString", "coordinates": [ [ 36.692627, -1.326139 ], [ 36.692683, -1.3261688 ], [ 36.6927346, -1.3262692 ], [ 36.6928008, -1.3264288 ], [ 36.6928381, -1.3265882 ], [ 36.6931828, -1.3274393 ], [ 36.6932302, -1.3274721 ], [ 36.6932758, -1.3274958 ], [ 36.6933141, -1.3275304 ], [ 36.6933833, -1.3275523 ], [ 36.6934234, -1.3276488 ], [ 36.6934708, -1.3277763 ], [ 36.6934562, -1.3278638 ], [ 36.6934981, -1.3279859 ], [ 36.69352, -1.3281371 ], [ 36.6935364, -1.3283083 ], [ 36.6935929, -1.3284796 ], [ 36.6936166, -1.3286199 ], [ 36.6936694, -1.3288294 ], [ 36.6937004, -1.3289678 ], [ 36.6937453, -1.3291685 ], [ 36.6935117, -1.3292344 ], [ 36.6936015, -1.3296028 ], [ 36.6936525, -1.3298753 ], [ 36.6936555, -1.3299771 ], [ 36.6937903, -1.3305761 ], [ 36.6938694, -1.3309067 ], [ 36.6938694, -1.3311486 ], [ 36.6939731, -1.3315671 ], [ 36.6939424, -1.3319089 ], [ 36.6939654, -1.3324388 ], [ 36.6939769, -1.3327729 ], [ 36.694073, -1.3331223 ], [ 36.6941267, -1.333633 ], [ 36.6942535, -1.3340208 ], [ 36.6944302, -1.3344778 ], [ 36.694603, -1.334689 ], [ 36.6947682, -1.3348195 ], [ 36.6949295, -1.3348502 ], [ 36.6951638, -1.3348349 ], [ 36.6955325, -1.3349309 ], [ 36.6958552, -1.3350499 ], [ 36.6960549, -1.3351498 ], [ 36.696512, -1.3352918 ], [ 36.6970266, -1.3354531 ], [ 36.6972456, -1.3355453 ], [ 36.6974338, -1.335768 ], [ 36.6975874, -1.3359638 ], [ 36.6979024, -1.3365168 ], [ 36.6979293, -1.3366243 ], [ 36.6979024, -1.3367932 ], [ 36.697937, -1.3369161 ], [ 36.6980829, -1.3370774 ], [ 36.6982327, -1.3374422 ], [ 36.6982826, -1.3375574 ], [ 36.6985553, -1.3376495 ], [ 36.6986859, -1.3378607 ], [ 36.6987282, -1.3380335 ], [ 36.6988396, -1.3382601 ], [ 36.6989932, -1.3383292 ], [ 36.6991008, -1.3385596 ], [ 36.6992006, -1.3388322 ], [ 36.6992774, -1.3391816 ], [ 36.6994234, -1.339462 ], [ 36.6995886, -1.3397384 ], [ 36.6997883, -1.340084 ], [ 36.6999342, -1.3403029 ], [ 36.7001801, -1.3404987 ], [ 36.7002569, -1.3406216 ], [ 36.7003683, -1.3407176 ], [ 36.7005027, -1.3407944 ], [ 36.7006909, -1.3407867 ], [ 36.7009175, -1.3409326 ], [ 36.701052, -1.3411438 ], [ 36.7011518, -1.341236 ], [ 36.7012747, -1.3414126 ], [ 36.7013208, -1.3415662 ], [ 36.7015743, -1.3418196 ], [ 36.7016742, -1.3420232 ], [ 36.7019489, -1.3421029 ], [ 36.7022817, -1.3425528 ], [ 36.7023414, -1.342734 ], [ 36.7022838, -1.342992 ], [ 36.7022561, -1.3432095 ], [ 36.7020478, -1.343549 ], [ 36.701964, -1.3437212 ], [ 36.7021281, -1.344169 ], [ 36.7020577, -1.3444036 ], [ 36.7018508, -1.3446744 ], [ 36.7015565, -1.344845 ], [ 36.7013133, -1.3452245 ], [ 36.7011065, -1.3455252 ], [ 36.7009934, -1.3457171 ], [ 36.7009593, -1.3459367 ], [ 36.7009017, -1.3461329 ], [ 36.7008868, -1.3462971 ], [ 36.7009252, -1.3466276 ], [ 36.7008441, -1.3468429 ], [ 36.7007524, -1.3470711 ], [ 36.7006394, -1.3473014 ], [ 36.7006692, -1.347585 ], [ 36.7007076, -1.347779 ], [ 36.7007716, -1.3479645 ], [ 36.7008334, -1.3482822 ], [ 36.7009934, -1.3485189 ], [ 36.7011001, -1.3487599 ], [ 36.7011385, -1.3490221 ], [ 36.701485639282183, -1.349484919999895 ] ] } },
{ "type": "Feature", "properties": { "fid": 359, "osm_id": "793449376", "code": 8102, "fclass": "stream", "width": 0, "name": null }, "geometry": { "type": "LineString", "coordinates": [ [ 36.9117539, -1.1981909 ], [ 36.911821, -1.198231 ], [ 36.9119194, -1.1982912 ], [ 36.9119851, -1.1983185 ], [ 36.9120343, -1.1983294 ], [ 36.9121327, -1.1983404 ], [ 36.9122093, -1.1983076 ], [ 36.9122733, -1.1983331 ], [ 36.9122989, -1.1983545 ], [ 36.9124226, -1.198363 ], [ 36.9124653, -1.1983502 ], [ 36.9125335, -1.1983331 ], [ 36.9125847, -1.1983033 ], [ 36.9126487, -1.1982905 ], [ 36.9126786, -1.1982692 ], [ 36.9127212, -1.1982308 ], [ 36.9127681, -1.1982009 ], [ 36.9128236, -1.1981626 ], [ 36.9129046, -1.1981412 ], [ 36.91299, -1.1981455 ], [ 36.9130966, -1.1982265 ], [ 36.9131606, -1.198282 ], [ 36.9132075, -1.1983417 ], [ 36.9133397, -1.1983886 ], [ 36.9134549, -1.1984184 ], [ 36.9135445, -1.1984526 ], [ 36.9136298, -1.1984867 ], [ 36.9136554, -1.1985293 ], [ 36.9136853, -1.1985933 ], [ 36.9137407, -1.1986274 ], [ 36.9138175, -1.1986317 ], [ 36.913873, -1.1986402 ], [ 36.9139156, -1.1986445 ], [ 36.9139711, -1.1986658 ], [ 36.9140436, -1.1987085 ], [ 36.9140905, -1.1988108 ], [ 36.9140862, -1.1988663 ], [ 36.9141161, -1.198926 ], [ 36.9141673, -1.1989899 ], [ 36.914227, -1.1989558 ], [ 36.9142697, -1.1989899 ], [ 36.9143251, -1.1990113 ], [ 36.9143891, -1.1990155 ], [ 36.9144531, -1.1990198 ], [ 36.9145043, -1.1990283 ], [ 36.9145725, -1.1990368 ], [ 36.9146493, -1.199071 ], [ 36.9147133, -1.1990795 ], [ 36.9147816, -1.1990838 ], [ 36.9148285, -1.1990838 ], [ 36.9148925, -1.199088 ], [ 36.9149437, -1.1990667 ], [ 36.9150034, -1.1990624 ], [ 36.9150503, -1.1990966 ], [ 36.9150802, -1.1991435 ], [ 36.9151612, -1.1991563 ], [ 36.9151996, -1.1991776 ], [ 36.9152551, -1.1992074 ], [ 36.9153148, -1.1992458 ], [ 36.9153489, -1.1992885 ], [ 36.9153761, -1.1993406 ], [ 36.9154187, -1.1993492 ], [ 36.9154598, -1.1993183 ], [ 36.9155238, -1.1992885 ], [ 36.9155707, -1.1992842 ], [ 36.9156987, -1.1993055 ], [ 36.9157456, -1.1993013 ], [ 36.915784, -1.1992842 ], [ 36.9158309, -1.1992799 ], [ 36.9159163, -1.1992885 ], [ 36.915993, -1.1993141 ], [ 36.9160656, -1.1993098 ], [ 36.9161381, -1.1992885 ], [ 36.9162191, -1.1992799 ], [ 36.916313, -1.1992842 ], [ 36.9163812, -1.1992799 ], [ 36.9164281, -1.1992629 ], [ 36.9164793, -1.1992416 ], [ 36.9165263, -1.1992714 ], [ 36.9166201, -1.1992671 ], [ 36.9166926, -1.1992842 ], [ 36.9167566, -1.199297 ], [ 36.9168163, -1.1992885 ], [ 36.9168633, -1.1992885 ], [ 36.9169057, -1.1993 ] ] } },
{ "type": "Feature", "properties": { "fid": 360, "osm_id": "793449377", "code": 8102, "fclass": "stream", "width": 0, "name": null }, "geometry": { "type": "LineString", "coordinates": [ [ 36.9143575, -1.1977262 ], [ 36.9144546, -1.1977868 ], [ 36.9145148, -1.1978141 ], [ 36.9145749, -1.1978196 ], [ 36.914657, -1.1978086 ], [ 36.9147062, -1.1977813 ], [ 36.9147773, -1.1976993 ], [ 36.914914, -1.1976938 ], [ 36.9150781, -1.1977212 ], [ 36.9152695, -1.1978743 ], [ 36.9153789, -1.1979453 ], [ 36.9154528, -1.1979782 ], [ 36.9155457, -1.198011 ], [ 36.915584, -1.1980738 ], [ 36.9155868, -1.1981176 ], [ 36.915625, -1.198134 ], [ 36.9156688, -1.198134 ], [ 36.9156907, -1.1981121 ], [ 36.9157372, -1.1980848 ], [ 36.9157809, -1.1981231 ], [ 36.9158083, -1.1981641 ], [ 36.9158657, -1.1982023 ], [ 36.9159094, -1.198175 ], [ 36.9159204, -1.1981422 ], [ 36.9159532, -1.1981094 ], [ 36.915997, -1.1981231 ], [ 36.9161036, -1.1982625 ], [ 36.9161733, -1.19835 ], [ 36.9161925, -1.1983842 ], [ 36.9161979, -1.198406 ], [ 36.9162554, -1.1984306 ], [ 36.9162786, -1.1984511 ], [ 36.916306, -1.198484 ], [ 36.9163347, -1.1985277 ], [ 36.9163921, -1.1985865 ], [ 36.9164851, -1.1987095 ], [ 36.9164919, -1.1987601 ], [ 36.9165097, -1.1987765 ], [ 36.9165343, -1.1988011 ], [ 36.9165507, -1.1988107 ], [ 36.9165972, -1.1988435 ], [ 36.9166136, -1.198864 ], [ 36.9166287, -1.1988818 ], [ 36.9166464, -1.1988954 ], [ 36.9166834, -1.1989132 ], [ 36.9166984, -1.1989282 ], [ 36.9167025, -1.1989706 ], [ 36.9167216, -1.1990034 ], [ 36.9167339, -1.1990267 ], [ 36.9167558, -1.199054 ], [ 36.9167886, -1.199095 ], [ 36.9168228, -1.199147 ], [ 36.9168597, -1.1991866 ], [ 36.9168871, -1.1992372 ], [ 36.9169021, -1.1992604 ], [ 36.9169057, -1.1993 ] ] } },
{ "type": "Feature", "properties": { "fid": 361, "osm_id": "825187294", "code": 8102, "fclass": "stream", "width": 0, "name": null }, "geometry": { "type": "LineString", "coordinates": [ [ 36.7813529, -1.3035972 ], [ 36.7812115, -1.3034089 ], [ 36.781089, -1.3033094 ] ] } },
{ "type": "Feature", "properties": { "fid": 362, "osm_id": "825187295", "code": 8102, "fclass": "stream", "width": 0, "name": null }, "geometry": { "type": "LineString", "coordinates": [ [ 36.7814176, -1.3037498 ], [ 36.7814093, -1.3037303 ] ] } },
{ "type": "Feature", "properties": { "fid": 363, "osm_id": "825187296", "code": 8102, "fclass": "stream", "width": 0, "name": null }, "geometry": { "type": "LineString", "coordinates": [ [ 36.7813651, -1.3036259 ], [ 36.7813529, -1.3035972 ] ] } },
{ "type": "Feature", "properties": { "fid": 364, "osm_id": "825187297", "code": 8102, "fclass": "stream", "width": 0, "name": null }, "geometry": { "type": "LineString", "coordinates": [ [ 36.7814093, -1.3037303 ], [ 36.7814014, -1.3037116 ], [ 36.7813699, -1.3036372 ], [ 36.7813651, -1.3036259 ] ] } },
{ "type": "Feature", "properties": { "fid": 365, "osm_id": "825202326", "code": 8102, "fclass": "stream", "width": 0, "name": "Ngong river" }, "geometry": { "type": "LineString", "coordinates": [ [ 36.7910068, -1.3121299 ], [ 36.7915523, -1.3123885 ] ] } },
{ "type": "Feature", "properties": { "fid": 366, "osm_id": "825202327", "code": 8102, "fclass": "stream", "width": 0, "name": "Ngong river" }, "geometry": { "type": "LineString", "coordinates": [ [ 36.7915523, -1.3123885 ], [ 36.7916575, -1.3125365 ], [ 36.7916938, -1.3126054 ], [ 36.7917166, -1.3126489 ], [ 36.7917244, -1.3127284 ], [ 36.791752, -1.312943 ], [ 36.7918202, -1.3130782 ], [ 36.7921635, -1.3129722 ], [ 36.7921968, -1.3130027 ], [ 36.7921924, -1.3130376 ], [ 36.7921975, -1.3130758 ], [ 36.7922257, -1.3130994 ], [ 36.792405, -1.3131583 ], [ 36.7924812, -1.3132693 ], [ 36.7925159, -1.3132913 ], [ 36.7925821, -1.3133106 ], [ 36.792636, -1.3133179 ], [ 36.7926701, -1.3133677 ], [ 36.7927858, -1.3133846 ], [ 36.7928407, -1.313425 ], [ 36.7931598, -1.3134487 ], [ 36.7932681, -1.3133705 ], [ 36.7934111, -1.3133841 ], [ 36.7935588, -1.3134488 ], [ 36.7937957, -1.3134514 ], [ 36.7939428, -1.3134245 ], [ 36.7943463, -1.3135937 ], [ 36.7947849, -1.3140146 ], [ 36.7948851, -1.3140659 ], [ 36.7952797, -1.314045 ], [ 36.795385, -1.3141813 ], [ 36.7956628, -1.3145407 ], [ 36.7956217, -1.3147539 ], [ 36.7958529, -1.3151218 ], [ 36.7958907, -1.3151409 ], [ 36.795933, -1.3151623 ], [ 36.79614, -1.3152669 ], [ 36.7962495, -1.3154344 ], [ 36.7964295, -1.3155579 ], [ 36.7964579, -1.3155774 ], [ 36.7965644, -1.3156163 ], [ 36.7968069, -1.3157423 ], [ 36.796932, -1.3158455 ], [ 36.7970469, -1.3158986 ], [ 36.7973876, -1.3161228 ], [ 36.797451, -1.3161635 ], [ 36.7977858, -1.3162433 ], [ 36.7984409, -1.3160446 ], [ 36.7990306, -1.3160664 ], [ 36.7993359, -1.316256 ], [ 36.7995369, -1.3163734 ], [ 36.7997361, -1.3164461 ], [ 36.7998905, -1.316523 ], [ 36.8000042, -1.3165764 ], [ 36.800107, -1.3166046 ], [ 36.8002791, -1.316707 ], [ 36.8004035, -1.3168088 ], [ 36.8007334, -1.3169727 ], [ 36.8013032, -1.317123 ], [ 36.8016207, -1.3172209 ], [ 36.8017095, -1.317274 ], [ 36.8017862, -1.3173327 ], [ 36.8019488, -1.3174793 ], [ 36.8020926, -1.3175346 ], [ 36.8023459, -1.3176543 ], [ 36.8024574, -1.3178169 ], [ 36.8025679, -1.318008 ], [ 36.8027488, -1.318168 ] ] } },
{ "type": "Feature", "properties": { "fid": 367, "osm_id": "826105311", "code": 8102, "fclass": "stream", "width": 0, "name": null }, "geometry": { "type": "LineString", "coordinates": [ [ 36.938838296067495, -1.170059167981128 ], [ 36.938945, -1.1704643 ], [ 36.939266, -1.171754 ], [ 36.9394591, -1.1726991 ] ] } },
{ "type": "Feature", "properties": { "fid": 368, "osm_id": "826489068", "code": 8101, "fclass": "river", "width": 0, "name": null }, "geometry": { "type": "LineString", "coordinates": [ [ 36.8435037, -1.2346489 ], [ 36.8436994, -1.2345778 ] ] } },
{ "type": "Feature", "properties": { "fid": 369, "osm_id": "826489069", "code": 8101, "fclass": "river", "width": 0, "name": "Ruiruaka River" }, "geometry": { "type": "LineString", "coordinates": [ [ 36.8409489, -1.236459 ], [ 36.8410575, -1.2364965 ], [ 36.8411876, -1.236597 ], [ 36.8413036, -1.2367188 ], [ 36.8414732, -1.2366789 ], [ 36.8417643, -1.2364972 ], [ 36.8418977, -1.2362931 ], [ 36.8419614, -1.2362626 ], [ 36.8419754, -1.2362133 ], [ 36.8419614, -1.2361465 ], [ 36.8418527, -1.236089 ], [ 36.8417636, -1.2360323 ], [ 36.8417562, -1.2358972 ], [ 36.8418769, -1.2357014 ], [ 36.8423463, -1.2355097 ], [ 36.8426118, -1.235212 ], [ 36.8429552, -1.2351075 ], [ 36.843159, -1.2348822 ], [ 36.8435037, -1.2346489 ] ] } },
{ "type": "Feature", "properties": { "fid": 370, "osm_id": "827021142", "code": 8101, "fclass": "river", "width": 0, "name": null }, "geometry": { "type": "LineString", "coordinates": [ [ 36.782822, -1.253956 ], [ 36.7830969, -1.2539218 ] ] } },
{ "type": "Feature", "properties": { "fid": 371, "osm_id": "827021143", "code": 8101, "fclass": "river", "width": 0, "name": null }, "geometry": { "type": "LineString", "coordinates": [ [ 36.7773802, -1.2530542 ], [ 36.7781164, -1.2532241 ], [ 36.7790498, -1.2535726 ], [ 36.7792914, -1.2536628 ], [ 36.7802824, -1.2539317 ], [ 36.7810751, -1.2540308 ], [ 36.7820944, -1.2541016 ], [ 36.782822, -1.253956 ] ] } },
{ "type": "Feature", "properties": { "fid": 372, "osm_id": "828051716", "code": 8102, "fclass": "stream", "width": 0, "name": "Nairobi River" }, "geometry": { "type": "LineString", "coordinates": [ [ 36.8372382, -1.2860945 ], [ 36.8373861, -1.2862178 ] ] } },
{ "type": "Feature", "properties": { "fid": 373, "osm_id": "828051717", "code": 8102, "fclass": "stream", "width": 0, "name": "Nairobi River" }, "geometry": { "type": "LineString", "coordinates": [ [ 36.8361005, -1.2854177 ], [ 36.8363456, -1.2858543 ], [ 36.8365602, -1.2860173 ], [ 36.8366889, -1.2860602 ], [ 36.8368692, -1.2860602 ], [ 36.837058, -1.2860087 ], [ 36.8372382, -1.2860945 ] ] } },
{ "type": "Feature", "properties": { "fid": 374, "osm_id": "828051718", "code": 8102, "fclass": "stream", "width": 0, "name": "Nairobi River" }, "geometry": { "type": "LineString", "coordinates": [ [ 36.8360028, -1.2851378 ], [ 36.8361005, -1.2854177 ] ] } },
{ "type": "Feature", "properties": { "fid": 375, "osm_id": "828051719", "code": 8102, "fclass": "stream", "width": 0, "name": "Nairobi River" }, "geometry": { "type": "LineString", "coordinates": [ [ 36.8323341, -1.281268 ], [ 36.8326324, -1.2814427 ], [ 36.8328008, -1.2816668 ], [ 36.8329639, -1.2818727 ], [ 36.8330754, -1.2821645 ], [ 36.8331269, -1.2823275 ], [ 36.8331956, -1.2823876 ], [ 36.833599, -1.2826536 ], [ 36.8337106, -1.2827995 ], [ 36.8337707, -1.2829711 ], [ 36.8338565, -1.2830226 ], [ 36.8339767, -1.2831856 ], [ 36.8339852, -1.2833486 ], [ 36.8340367, -1.2834859 ], [ 36.8341741, -1.2835975 ], [ 36.8343629, -1.2836576 ], [ 36.8346204, -1.2837605 ], [ 36.8347266, -1.2838991 ], [ 36.8348382, -1.2840807 ], [ 36.834919, -1.2842426 ], [ 36.8350584, -1.2844456 ], [ 36.8351777, -1.2845901 ], [ 36.8353849, -1.2847431 ], [ 36.8355645, -1.2847902 ], [ 36.8358564, -1.284979 ], [ 36.8360028, -1.2851378 ] ] } },
{ "type": "Feature", "properties": { "fid": 376, "osm_id": "828051720", "code": 8102, "fclass": "stream", "width": 0, "name": "Nairobi River" }, "geometry": { "type": "LineString", "coordinates": [ [ 36.8319339, -1.2811862 ], [ 36.8321087, -1.2812297 ], [ 36.8323341, -1.281268 ] ] } },
{ "type": "Feature", "properties": { "fid": 377, "osm_id": "828051721", "code": 8101, "fclass": "river", "width": 0, "name": "Nairobi River" }, "geometry": { "type": "LineString", "coordinates": [ [ 36.819373, -1.2774089 ], [ 36.8194217, -1.2774987 ], [ 36.819533, -1.2775525 ], [ 36.8196712, -1.2774812 ], [ 36.8197533, -1.2773912 ], [ 36.8199652, -1.2773348 ], [ 36.8202017, -1.2774094 ], [ 36.8204802, -1.277873 ], [ 36.820566, -1.2780017 ], [ 36.8205974, -1.2780874 ], [ 36.8206604, -1.2781268 ], [ 36.8208664, -1.278302 ], [ 36.8209951, -1.2783878 ], [ 36.8211411, -1.2784651 ], [ 36.8212355, -1.2785166 ], [ 36.8213985, -1.2785938 ], [ 36.8215015, -1.2786882 ], [ 36.821593, -1.2787913 ], [ 36.821759, -1.2789027 ], [ 36.8218964, -1.2789284 ], [ 36.8222826, -1.2790314 ], [ 36.8228062, -1.2789456 ], [ 36.8235271, -1.2788083 ], [ 36.8238175, -1.2787302 ], [ 36.8240421, -1.2786968 ], [ 36.8246944, -1.278671 ], [ 36.8255442, -1.2787568 ], [ 36.826248, -1.2788684 ], [ 36.8263998, -1.2789212 ], [ 36.8268402, -1.2790743 ], [ 36.8278616, -1.2795549 ], [ 36.8287113, -1.2799753 ], [ 36.829501, -1.2803958 ], [ 36.8305309, -1.2809621 ], [ 36.8306194, -1.2810098 ], [ 36.8307237, -1.2810661 ], [ 36.8309125, -1.281109 ], [ 36.8310498, -1.2810146 ], [ 36.8312129, -1.2809717 ], [ 36.8314532, -1.2810232 ], [ 36.8319339, -1.2811862 ] ] } },
{ "type": "Feature", "properties": { "fid": 378, "osm_id": "828184356", "code": 8102, "fclass": "stream", "width": 0, "name": "Mathare River" }, "geometry": { "type": "LineString", "coordinates": [ [ 36.880479, -1.249556 ], [ 36.8804942, -1.2495637 ], [ 36.8805809, -1.2496113 ], [ 36.8806753, -1.2496284 ], [ 36.8807954, -1.2496799 ], [ 36.8809328, -1.2496456 ], [ 36.8810615, -1.2495598 ], [ 36.8811474, -1.2493796 ], [ 36.8811793, -1.249333 ], [ 36.8812847, -1.2491736 ], [ 36.8814478, -1.2490363 ], [ 36.8815957, -1.2489401 ], [ 36.8817495, -1.248877 ], [ 36.8819566, -1.2489047 ], [ 36.8821051, -1.248973 ], [ 36.8822667, -1.2490682 ], [ 36.8824377, -1.2491602 ], [ 36.8826615, -1.2493281 ], [ 36.8827781, -1.2494244 ], [ 36.8828661, -1.2494402 ], [ 36.8830906, -1.2495383 ], [ 36.8832917, -1.2495658 ], [ 36.8835769, -1.2495993 ], [ 36.8838596, -1.2496713 ], [ 36.8841343, -1.249637 ], [ 36.8842683, -1.2495115 ], [ 36.8844027, -1.249432 ], [ 36.8845279, -1.2493729 ], [ 36.8846857, -1.2492726 ], [ 36.8848475, -1.2491639 ], [ 36.885042, -1.2490466 ], [ 36.885286, -1.2489712 ], [ 36.8855143, -1.2489642 ], [ 36.8856406, -1.249016 ], [ 36.8857479, -1.2490497 ], [ 36.8858678, -1.2491278 ], [ 36.8859965, -1.2491902 ], [ 36.8861148, -1.2492827 ], [ 36.8862258, -1.2494021 ], [ 36.8863704, -1.2495271 ], [ 36.8864729, -1.2495501 ], [ 36.8865928, -1.2495179 ], [ 36.8868249, -1.24946 ], [ 36.8869916, -1.24943 ], [ 36.8871124, -1.2493941 ], [ 36.8872555, -1.2492559 ], [ 36.8874537, -1.2491716 ], [ 36.8876349, -1.2491003 ], [ 36.8877229, -1.2490273 ], [ 36.8877992, -1.2489752 ], [ 36.8879894, -1.2489288 ], [ 36.8881275, -1.2489045 ], [ 36.8882636, -1.2488517 ], [ 36.8883448, -1.2487796 ], [ 36.8883904, -1.248742 ], [ 36.8884075, -1.2486951 ], [ 36.8884135, -1.2486632 ], [ 36.8884028, -1.2486103 ], [ 36.8884117, -1.2485569 ], [ 36.8884086, -1.2484989 ], [ 36.8884124, -1.2484482 ], [ 36.8884264, -1.2483817 ], [ 36.8884312, -1.2483068 ], [ 36.888413, -1.2482266 ], [ 36.8884046, -1.2480127 ], [ 36.8884338, -1.2478821 ], [ 36.8885036, -1.247781 ], [ 36.8885875, -1.2477044 ], [ 36.8886318, -1.2476618 ], [ 36.888673, -1.2476384 ], [ 36.8887527, -1.2475904 ], [ 36.8888032, -1.247561 ], [ 36.8888201, -1.2475305 ], [ 36.8888865, -1.2473724 ], [ 36.888894, -1.2472427 ], [ 36.8889222, -1.2471115 ], [ 36.8889776, -1.2469734 ], [ 36.8890301, -1.2468402 ], [ 36.8890774, -1.2467593 ], [ 36.8891521, -1.2467154 ], [ 36.8892484, -1.2467137 ], [ 36.8893293, -1.24672 ], [ 36.8894472, -1.246728 ], [ 36.8895759, -1.2467709 ], [ 36.889739, -1.246831 ], [ 36.8898506, -1.2468138 ], [ 36.8899707, -1.246728 ], [ 36.8900405, -1.2465778 ], [ 36.8901186, -1.2464674 ], [ 36.8901573, -1.246351 ], [ 36.8902094, -1.2462888 ], [ 36.8902776, -1.246185 ], [ 36.89035, -1.2460684 ], [ 36.8904343, -1.245978 ], [ 36.8905383, -1.2458337 ], [ 36.8906189, -1.2456903 ], [ 36.8906981, -1.2455621 ], [ 36.8907631, -1.2452966 ], [ 36.8908082, -1.2450808 ], [ 36.8908243, -1.2449947 ], [ 36.8908387, -1.2448477 ], [ 36.8908293, -1.2447594 ], [ 36.8908258, -1.2445618 ], [ 36.8908259, -1.2444237 ], [ 36.8908753, -1.2442911 ], [ 36.8909284, -1.2442326 ], [ 36.8909864, -1.2442033 ], [ 36.891138, -1.2442052 ], [ 36.8912359, -1.2442188 ], [ 36.8913513, -1.2442521 ], [ 36.8917646, -1.2443768 ], [ 36.8919124, -1.2444143 ], [ 36.8920845, -1.2444334 ], [ 36.8922199, -1.244416 ], [ 36.8922538, -1.2444197 ], [ 36.8924341, -1.2443682 ], [ 36.8926744, -1.2443425 ], [ 36.8928461, -1.2442738 ], [ 36.8930381, -1.2441366 ], [ 36.893216, -1.2440623 ], [ 36.8933505, -1.2439363 ], [ 36.8933603, -1.2438191 ], [ 36.8933834, -1.2437432 ], [ 36.8934189, -1.2436255 ], [ 36.8934607, -1.2435123 ], [ 36.8935307, -1.2434261 ], [ 36.8936299, -1.2432186 ], [ 36.893697, -1.2430825 ], [ 36.8938554, -1.243009 ], [ 36.8940515, -1.243002 ], [ 36.8944267, -1.2429618 ], [ 36.8946729, -1.2429781 ], [ 36.8948202, -1.2429867 ], [ 36.8950948, -1.2431154 ], [ 36.8952837, -1.2430468 ], [ 36.8954811, -1.2430725 ], [ 36.8956184, -1.2431326 ], [ 36.8957386, -1.243227 ], [ 36.8958587, -1.2433643 ], [ 36.8960132, -1.2434415 ], [ 36.8961334, -1.2435016 ], [ 36.8963051, -1.2435616 ], [ 36.8964595, -1.2435101 ], [ 36.8967342, -1.2432441 ], [ 36.8967683, -1.2431446 ], [ 36.8968776, -1.2430923 ], [ 36.8970058, -1.2430195 ], [ 36.8971009, -1.242991 ], [ 36.8971678, -1.242997 ], [ 36.8973649, -1.2430166 ], [ 36.8975839, -1.2430553 ], [ 36.8978328, -1.2430468 ], [ 36.8980008, -1.2429976 ], [ 36.8982572, -1.2429838 ], [ 36.8985568, -1.2429492 ], [ 36.8988218, -1.2428843 ], [ 36.8994305, -1.2425857 ], [ 36.8994953, -1.2425657 ], [ 36.8996959, -1.242478 ], [ 36.8998423, -1.2424003 ], [ 36.8999765, -1.2423469 ], [ 36.9001275, -1.2422026 ] ] } },
{ "type": "Feature", "properties": { "fid": 379, "osm_id": "828184357", "code": 8102, "fclass": "stream", "width": 0, "name": "Mathare River" }, "geometry": { "type": "LineString", "coordinates": [ [ 36.8804324, -1.2495388 ], [ 36.880479, -1.249556 ] ] } },
{ "type": "Feature", "properties": { "fid": 380, "osm_id": "828302615", "code": 8101, "fclass": "river", "width": 0, "name": "Ngong river" }, "geometry": { "type": "LineString", "coordinates": [ [ 36.9175682, -1.2847038 ], [ 36.9177883, -1.2846128 ], [ 36.91802, -1.2843296 ], [ 36.9181917, -1.2840121 ], [ 36.918329, -1.2838405 ], [ 36.9184491, -1.283523 ], [ 36.918535, -1.2831111 ], [ 36.9186208, -1.2828365 ], [ 36.918673, -1.2826921 ], [ 36.9187324, -1.2825276 ], [ 36.9188182, -1.2821672 ], [ 36.9188611, -1.2819098 ], [ 36.9186895, -1.2817553 ], [ 36.918432, -1.2816352 ], [ 36.9182432, -1.2815237 ], [ 36.9179599, -1.2815494 ], [ 36.9178483, -1.2814121 ], [ 36.9178312, -1.2809831 ], [ 36.9179599, -1.2806913 ], [ 36.9181745, -1.280451 ], [ 36.9183633, -1.280125 ], [ 36.9183891, -1.279919 ], [ 36.918329, -1.2794213 ], [ 36.9183032, -1.2790095 ], [ 36.9182775, -1.2785804 ], [ 36.9184148, -1.2782629 ], [ 36.9187324, -1.2778596 ], [ 36.9192216, -1.2775507 ], [ 36.9195306, -1.2774048 ], [ 36.9199769, -1.2772589 ], [ 36.9202344, -1.2772761 ], [ 36.9207322, -1.2772589 ], [ 36.9210756, -1.2772761 ], [ 36.9212816, -1.2772332 ], [ 36.9214361, -1.2771045 ], [ 36.9214361, -1.2767612 ], [ 36.9212644, -1.2763751 ], [ 36.9210241, -1.2758602 ], [ 36.9209382, -1.2756028 ], [ 36.9207923, -1.2753454 ], [ 36.9207322, -1.2749163 ], [ 36.9205777, -1.2745302 ], [ 36.9205348, -1.274187 ], [ 36.920449, -1.2738609 ], [ 36.9205777, -1.2734147 ], [ 36.9206807, -1.2731744 ], [ 36.9206636, -1.2728569 ], [ 36.9207666, -1.2724279 ], [ 36.9211957, -1.2720589 ], [ 36.9216506, -1.2717414 ], [ 36.921951, -1.2715097 ], [ 36.9222944, -1.2713553 ], [ 36.9227235, -1.2712008 ], [ 36.9230239, -1.2711407 ], [ 36.9233415, -1.2710978 ], [ 36.9236677, -1.271012 ], [ 36.9238901, -1.2711902 ], [ 36.9243017, -1.2710113 ], [ 36.9246449, -1.2707602 ], [ 36.9247405, -1.2702569 ], [ 36.9249723, -1.2700681 ], [ 36.9251096, -1.2697678 ], [ 36.9252126, -1.2693988 ], [ 36.9252298, -1.2690212 ], [ 36.9251525, -1.2687123 ], [ 36.924998, -1.268412 ], [ 36.9248693, -1.2680516 ], [ 36.9248693, -1.2677427 ], [ 36.9248693, -1.2675367 ], [ 36.924998, -1.2675367 ], [ 36.9250839, -1.2676569 ], [ 36.9253242, -1.2676225 ], [ 36.9254958, -1.2674852 ], [ 36.9256847, -1.2673823 ], [ 36.9258134, -1.2671935 ], [ 36.9260452, -1.2669532 ], [ 36.9263885, -1.2668245 ], [ 36.9266717, -1.2667129 ], [ 36.926815, -1.2667086 ], [ 36.9269665, -1.2667529 ], [ 36.9272125, -1.2664555 ], [ 36.9276416, -1.2663525 ], [ 36.9279334, -1.2662496 ], [ 36.9282596, -1.2661123 ], [ 36.9286029, -1.2660522 ], [ 36.9289892, -1.2660093 ], [ 36.9291866, -1.2661809 ], [ 36.9294612, -1.2663697 ], [ 36.9297616, -1.2663096 ], [ 36.930105, -1.2662238 ], [ 36.9303024, -1.2660951 ], [ 36.9307058, -1.2660951 ], [ 36.9312465, -1.2661123 ], [ 36.9316757, -1.2662238 ], [ 36.9320361, -1.2663096 ], [ 36.9323623, -1.2664813 ], [ 36.9326541, -1.2666271 ], [ 36.9329116, -1.2667387 ], [ 36.9332378, -1.2666958 ], [ 36.9334953, -1.2665413 ], [ 36.9336669, -1.2661981 ], [ 36.9339244, -1.265709 ], [ 36.9341647, -1.2655116 ], [ 36.9344566, -1.2654773 ], [ 36.9346282, -1.265709 ], [ 36.9346282, -1.2659664 ], [ 36.934654, -1.2662496 ], [ 36.9348686, -1.2661981 ], [ 36.9350231, -1.2663525 ], [ 36.9353149, -1.2664813 ], [ 36.935538, -1.2662496 ], [ 36.9357698, -1.2660265 ], [ 36.9360015, -1.265769 ], [ 36.9362247, -1.2656232 ], [ 36.9366023, -1.2655974 ], [ 36.9368427, -1.265709 ], [ 36.9371002, -1.2658806 ], [ 36.9374006, -1.2659407 ], [ 36.9376838, -1.2659235 ], [ 36.9379756, -1.2658377 ], [ 36.9381988, -1.2655631 ], [ 36.938319, -1.2652799 ], [ 36.9384906, -1.2651941 ], [ 36.9388339, -1.2649624 ], [ 36.9392288, -1.2647908 ], [ 36.9396579, -1.2647393 ], [ 36.9399068, -1.2647222 ], [ 36.94013, -1.2646793 ], [ 36.940336, -1.2644819 ], [ 36.9402759, -1.2642073 ], [ 36.940233, -1.2638469 ], [ 36.9402158, -1.2635208 ], [ 36.94013, -1.2632806 ], [ 36.9401042, -1.2629888 ], [ 36.9399926, -1.2627657 ], [ 36.9399068, -1.2625769 ], [ 36.9399926, -1.2623881 ], [ 36.9403016, -1.2622337 ], [ 36.940748, -1.2621307 ], [ 36.9411599, -1.2620192 ], [ 36.9416063, -1.2619076 ], [ 36.9419324, -1.2617617 ], [ 36.9422242, -1.2615901 ], [ 36.9423959, -1.2614786 ], [ 36.9425504, -1.2613327 ], [ 36.9425332, -1.261204 ], [ 36.9423787, -1.2610323 ], [ 36.9420354, -1.2608436 ], [ 36.9418466, -1.2605604 ], [ 36.9416921, -1.2602772 ], [ 36.941735, -1.2598739 ], [ 36.9420783, -1.2595736 ], [ 36.9424646, -1.2593333 ], [ 36.9431083, -1.2588013 ], [ 36.9435091, -1.2581989 ], [ 36.9438882, -1.2578952 ], [ 36.9445506, -1.2574806 ] ] } },
{ "type": "Feature", "properties": { "fid": 381, "osm_id": "828473899", "code": 8102, "fclass": "stream", "width": 0, "name": null }, "geometry": { "type": "LineString", "coordinates": [ [ 36.8852504, -1.2777856 ], [ 36.8851719, -1.2776429 ], [ 36.8849849, -1.2773029 ] ] } },
{ "type": "Feature", "properties": { "fid": 382, "osm_id": "828473900", "code": 8102, "fclass": "stream", "width": 0, "name": null }, "geometry": { "type": "LineString", "coordinates": [ [ 36.8852611, -1.2781128 ], [ 36.885245, -1.2779572 ], [ 36.8852504, -1.2777856 ] ] } },
{ "type": "Feature", "properties": { "fid": 383, "osm_id": "828473902", "code": 8102, "fclass": "stream", "width": 0, "name": null }, "geometry": { "type": "LineString", "coordinates": [ [ 36.8861972, -1.2684158 ], [ 36.8862844, -1.2683405 ] ] } },
{ "type": "Feature", "properties": { "fid": 384, "osm_id": "828473903", "code": 8102, "fclass": "stream", "width": 0, "name": null }, "geometry": { "type": "LineString", "coordinates": [ [ 36.8848937, -1.2769544 ], [ 36.8848159, -1.276528 ], [ 36.8848239, -1.2764234 ], [ 36.8847247, -1.2763376 ], [ 36.884663, -1.2762679 ], [ 36.8846281, -1.2761928 ], [ 36.884596, -1.2760801 ], [ 36.8845691, -1.275938 ], [ 36.8845477, -1.2758334 ], [ 36.8844913, -1.275694 ], [ 36.8844136, -1.2754151 ], [ 36.884368, -1.2751979 ], [ 36.8843304, -1.2750853 ], [ 36.8842982, -1.2749968 ], [ 36.8842902, -1.274919 ], [ 36.8842955, -1.2748171 ], [ 36.8843116, -1.2746375 ], [ 36.8842902, -1.273959 ], [ 36.8843411, -1.2739027 ], [ 36.8843646, -1.2737841 ], [ 36.8843385, -1.2735032 ], [ 36.8843197, -1.2731546 ], [ 36.8843143, -1.2730527 ], [ 36.8842929, -1.2727309 ], [ 36.8842875, -1.2726022 ], [ 36.8842674, -1.2724322 ], [ 36.8842544, -1.2723403 ], [ 36.8842401, -1.2722584 ], [ 36.8842171, -1.2722023 ] ] } },
{ "type": "Feature", "properties": { "fid": 385, "osm_id": "833731423", "code": 8102, "fclass": "stream", "width": 0, "name": "Katina stream" }, "geometry": { "type": "LineString", "coordinates": [ [ 36.7619196, -1.2765401 ], [ 36.7619679, -1.2764194 ], [ 36.7620618, -1.2763819 ], [ 36.7623434, -1.276288 ], [ 36.7626894, -1.276221 ], [ 36.7629711, -1.2761566 ], [ 36.7635343, -1.2759958 ], [ 36.7638884, -1.2758751 ], [ 36.7640305, -1.2757517 ], [ 36.7641888, -1.2756686 ], [ 36.7643578, -1.2755748 ], [ 36.7644704, -1.2754889 ], [ 36.7645643, -1.2754058 ], [ 36.7647065, -1.275387 ], [ 36.7648003, -1.2753683 ], [ 36.7648754, -1.2752932 ], [ 36.7649894, -1.2751418 ], [ 36.7651652, -1.2750539 ], [ 36.7651863, -1.2750433 ] ] } },
{ "type": "Feature", "properties": { "fid": 386, "osm_id": "833731424", "code": 8102, "fclass": "stream", "width": 0, "name": null }, "geometry": { "type": "LineString", "coordinates": [ [ 36.7617453, -1.2766501 ], [ 36.7619196, -1.2765401 ] ] } },
{ "type": "Feature", "properties": { "fid": 387, "osm_id": "836010381", "code": 8102, "fclass": "stream", "width": 0, "name": null }, "geometry": { "type": "LineString", "coordinates": [ [ 36.96344, -1.2771399 ], [ 36.9635259, -1.2770198 ] ] } },
{ "type": "Feature", "properties": { "fid": 388, "osm_id": "836010382", "code": 8102, "fclass": "stream", "width": 0, "name": null }, "geometry": { "type": "LineString", "coordinates": [ [ 36.9613093, -1.281988 ], [ 36.961382, -1.2818674 ], [ 36.9613973, -1.2818251 ], [ 36.9614488, -1.281808 ], [ 36.9615346, -1.2817222 ], [ 36.9616204, -1.2816278 ], [ 36.9616548, -1.2814819 ], [ 36.9616977, -1.2813618 ], [ 36.9617749, -1.2812588 ], [ 36.9618093, -1.2811215 ], [ 36.9618608, -1.2809928 ], [ 36.9618865, -1.2809155 ], [ 36.9619294, -1.2808469 ], [ 36.9619934, -1.2807531 ], [ 36.9620815, -1.2806879 ], [ 36.9622298, -1.2806238 ], [ 36.9622899, -1.2804865 ], [ 36.9623242, -1.2803749 ], [ 36.9623414, -1.2802891 ], [ 36.9623843, -1.2801433 ], [ 36.9624272, -1.2800746 ], [ 36.9624873, -1.2801089 ], [ 36.9625646, -1.2801175 ], [ 36.9626075, -1.2800575 ], [ 36.9626161, -1.2799716 ], [ 36.9625989, -1.279903 ], [ 36.9626418, -1.2798515 ], [ 36.9627019, -1.2797829 ], [ 36.9627534, -1.2797743 ], [ 36.9627791, -1.2797314 ], [ 36.9627362, -1.2796027 ], [ 36.962659, -1.2795683 ], [ 36.9625817, -1.2794911 ], [ 36.9625817, -1.2794053 ], [ 36.9626332, -1.2792852 ], [ 36.9627448, -1.2792165 ], [ 36.9628564, -1.2791393 ], [ 36.9629165, -1.2790277 ], [ 36.9629851, -1.2789934 ], [ 36.9630796, -1.2788561 ], [ 36.9631568, -1.2787961 ], [ 36.9632083, -1.2786588 ], [ 36.9632083, -1.2785386 ], [ 36.9631825, -1.2784528 ], [ 36.9632598, -1.278367 ], [ 36.9633199, -1.2783413 ], [ 36.9633199, -1.2782469 ], [ 36.9633113, -1.2781696 ], [ 36.9633199, -1.2780238 ], [ 36.9633199, -1.2779122 ], [ 36.9632598, -1.2778522 ], [ 36.9632169, -1.277732 ], [ 36.9632083, -1.2776205 ], [ 36.9632083, -1.2775175 ], [ 36.9632512, -1.2773888 ], [ 36.9632941, -1.2773116 ], [ 36.9633714, -1.2772429 ], [ 36.9633714, -1.2771914 ], [ 36.96344, -1.2771399 ] ] } },
{ "type": "Feature", "properties": { "fid": 389, "osm_id": "836088266", "code": 8102, "fclass": "stream", "width": 0, "name": null }, "geometry": { "type": "LineString", "coordinates": [ [ 36.9648477, -1.2737161 ], [ 36.9649592, -1.2736647 ] ] } },
{ "type": "Feature", "properties": { "fid": 390, "osm_id": "836088267", "code": 8102, "fclass": "stream", "width": 0, "name": null }, "geometry": { "type": "LineString", "coordinates": [ [ 36.9635259, -1.2770198 ], [ 36.9635516, -1.276934 ], [ 36.9636632, -1.2768139 ], [ 36.9637748, -1.2767366 ], [ 36.9637748, -1.2766851 ], [ 36.9638692, -1.2765993 ], [ 36.9639121, -1.2765221 ], [ 36.963955, -1.2764363 ], [ 36.9640065, -1.2763419 ], [ 36.964058, -1.2762218 ], [ 36.9641782, -1.2761274 ], [ 36.9642812, -1.2760587 ], [ 36.9643155, -1.2759901 ], [ 36.9644528, -1.27593 ], [ 36.9644958, -1.2758785 ], [ 36.9645129, -1.275767 ], [ 36.9645129, -1.2756726 ], [ 36.9644872, -1.2756125 ], [ 36.9644872, -1.2754495 ], [ 36.9644357, -1.2753208 ], [ 36.9644357, -1.275132 ], [ 36.9645043, -1.275029 ], [ 36.9645129, -1.2749432 ], [ 36.9645129, -1.2748746 ], [ 36.96447, -1.274763 ], [ 36.9644443, -1.2746257 ], [ 36.9644271, -1.2744713 ], [ 36.9644185, -1.2743254 ], [ 36.96447, -1.2742138 ], [ 36.9645043, -1.2741538 ], [ 36.9644958, -1.274068 ], [ 36.9645473, -1.2739392 ], [ 36.9646331, -1.2738105 ], [ 36.9647189, -1.2737247 ], [ 36.9647876, -1.273699 ], [ 36.9648477, -1.2737161 ] ] } },
{ "type": "Feature", "properties": { "fid": 391, "osm_id": "837045167", "code": 8102, "fclass": "stream", "width": 0, "name": null }, "geometry": { "type": "LineString", "coordinates": [ [ 36.9403392, -1.2825096 ], [ 36.9404273, -1.282426 ] ] } },
{ "type": "Feature", "properties": { "fid": 392, "osm_id": "837045168", "code": 8102, "fclass": "stream", "width": 0, "name": null }, "geometry": { "type": "LineString", "coordinates": [ [ 36.9224261, -1.3037794 ], [ 36.922882, -1.3036829 ], [ 36.9235526, -1.303463 ], [ 36.9239978, -1.3033075 ], [ 36.9242982, -1.3030447 ], [ 36.9245075, -1.3027014 ], [ 36.9249044, -1.3024762 ], [ 36.9254194, -1.3021276 ], [ 36.9259827, -1.3017522 ], [ 36.926267, -1.3015108 ], [ 36.9264065, -1.3012212 ], [ 36.9264977, -1.3009048 ], [ 36.9270234, -1.3002023 ], [ 36.9275813, -1.2994943 ], [ 36.9277744, -1.2991565 ], [ 36.9284342, -1.2990063 ], [ 36.9285415, -1.2987113 ], [ 36.9286756, -1.2983735 ], [ 36.9291691, -1.2979766 ], [ 36.9294588, -1.2976334 ], [ 36.9298343, -1.2977621 ], [ 36.9302635, -1.2976173 ], [ 36.9305692, -1.2974349 ], [ 36.9307838, -1.2971507 ], [ 36.9311325, -1.2971453 ], [ 36.9315241, -1.296727 ], [ 36.931964, -1.2964803 ], [ 36.9323395, -1.2964589 ], [ 36.9327901, -1.2965608 ], [ 36.9330208, -1.2966788 ], [ 36.9333427, -1.2964803 ], [ 36.9334607, -1.2960137 ], [ 36.9335358, -1.2955954 ], [ 36.9340078, -1.2951288 ], [ 36.934496, -1.29485 ], [ 36.9350646, -1.2942976 ], [ 36.9353597, -1.2938792 ], [ 36.9355582, -1.2934663 ], [ 36.9358371, -1.2931928 ], [ 36.9362609, -1.2930372 ], [ 36.9364755, -1.2925867 ], [ 36.9363575, -1.2918842 ], [ 36.9363092, -1.291423 ], [ 36.9365184, -1.2909725 ], [ 36.9366954, -1.2905971 ], [ 36.9370334, -1.2903664 ], [ 36.9372748, -1.290109 ], [ 36.9375269, -1.2897711 ], [ 36.9375108, -1.2892724 ], [ 36.9376127, -1.2886985 ], [ 36.937999, -1.288071 ], [ 36.9383477, -1.2876045 ], [ 36.9384067, -1.2872022 ], [ 36.9383262, -1.2867732 ], [ 36.9383208, -1.2864192 ], [ 36.938514, -1.2862315 ], [ 36.9387339, -1.2861028 ], [ 36.9390075, -1.2857542 ], [ 36.9394152, -1.2853788 ], [ 36.9396297, -1.2850409 ], [ 36.9396566, -1.2847191 ], [ 36.9396244, -1.2841131 ], [ 36.9398068, -1.2835339 ], [ 36.940016, -1.2831048 ], [ 36.9403392, -1.2825096 ] ] } },
{ "type": "Feature", "properties": { "fid": 393, "osm_id": "837045170", "code": 8102, "fclass": "stream", "width": 0, "name": null }, "geometry": { "type": "LineString", "coordinates": [ [ 36.9558936, -1.2519378 ], [ 36.9559533, -1.2517772 ], [ 36.9559953, -1.251661 ], [ 36.9560346, -1.2515618 ], [ 36.9561403, -1.2514439 ], [ 36.9563151, -1.2513789 ], [ 36.9565509, -1.2513057 ], [ 36.9567542, -1.2512529 ], [ 36.9568809, -1.251276 ], [ 36.9570544, -1.2513156 ], [ 36.9571811, -1.2513829 ], [ 36.9574413, -1.251448 ], [ 36.9576567, -1.2514561 ], [ 36.9580552, -1.2515415 ], [ 36.9585633, -1.251574 ], [ 36.9588682, -1.2516187 ], [ 36.9591366, -1.2516187 ], [ 36.9593195, -1.2516634 ], [ 36.959596, -1.2516146 ], [ 36.9598887, -1.2514358 ], [ 36.9601529, -1.2512 ], [ 36.9603969, -1.2510497 ], [ 36.9606489, -1.2509887 ], [ 36.9606286, -1.2507611 ], [ 36.9605635, -1.2498953 ], [ 36.9604822, -1.2487695 ], [ 36.9604725, -1.2486709 ], [ 36.9604335, -1.2482777 ], [ 36.9604213, -1.247855 ], [ 36.9603359, -1.2469689 ], [ 36.9603643, -1.2467372 ], [ 36.960531, -1.2463308 ], [ 36.9607262, -1.2460015 ], [ 36.9608792, -1.2457216 ] ] } },
{ "type": "Feature", "properties": { "fid": 394, "osm_id": "837045171", "code": 8102, "fclass": "stream", "width": 0, "name": null }, "geometry": { "type": "LineString", "coordinates": [ [ 36.9558721, -1.2520663 ], [ 36.9558936, -1.2519378 ] ] } },
{ "type": "Feature", "properties": { "fid": 395, "osm_id": "838088264", "code": 8102, "fclass": "stream", "width": 0, "name": null }, "geometry": { "type": "LineString", "coordinates": [ [ 36.8924789, -1.2251156 ], [ 36.8922375, -1.2253087 ], [ 36.8918727, -1.2255876 ], [ 36.8915669, -1.2257887 ], [ 36.8907998, -1.2261668 ], [ 36.8899871, -1.2265476 ], [ 36.8890215, -1.2259603 ], [ 36.8888954, -1.2258772 ], [ 36.888536, -1.2259282 ], [ 36.8883268, -1.2259228 ], [ 36.8878333, -1.2259523 ] ] } },
{ "type": "Feature", "properties": { "fid": 396, "osm_id": "838088266", "code": 8102, "fclass": "stream", "width": 0, "name": null }, "geometry": { "type": "LineString", "coordinates": [ [ 36.9209676, -1.2347432 ], [ 36.9211765, -1.2348336 ] ] } },
{ "type": "Feature", "properties": { "fid": 397, "osm_id": "870970782", "code": 8101, "fclass": "river", "width": 0, "name": null }, "geometry": { "type": "LineString", "coordinates": [ [ 36.8616781, -1.3828376 ], [ 36.8619356, -1.3827689 ], [ 36.8621073, -1.3827518 ], [ 36.8623647, -1.3828204 ], [ 36.8626222, -1.3829406 ], [ 36.8629226, -1.3830778 ], [ 36.8632059, -1.3832838 ], [ 36.8634805, -1.3834211 ], [ 36.8638239, -1.3836527 ], [ 36.8639955, -1.3839102 ], [ 36.8642702, -1.3840818 ], [ 36.8644676, -1.3843134 ], [ 36.8645792, -1.3845108 ], [ 36.8647079, -1.3847425 ], [ 36.8647337, -1.3849827 ], [ 36.8647337, -1.385283 ], [ 36.8647938, -1.3855405 ], [ 36.8649397, -1.385755 ], [ 36.8651972, -1.3858579 ], [ 36.8654203, -1.3860296 ], [ 36.8655405, -1.3862698 ], [ 36.8657808, -1.3863127 ], [ 36.8659696, -1.3864243 ], [ 36.8660168, -1.3865657 ], [ 36.8660555, -1.3866817 ], [ 36.866107, -1.3869734 ], [ 36.8662958, -1.3870421 ], [ 36.8665704, -1.3872137 ], [ 36.8667421, -1.3874711 ], [ 36.8668279, -1.3876856 ], [ 36.8668279, -1.3880546 ], [ 36.8667679, -1.3882433 ], [ 36.8668537, -1.3883978 ], [ 36.8668537, -1.3886895 ], [ 36.8667421, -1.3890842 ], [ 36.8665533, -1.3894446 ], [ 36.8663645, -1.3897449 ], [ 36.8662271, -1.3900023 ], [ 36.8662271, -1.3903198 ], [ 36.8662529, -1.3907746 ], [ 36.8662958, -1.3911178 ], [ 36.866313, -1.391401 ], [ 36.866313, -1.3916927 ], [ 36.8663387, -1.3918901 ], [ 36.8662302, -1.3921938 ], [ 36.8662329, -1.3925826 ], [ 36.8660666, -1.3930626 ], [ 36.8661578, -1.3935158 ], [ 36.8666594, -1.3942826 ], [ 36.8672897, -1.3950871 ], [ 36.8673165, -1.395929 ], [ 36.8675445, -1.3967308 ], [ 36.86803, -1.3975111 ], [ 36.8683572, -1.397739 ], [ 36.8686791, -1.3978033 ], [ 36.8694355, -1.3978999 ], [ 36.8696983, -1.3980661 ], [ 36.8703796, -1.3991119 ], [ 36.870275, -1.3993827 ], [ 36.8704038, -1.399801 ], [ 36.8724014, -1.4007341 ], [ 36.8724958, -1.4014018 ], [ 36.8722707, -1.4021349 ], [ 36.8726991, -1.4024906 ], [ 36.8735123, -1.402839 ], [ 36.8742601, -1.4036374 ], [ 36.874394718252546, -1.404191255999933 ] ] } },
{ "type": "Feature", "properties": { "fid": 398, "osm_id": "871212233", "code": 8102, "fclass": "stream", "width": 0, "name": "Mokoyeti River" }, "geometry": { "type": "LineString", "coordinates": [ [ 36.8251022, -1.371434 ], [ 36.8251798, -1.371343 ], [ 36.8253136, -1.371343 ], [ 36.8256186, -1.3713912 ], [ 36.8258755, -1.3713082 ], [ 36.8263235, -1.3711709 ], [ 36.8265794, -1.3712492 ], [ 36.8269554, -1.3713431 ], [ 36.8273888, -1.371578 ], [ 36.8276969, -1.3715937 ], [ 36.8278431, -1.3719017 ], [ 36.8279057, -1.3721627 ], [ 36.8280311, -1.3722619 ], [ 36.8283496, -1.3721523 ], [ 36.82836, -1.3724029 ], [ 36.8283183, -1.3726221 ], [ 36.8282974, -1.3728988 ], [ 36.828548, -1.3731024 ], [ 36.8288248, -1.3728831 ], [ 36.8290128, -1.372951 ], [ 36.8292008, -1.3730293 ], [ 36.8291746, -1.3732225 ], [ 36.8289762, -1.373259 ], [ 36.828877, -1.3734626 ], [ 36.8289658, -1.37352 ], [ 36.8291746, -1.3734783 ], [ 36.8294723, -1.3734417 ], [ 36.8296185, -1.3735513 ], [ 36.8296759, -1.3735148 ], [ 36.8299214, -1.3734313 ], [ 36.829984, -1.3735044 ], [ 36.8299161, -1.3738854 ], [ 36.8299893, -1.374089 ], [ 36.8303287, -1.3742822 ], [ 36.8304227, -1.3746633 ], [ 36.8306847, -1.3746598 ], [ 36.8308561, -1.3746789 ], [ 36.8311172, -1.3745328 ], [ 36.8315976, -1.3745432 ], [ 36.8322033, -1.3746267 ], [ 36.8327673, -1.3744388 ], [ 36.8328195, -1.3749086 ], [ 36.8328613, -1.3752741 ], [ 36.8330388, -1.3756812 ], [ 36.8335506, -1.3754724 ], [ 36.8342085, -1.376172 ], [ 36.8341458, -1.3765687 ], [ 36.8341876, -1.3769968 ], [ 36.8349291, -1.3772369 ], [ 36.8355766, -1.3775292 ], [ 36.8359839, -1.3775501 ], [ 36.8365583, -1.3774979 ], [ 36.8370805, -1.3776859 ], [ 36.8373521, -1.3777276 ], [ 36.8379682, -1.3777172 ], [ 36.8384695, -1.3780304 ], [ 36.8386993, -1.3779573 ], [ 36.8390753, -1.3776754 ], [ 36.8395243, -1.3778633 ], [ 36.8398899, -1.3782392 ], [ 36.8401092, -1.3784376 ], [ 36.8404016, -1.3785629 ], [ 36.8407149, -1.3784063 ], [ 36.8411849, -1.3784167 ], [ 36.8414878, -1.3788134 ], [ 36.8417489, -1.3793877 ], [ 36.8419577, -1.3794399 ], [ 36.8427353, -1.3797486 ], [ 36.8429498, -1.3798773 ], [ 36.8430357, -1.3800489 ], [ 36.8431816, -1.3801347 ], [ 36.8433189, -1.3800661 ], [ 36.8434219, -1.3799202 ], [ 36.8435764, -1.3798944 ], [ 36.8436365, -1.380006 ], [ 36.8438682, -1.3799202 ], [ 36.8441257, -1.3797743 ], [ 36.8442802, -1.3797915 ], [ 36.8445549, -1.3801519 ], [ 36.8447952, -1.3803921 ], [ 36.8448982, -1.3805208 ], [ 36.8451557, -1.3805466 ], [ 36.8455505, -1.3805637 ], [ 36.845808, -1.3806924 ], [ 36.8459539, -1.380804 ], [ 36.8461685, -1.3807353 ], [ 36.8464088, -1.3808641 ], [ 36.8462372, -1.3810614 ], [ 36.8463831, -1.3810957 ], [ 36.8466148, -1.3812502 ], [ 36.846838, -1.3814046 ], [ 36.8471126, -1.3813789 ], [ 36.8473873, -1.3814647 ], [ 36.8476276, -1.3815762 ], [ 36.847928, -1.3816964 ], [ 36.8482113, -1.3817822 ], [ 36.8484001, -1.3819795 ], [ 36.8486147, -1.3822798 ], [ 36.8488464, -1.3824686 ], [ 36.8491897, -1.3825201 ], [ 36.8494301, -1.3826231 ], [ 36.8495159, -1.3827518 ], [ 36.8494129, -1.3830092 ], [ 36.8493871, -1.3833782 ], [ 36.8494301, -1.3835669 ], [ 36.8496876, -1.3836956 ], [ 36.8500137, -1.3838673 ], [ 36.8502454, -1.3840131 ], [ 36.8504772, -1.3841247 ], [ 36.8506489, -1.3840389 ], [ 36.8507175, -1.3838072 ], [ 36.8506746, -1.3834125 ], [ 36.8506489, -1.3831551 ], [ 36.8507347, -1.3830092 ], [ 36.8509063, -1.3828976 ], [ 36.8511896, -1.3828976 ], [ 36.851387, -1.3830092 ], [ 36.8515329, -1.3832065 ], [ 36.8516788, -1.3834125 ], [ 36.8517904, -1.3837214 ], [ 36.8518505, -1.3840646 ], [ 36.8520479, -1.3843821 ], [ 36.8522196, -1.3846395 ], [ 36.8522796, -1.3848969 ], [ 36.852417, -1.384957 ], [ 36.8527775, -1.384957 ], [ 36.8531036, -1.3849227 ], [ 36.8533611, -1.3849227 ], [ 36.8535671, -1.3848111 ], [ 36.8538675, -1.3846824 ], [ 36.8540907, -1.3844936 ], [ 36.8542967, -1.3843563 ], [ 36.8544683, -1.3842963 ], [ 36.8547258, -1.3842963 ], [ 36.854949, -1.3842963 ], [ 36.855042, -1.3842865 ], [ 36.8551807, -1.3842362 ], [ 36.8553266, -1.3840389 ], [ 36.8554125, -1.3838072 ], [ 36.855464, -1.3835841 ], [ 36.8555498, -1.3833524 ], [ 36.8556699, -1.3833267 ], [ 36.8558674, -1.3833524 ], [ 36.8559789, -1.3834983 ], [ 36.8561249, -1.3837214 ], [ 36.8562965, -1.3838415 ], [ 36.8563823, -1.3840389 ], [ 36.8564253, -1.3841504 ], [ 36.8567514, -1.3842362 ], [ 36.8570261, -1.3842534 ], [ 36.8573694, -1.3842705 ], [ 36.8576097, -1.3842963 ], [ 36.8578844, -1.3842705 ], [ 36.8580732, -1.3844078 ], [ 36.8582277, -1.3846395 ], [ 36.8583307, -1.384751 ], [ 36.8585024, -1.384751 ], [ 36.8586569, -1.3846138 ], [ 36.8588972, -1.3844078 ], [ 36.859086, -1.3842705 ], [ 36.8593263, -1.384322 ], [ 36.8594722, -1.3844679 ], [ 36.8596439, -1.3845108 ], [ 36.8598156, -1.3845108 ], [ 36.8600473, -1.3842963 ], [ 36.8602705, -1.3841676 ], [ 36.8605451, -1.3841247 ], [ 36.8607855, -1.3841676 ], [ 36.861043, -1.3839788 ], [ 36.8613004, -1.3837814 ], [ 36.8614206, -1.3835841 ], [ 36.8616609, -1.3834811 ], [ 36.8617639, -1.3833095 ], [ 36.8617639, -1.3830349 ], [ 36.8616781, -1.3828376 ] ] } },
{ "type": "Feature", "properties": { "fid": 399, "osm_id": "871358458", "code": 8102, "fclass": "stream", "width": 0, "name": "Uhuru park stream" }, "geometry": { "type": "LineString", "coordinates": [ [ 36.8232608, -1.296261 ], [ 36.8235122, -1.2963507 ], [ 36.8237869, -1.2965653 ], [ 36.8257953, -1.2989679 ], [ 36.8260096, -1.2992533 ], [ 36.8260578, -1.2993135 ], [ 36.8273575, -1.3010359 ], [ 36.8274862, -1.3012418 ], [ 36.8278888, -1.3020548 ], [ 36.8279154, -1.3021085 ], [ 36.8279411, -1.3023144 ], [ 36.8278467, -1.3034729 ], [ 36.8278295, -1.3040306 ] ] } },
{ "type": "Feature", "properties": { "fid": 400, "osm_id": "871358459", "code": 8101, "fclass": "river", "width": 0, "name": "Ngong river" }, "geometry": { "type": "LineString", "coordinates": [ [ 36.8991096, -1.3004965 ], [ 36.8992454, -1.3005153 ], [ 36.8994171, -1.3006011 ], [ 36.8996317, -1.3006526 ], [ 36.8998892, -1.3006526 ], [ 36.9001037, -1.3005668 ] ] } },
{ "type": "Feature", "properties": { "fid": 401, "osm_id": "871358460", "code": 8101, "fclass": "river", "width": 0, "name": null }, "geometry": { "type": "LineString", "coordinates": [ [ 36.9608792, -1.2457216 ], [ 36.9614848, -1.245645 ], [ 36.9619331, -1.2455615 ], [ 36.962336, -1.2457404 ], [ 36.9626365, -1.2460957 ], [ 36.9630252, -1.2463508 ], [ 36.9635023, -1.2467721 ], [ 36.963855, -1.2468324 ], [ 36.9642855, -1.2467895 ], [ 36.9646262, -1.2468686 ], [ 36.9648032, -1.2470348 ], [ 36.9650097, -1.2472293 ], [ 36.9654845, -1.2474317 ], [ 36.9656709, -1.247476 ], [ 36.9663374, -1.2474761 ] ] } },
{ "type": "Feature", "properties": { "fid": 402, "osm_id": "895700729", "code": 8101, "fclass": "river", "width": 0, "name": "Ngong River" }, "geometry": { "type": "LineString", "coordinates": [ [ 36.8159506, -1.3113329 ], [ 36.8160536, -1.3113072 ], [ 36.816148, -1.3113243 ], [ 36.8163025, -1.3113243 ], [ 36.816387, -1.3113358 ], [ 36.8164827, -1.3113243 ], [ 36.8167767, -1.3112801 ], [ 36.8168452, -1.3113128 ] ] } },
{ "type": "Feature", "properties": { "fid": 403, "osm_id": "895700730", "code": 8102, "fclass": "stream", "width": 0, "name": "Ngong River" }, "geometry": { "type": "LineString", "coordinates": [ [ 36.8168452, -1.3113128 ], [ 36.8169111, -1.3113442 ] ] } },
{ "type": "Feature", "properties": { "fid": 404, "osm_id": "895700737", "code": 8102, "fclass": "stream", "width": 0, "name": "Ngong River" }, "geometry": { "type": "LineString", "coordinates": [ [ 36.8169306, -1.3113535 ], [ 36.8169964, -1.3113848 ] ] } },
{ "type": "Feature", "properties": { "fid": 405, "osm_id": "895700738", "code": 8102, "fclass": "stream", "width": 0, "name": "Ngong River" }, "geometry": { "type": "LineString", "coordinates": [ [ 36.8169111, -1.3113442 ], [ 36.8169306, -1.3113535 ] ] } },
{ "type": "Feature", "properties": { "fid": 406, "osm_id": "895736020", "code": 8101, "fclass": "river", "width": 0, "name": "Ngong River" }, "geometry": { "type": "LineString", "coordinates": [ [ 36.8169964, -1.3113848 ], [ 36.81709, -1.3114295 ], [ 36.8171854, -1.3114756 ], [ 36.8173442, -1.3115475 ], [ 36.8174848, -1.3115786 ], [ 36.8175715, -1.3115516 ], [ 36.8176446, -1.3115095 ], [ 36.8177239, -1.3114817 ], [ 36.8178108, -1.3114685 ], [ 36.817991, -1.3114365 ], [ 36.8181541, -1.3113993 ], [ 36.8182852, -1.3113586 ], [ 36.8183796, -1.3113157 ], [ 36.8184322, -1.3112643 ], [ 36.8184642, -1.3112082 ], [ 36.8184997, -1.3110755 ], [ 36.8185426, -1.3109897 ], [ 36.8185848, -1.3109627 ], [ 36.8186351, -1.3109457 ], [ 36.818832, -1.3109461 ], [ 36.8189426, -1.3109606 ], [ 36.8190478, -1.3109902 ], [ 36.8191764, -1.3110501 ], [ 36.8192851, -1.3110773 ], [ 36.8193826, -1.3110703 ], [ 36.8194439, -1.3110411 ], [ 36.8195761, -1.3109058 ], [ 36.8196682, -1.3108437 ], [ 36.8198868, -1.3107386 ], [ 36.819961, -1.3106733 ], [ 36.8200774, -1.3105045 ], [ 36.8201213, -1.3104551 ], [ 36.8201942, -1.3104057 ], [ 36.820321, -1.3103918 ], [ 36.8208858, -1.3103204 ], [ 36.8210661, -1.3102603 ], [ 36.8211777, -1.3102002 ], [ 36.8212549, -1.3101144 ], [ 36.8213236, -1.3099771 ], [ 36.8214266, -1.3098227 ], [ 36.8215639, -1.3097197 ], [ 36.8216583, -1.3096596 ], [ 36.82183, -1.3096082 ], [ 36.8219759, -1.3096082 ], [ 36.8221304, -1.3096339 ], [ 36.8221772, -1.309637 ] ] } },
{ "type": "Feature", "properties": { "fid": 407, "osm_id": "895736021", "code": 8102, "fclass": "stream", "width": 0, "name": "Ngong River" }, "geometry": { "type": "LineString", "coordinates": [ [ 36.8221772, -1.309637 ], [ 36.8222763, -1.3096436 ] ] } },
{ "type": "Feature", "properties": { "fid": 408, "osm_id": "899653699", "code": 8102, "fclass": "stream", "width": 0, "name": "Nyongara River" }, "geometry": { "type": "LineString", "coordinates": [ [ 36.688958001805766, -1.275771329973638 ], [ 36.6889622, -1.2757788 ], [ 36.6889635, -1.2757811 ], [ 36.6890681, -1.2758079 ], [ 36.6892317, -1.2760198 ], [ 36.68928, -1.2761511 ], [ 36.6894221, -1.2761646 ], [ 36.6896072, -1.2762557 ], [ 36.6896796, -1.2763469 ], [ 36.6897735, -1.2764005 ], [ 36.6898084, -1.2764729 ], [ 36.6899532, -1.276599 ], [ 36.6900551, -1.2767545 ], [ 36.6901973, -1.2769181 ], [ 36.6903448, -1.2770414 ], [ 36.6904548, -1.2771299 ], [ 36.6905809, -1.2771943 ], [ 36.6907096, -1.2772935 ], [ 36.690884, -1.2773605 ], [ 36.6910717, -1.2774168 ], [ 36.6912031, -1.2775429 ], [ 36.691356, -1.2776823 ], [ 36.6915974, -1.2778486 ], [ 36.6917959, -1.2780282 ], [ 36.6917825, -1.2780979 ], [ 36.6918871, -1.2781489 ], [ 36.6920548, -1.278234 ], [ 36.6922198, -1.2782551 ], [ 36.6923439, -1.2783085 ], [ 36.6924477, -1.2783723 ], [ 36.6925743, -1.2783962 ], [ 36.6927587, -1.2783715 ], [ 36.6929949, -1.2784063 ], [ 36.6930968, -1.2783178 ], [ 36.6932818, -1.2784036 ], [ 36.6934052, -1.2785297 ], [ 36.6938022, -1.2786584 ], [ 36.6943225, -1.278653 ], [ 36.6946095, -1.2786664 ], [ 36.6947317, -1.2787141 ], [ 36.6953579, -1.2789587 ], [ 36.6955859, -1.2790043 ], [ 36.695897, -1.2790633 ], [ 36.6963422, -1.2792349 ], [ 36.696522, -1.2792269 ], [ 36.6966574, -1.279223 ], [ 36.6967687, -1.279294 ], [ 36.6969189, -1.279369 ], [ 36.6970745, -1.2793583 ], [ 36.6972944, -1.2794387 ], [ 36.6974071, -1.2795487 ], [ 36.6975653, -1.2796479 ], [ 36.6980052, -1.2798383 ], [ 36.698252, -1.2798785 ], [ 36.6985578, -1.2799509 ], [ 36.6988903, -1.279975 ], [ 36.6989681, -1.2799723 ], [ 36.6991317, -1.2800126 ], [ 36.6994456, -1.2800233 ], [ 36.699931, -1.2801145 ], [ 36.7002368, -1.280211 ], [ 36.7005506, -1.2802298 ], [ 36.700725, -1.2803102 ], [ 36.7008913, -1.2803612 ], [ 36.7013285, -1.2804577 ], [ 36.7014599, -1.2802968 ], [ 36.7017174, -1.2801788 ], [ 36.7020258, -1.280026 ], [ 36.7021868, -1.2799697 ], [ 36.7023638, -1.2800233 ], [ 36.7025247, -1.2800313 ], [ 36.7027125, -1.2800769 ], [ 36.7029878, -1.280121 ] ] } },
{ "type": "Feature", "properties": { "fid": 409, "osm_id": "899653700", "code": 8102, "fclass": "stream", "width": 0, "name": null }, "geometry": { "type": "LineString", "coordinates": [ [ 36.7029878, -1.280121 ], [ 36.7030639, -1.2801332 ] ] } },
{ "type": "Feature", "properties": { "fid": 410, "osm_id": "907364283", "code": 8102, "fclass": "stream", "width": 0, "name": null }, "geometry": { "type": "LineString", "coordinates": [ [ 36.9889998, -1.2243163 ], [ 36.9892019, -1.2244304 ], [ 36.9893038, -1.2244747 ], [ 36.9894165, -1.2245115 ], [ 36.9894889, -1.2245303 ], [ 36.989572, -1.2245209 ], [ 36.9897062, -1.2245658 ], [ 36.9898161, -1.2246496 ], [ 36.9898892, -1.2246986 ], [ 36.9899583, -1.224722 ], [ 36.9900039, -1.2247482 ], [ 36.9900575, -1.224828 ], [ 36.9901092, -1.224885 ], [ 36.9901883, -1.2249352 ], [ 36.99049, -1.2248843 ], [ 36.9905283, -1.2248823 ], [ 36.990596, -1.2249627 ], [ 36.990706, -1.2249904 ], [ 36.990819, -1.2250013 ], [ 36.9908957, -1.2249728 ], [ 36.9909447, -1.224954 ], [ 36.9910305, -1.2249547 ], [ 36.9911009, -1.2249654 ] ] } },
{ "type": "Feature", "properties": { "fid": 411, "osm_id": "965592276", "code": 8102, "fclass": "stream", "width": 0, "name": "Mto Nairobi" }, "geometry": { "type": "LineString", "coordinates": [ [ 36.8118502, -1.2746011 ], [ 36.8121722, -1.2744457 ] ] } },
{ "type": "Feature", "properties": { "fid": 412, "osm_id": "987595939", "code": 8102, "fclass": "stream", "width": 0, "name": null }, "geometry": { "type": "LineString", "coordinates": [ [ 36.9113322, -1.254644 ], [ 36.9115915, -1.2549687 ], [ 36.9117467, -1.2548207 ] ] } },
{ "type": "Feature", "properties": { "fid": 413, "osm_id": "987595940", "code": 8102, "fclass": "stream", "width": 0, "name": null }, "geometry": { "type": "LineString", "coordinates": [ [ 36.9038052, -1.2608915 ], [ 36.9037084, -1.2605359 ], [ 36.9042768, -1.2602783 ], [ 36.9040793, -1.2598233 ], [ 36.9046425, -1.2595772 ], [ 36.9045224, -1.2592777 ], [ 36.9049093, -1.2588964 ], [ 36.9050443, -1.2588118 ], [ 36.9053044, -1.2585143 ], [ 36.9060314, -1.2585263 ], [ 36.9061601, -1.2582045 ], [ 36.9068428, -1.2577031 ], [ 36.9069285, -1.2576006 ], [ 36.9069345, -1.2575144 ], [ 36.9072326, -1.2575441 ], [ 36.9075978, -1.2572432 ], [ 36.9078116, -1.2572744 ], [ 36.9081342, -1.2569388 ], [ 36.9087989, -1.2571522 ], [ 36.9087102, -1.2565236 ], [ 36.9087356, -1.2563466 ], [ 36.9088215, -1.2562447 ], [ 36.9088228, -1.2561035 ], [ 36.908855, -1.2559846 ], [ 36.9089099, -1.255927 ], [ 36.9089985, -1.2558063 ], [ 36.9090963, -1.2557044 ], [ 36.9091667, -1.2556039 ], [ 36.9093435, -1.2557761 ], [ 36.9095273, -1.255938 ], [ 36.9096935, -1.2557939 ], [ 36.909848, -1.2556652 ], [ 36.9098995, -1.2554593 ], [ 36.9101313, -1.2553477 ], [ 36.9103158, -1.255455 ], [ 36.9104323, -1.255381 ], [ 36.9105658, -1.255297 ], [ 36.9107331, -1.2552213 ], [ 36.9107821, -1.2551808 ], [ 36.9108608, -1.2550954 ], [ 36.9108744, -1.2551116 ], [ 36.9108909, -1.2550948 ], [ 36.9109122, -1.2550501 ], [ 36.9109478, -1.2550079 ], [ 36.9109925, -1.2549918 ], [ 36.9110524, -1.2549723 ], [ 36.9111111, -1.254952 ], [ 36.9111862, -1.2548096 ], [ 36.9113322, -1.254644 ] ] } },
{ "type": "Feature", "properties": { "fid": 414, "osm_id": "994847002", "code": 8104, "fclass": "drain", "width": 0, "name": null }, "geometry": { "type": "LineString", "coordinates": [ [ 36.9202323, -1.3341594 ], [ 36.9203823, -1.3343737 ] ] } },
{ "type": "Feature", "properties": { "fid": 415, "osm_id": "994847003", "code": 8104, "fclass": "drain", "width": 0, "name": null }, "geometry": { "type": "LineString", "coordinates": [ [ 36.9201363, -1.3339756 ], [ 36.9202323, -1.3341594 ] ] } },
{ "type": "Feature", "properties": { "fid": 416, "osm_id": "994847004", "code": 8104, "fclass": "drain", "width": 0, "name": null }, "geometry": { "type": "LineString", "coordinates": [ [ 36.9184195, -1.3316629 ], [ 36.918593, -1.3316782 ] ] } },
{ "type": "Feature", "properties": { "fid": 417, "osm_id": "994847005", "code": 8104, "fclass": "drain", "width": 0, "name": null }, "geometry": { "type": "LineString", "coordinates": [ [ 36.9190014, -1.3303022 ], [ 36.9190376, -1.3302795 ], [ 36.9202086, -1.3294169 ] ] } },
{ "type": "Feature", "properties": { "fid": 418, "osm_id": "994847006", "code": 8104, "fclass": "drain", "width": 0, "name": null }, "geometry": { "type": "LineString", "coordinates": [ [ 36.9182695, -1.3308499 ], [ 36.9190014, -1.3303022 ] ] } },
{ "type": "Feature", "properties": { "fid": 419, "osm_id": "995298787", "code": 8104, "fclass": "drain", "width": 0, "name": null }, "geometry": { "type": "LineString", "coordinates": [ [ 36.8635054, -1.2601398 ], [ 36.8635315, -1.2600324 ] ] } },
{ "type": "Feature", "properties": { "fid": 420, "osm_id": "1003256498", "code": 8102, "fclass": "stream", "width": 0, "name": "Motoine River" }, "geometry": { "type": "LineString", "coordinates": [ [ 36.74027, -1.3125617 ], [ 36.7408923, -1.3129908 ], [ 36.7416004, -1.3134198 ], [ 36.7426947, -1.3139561 ], [ 36.7436818, -1.314471 ], [ 36.7449478, -1.3147927 ], [ 36.7458705, -1.3152432 ], [ 36.7463211, -1.3155436 ], [ 36.7471365, -1.3163587 ], [ 36.7479733, -1.3176459 ], [ 36.7485956, -1.3181178 ], [ 36.7492551, -1.3186002 ], [ 36.7494754, -1.3187614 ], [ 36.7503551, -1.3191475 ], [ 36.7513636, -1.3190831 ], [ 36.7519243, -1.3192725 ], [ 36.7519272, -1.3192735 ], [ 36.7529515, -1.3196194 ], [ 36.7532745, -1.3195942 ], [ 36.7543248, -1.3195122 ], [ 36.7552689, -1.3191904 ], [ 36.755741, -1.3189973 ], [ 36.7572618, -1.3182988 ], [ 36.7577607, -1.3181393 ], [ 36.7587451, -1.3180534 ], [ 36.7600047, -1.3178448 ], [ 36.7610332, -1.3179968 ], [ 36.7618994, -1.3191689 ] ] } },
{ "type": "Feature", "properties": { "fid": 421, "osm_id": "1003256499", "code": 8102, "fclass": "stream", "width": 0, "name": null }, "geometry": { "type": "LineString", "coordinates": [ [ 36.7369656, -1.3212283 ], [ 36.7374846, -1.3215652 ], [ 36.7381886, -1.3220221 ], [ 36.7401413, -1.3221722 ], [ 36.7410211, -1.3223224 ], [ 36.743317, -1.3230089 ], [ 36.7445187, -1.3237597 ], [ 36.7455915, -1.324296 ], [ 36.7467502, -1.3244032 ], [ 36.7482523, -1.3242102 ], [ 36.7489175, -1.3240385 ], [ 36.7523507, -1.3235022 ], [ 36.7540673, -1.3230303 ], [ 36.7552046, -1.3229659 ], [ 36.7564062, -1.3227085 ], [ 36.7573933, -1.3225369 ], [ 36.7582086, -1.3219363 ], [ 36.7591742, -1.3209495 ], [ 36.7597107, -1.3203488 ], [ 36.7606763, -1.3192333 ], [ 36.7618994, -1.3191689 ] ] } },
{ "type": "Feature", "properties": { "fid": 422, "osm_id": "1005530539", "code": 8103, "fclass": "canal", "width": 0, "name": null }, "geometry": { "type": "LineString", "coordinates": [ [ 36.9182148, -1.3349249 ], [ 36.9182823, -1.3348661 ] ] } },
{ "type": "Feature", "properties": { "fid": 423, "osm_id": "1005530540", "code": 8103, "fclass": "canal", "width": 0, "name": null }, "geometry": { "type": "LineString", "coordinates": [ [ 36.9179277, -1.335173 ], [ 36.9182148, -1.3349249 ] ] } },
{ "type": "Feature", "properties": { "fid": 424, "osm_id": "1005530541", "code": 8104, "fclass": "drain", "width": 0, "name": null }, "geometry": { "type": "LineString", "coordinates": [ [ 36.9191666, -1.3304671 ], [ 36.9190376, -1.3302795 ] ] } },
{ "type": "Feature", "properties": { "fid": 425, "osm_id": "1005530542", "code": 8104, "fclass": "drain", "width": 0, "name": null }, "geometry": { "type": "LineString", "coordinates": [ [ 36.919243, -1.3305944 ], [ 36.9191666, -1.3304671 ] ] } },
{ "type": "Feature", "properties": { "fid": 426, "osm_id": "1013539596", "code": 8101, "fclass": "river", "width": 0, "name": "Ruiruaka River" }, "geometry": { "type": "LineString", "coordinates": [ [ 36.8236127, -1.227159 ], [ 36.8236416, -1.2272384 ], [ 36.8238581, -1.2273214 ], [ 36.8240566, -1.2273899 ], [ 36.8243633, -1.2274801 ], [ 36.8245492, -1.227555 ], [ 36.8246105, -1.2276181 ], [ 36.8246719, -1.2276921 ], [ 36.8247206, -1.2277967 ], [ 36.8247706, -1.2279296 ], [ 36.8248783, -1.228017 ], [ 36.824939, -1.22802 ], [ 36.8250695, -1.2280989 ], [ 36.8251392, -1.2281808 ], [ 36.8253234, -1.2282823 ], [ 36.8255381, -1.2283302 ], [ 36.8257583, -1.2283141 ], [ 36.8259766, -1.2283549 ], [ 36.8262147, -1.2283424 ], [ 36.8262993, -1.2283563 ], [ 36.8263623, -1.2283831 ], [ 36.826424, -1.2284282 ], [ 36.82644, -1.2284947 ], [ 36.8264379, -1.2285745 ], [ 36.826428, -1.2286479 ], [ 36.8264341, -1.2287069 ], [ 36.8264629, -1.2287438 ], [ 36.8264991, -1.2287625 ], [ 36.8266244, -1.2287718 ], [ 36.8268109, -1.2287792 ], [ 36.8269732, -1.2287726 ], [ 36.8270141, -1.2287666 ], [ 36.8270517, -1.2288062 ], [ 36.8270818, -1.2288396 ], [ 36.8270722, -1.2289501 ], [ 36.8270791, -1.228973 ], [ 36.8271026, -1.2289838 ], [ 36.827122, -1.2289724 ], [ 36.8271432, -1.2289435 ], [ 36.8271737, -1.2289201 ], [ 36.8272156, -1.228908 ], [ 36.8272756, -1.228899 ], [ 36.8273366, -1.2289019 ], [ 36.8274084, -1.2289261 ], [ 36.8274449, -1.2289419 ], [ 36.8274888, -1.2289479 ], [ 36.827539, -1.2289256 ], [ 36.8277353, -1.2288585 ], [ 36.8278217, -1.2288844 ], [ 36.8279112, -1.2289395 ], [ 36.827948, -1.2290898 ], [ 36.8279985, -1.2291313 ], [ 36.8281015, -1.2290577 ], [ 36.8281874, -1.2289382 ], [ 36.8282172, -1.2288424 ], [ 36.8282741, -1.2287991 ], [ 36.8283409, -1.228736 ], [ 36.8284083, -1.2286471 ], [ 36.8287488, -1.2286062 ], [ 36.8287951, -1.2286533 ], [ 36.8288071, -1.2287109 ], [ 36.828901, -1.2287196 ], [ 36.8290223, -1.2287131 ], [ 36.8291502, -1.2288094 ], [ 36.8293888, -1.2287424 ], [ 36.8295046, -1.2287356 ], [ 36.8296408, -1.22879 ], [ 36.8298042, -1.2288377 ], [ 36.8298791, -1.2290351 ], [ 36.8300357, -1.2291168 ], [ 36.8302808, -1.2290011 ], [ 36.8304851, -1.2289806 ], [ 36.8307778, -1.229144 ], [ 36.8310093, -1.229144 ], [ 36.8311387, -1.2292529 ], [ 36.8310979, -1.2294095 ], [ 36.8312068, -1.2296954 ], [ 36.8313974, -1.2299337 ], [ 36.831663, -1.2302808 ], [ 36.8316426, -1.2305191 ], [ 36.8317379, -1.2306144 ], [ 36.831983, -1.2305123 ], [ 36.8321532, -1.2305463 ], [ 36.8322418, -1.2306552 ], [ 36.832126, -1.2307914 ], [ 36.8320375, -1.2309207 ], [ 36.8320171, -1.2310977 ], [ 36.8318536, -1.2312883 ], [ 36.8318605, -1.2314313 ], [ 36.8320171, -1.2315198 ], [ 36.8321124, -1.2316219 ], [ 36.8321056, -1.2318533 ], [ 36.832126, -1.2319895 ], [ 36.8323235, -1.2320576 ], [ 36.8324869, -1.2321256 ], [ 36.8327048, -1.2323299 ], [ 36.832875, -1.2323639 ], [ 36.8330452, -1.2323639 ], [ 36.8332631, -1.2325 ], [ 36.8334742, -1.2325545 ], [ 36.8335695, -1.232609 ], [ 36.8340189, -1.2326294 ], [ 36.8345227, -1.2328812 ], [ 36.8348155, -1.2331263 ], [ 36.8351696, -1.2333373 ], [ 36.8354351, -1.2334803 ], [ 36.8356122, -1.2336505 ], [ 36.8358096, -1.2338479 ], [ 36.8359935, -1.2340385 ], [ 36.8362658, -1.2342767 ], [ 36.8365109, -1.2344265 ], [ 36.8368718, -1.2344469 ], [ 36.8371986, -1.2344946 ], [ 36.8375731, -1.2346784 ], [ 36.8378046, -1.2349234 ], [ 36.8383289, -1.2352434 ], [ 36.8385945, -1.2353863 ], [ 36.8388328, -1.2356314 ], [ 36.8390915, -1.2358697 ], [ 36.8393979, -1.2360807 ], [ 36.8397996, -1.2362373 ], [ 36.8401128, -1.2363802 ], [ 36.8403375, -1.2365436 ], [ 36.840819, -1.2365218 ], [ 36.8409489, -1.236459 ] ] } },
{ "type": "Feature", "properties": { "fid": 427, "osm_id": "1013539599", "code": 8101, "fclass": "river", "width": 0, "name": "Ruiruaka River" }, "geometry": { "type": "LineString", "coordinates": [ [ 36.8707972, -1.2387302 ], [ 36.8708374, -1.238684 ], [ 36.8709232, -1.2386411 ], [ 36.8710519, -1.2386497 ], [ 36.8711549, -1.2387269 ], [ 36.8712665, -1.2387012 ], [ 36.871421, -1.2387355 ], [ 36.8714983, -1.2387956 ], [ 36.8716527, -1.2388556 ], [ 36.8717987, -1.2388642 ], [ 36.8719274, -1.2388471 ], [ 36.8720218, -1.238787 ], [ 36.8721248, -1.2387784 ], [ 36.8721935, -1.2388471 ], [ 36.872245, -1.2389329 ], [ 36.872245, -1.239053 ], [ 36.8721677, -1.2391216 ], [ 36.8720733, -1.2391731 ], [ 36.8720905, -1.2392504 ], [ 36.8721849, -1.2392504 ], [ 36.8722707, -1.2391646 ], [ 36.8724252, -1.2391903 ], [ 36.8724853, -1.2392933 ], [ 36.8726055, -1.2393705 ], [ 36.8726999, -1.2393448 ], [ 36.8727943, -1.2392418 ], [ 36.8728973, -1.2391989 ], [ 36.8729917, -1.2392246 ], [ 36.8731205, -1.2393276 ], [ 36.8732492, -1.2394246 ], [ 36.8735754, -1.2394762 ], [ 36.8737481, -1.2394917 ], [ 36.8738414, -1.2395078 ], [ 36.8739273, -1.2395679 ], [ 36.8739873, -1.2396708 ], [ 36.874056, -1.2397566 ], [ 36.874056, -1.2398854 ], [ 36.8740303, -1.2399883 ], [ 36.8740303, -1.2400827 ], [ 36.8740646, -1.2401514 ], [ 36.8741504, -1.2402458 ], [ 36.8741762, -1.2403659 ], [ 36.8742534, -1.2404517 ], [ 36.8743392, -1.2405118 ], [ 36.8744594, -1.2405547 ], [ 36.874571, -1.2404946 ], [ 36.8746397, -1.2404088 ], [ 36.8747341, -1.2403916 ], [ 36.8748027, -1.2404603 ], [ 36.8748199, -1.240589 ], [ 36.8748971, -1.2406748 ], [ 36.874983, -1.240752 ], [ 36.8751203, -1.2407692 ], [ 36.8752405, -1.2407606 ], [ 36.8753435, -1.2407864 ], [ 36.875455, -1.2408121 ], [ 36.8755838, -1.2408464 ], [ 36.8757211, -1.2408464 ], [ 36.8758413, -1.2407692 ], [ 36.8759357, -1.2406748 ], [ 36.8759786, -1.2405461 ], [ 36.8759529, -1.2404775 ], [ 36.8760215, -1.2403831 ], [ 36.8760988, -1.2402973 ], [ 36.8760988, -1.24016 ], [ 36.8760988, -1.2400227 ], [ 36.8761245, -1.2398768 ], [ 36.8761932, -1.2398167 ], [ 36.8762876, -1.2397309 ], [ 36.8762962, -1.2396108 ], [ 36.876279, -1.239525 ], [ 36.8763477, -1.239422 ], [ 36.8764421, -1.2393619 ], [ 36.8765365, -1.2393877 ], [ 36.8766309, -1.2393877 ], [ 36.8766738, -1.2393448 ], [ 36.8767082, -1.2392418 ], [ 36.876794, -1.2391216 ], [ 36.8769142, -1.2390787 ], [ 36.8771202, -1.2391045 ], [ 36.8772661, -1.2391216 ], [ 36.8773777, -1.2392075 ], [ 36.8774807, -1.2392675 ], [ 36.8776008, -1.2393533 ], [ 36.8776952, -1.2394992 ], [ 36.8777553, -1.2396365 ], [ 36.8778068, -1.2397738 ], [ 36.8778926, -1.239851 ], [ 36.8779613, -1.2399111 ], [ 36.8780815, -1.2398682 ], [ 36.8781673, -1.2397395 ], [ 36.878296, -1.2397223 ], [ 36.8783905, -1.2396708 ], [ 36.8784935, -1.2396193 ], [ 36.8784591, -1.2395507 ], [ 36.8785192, -1.2394477 ], [ 36.8786394, -1.239422 ], [ 36.8787338, -1.2393448 ], [ 36.8788539, -1.2392761 ], [ 36.8789569, -1.2393448 ], [ 36.8791029, -1.2393877 ], [ 36.8791973, -1.2393362 ], [ 36.8793003, -1.2394735 ], [ 36.8794118, -1.2395164 ], [ 36.8794891, -1.2395936 ], [ 36.8795406, -1.239688 ], [ 36.8796693, -1.2397566 ], [ 36.8797514, -1.2396948 ], [ 36.8797979, -1.2396297 ], [ 36.8798496, -1.239585 ], [ 36.8799011, -1.2394649 ], [ 36.8799697, -1.2393877 ], [ 36.8800212, -1.2392933 ], [ 36.8801328, -1.2392675 ], [ 36.8802358, -1.2392075 ], [ 36.8803045, -1.2392418 ], [ 36.8803646, -1.2393018 ], [ 36.8804418, -1.2392418 ], [ 36.8804761, -1.2391045 ], [ 36.880562, -1.2390959 ], [ 36.880665, -1.2391302 ], [ 36.8807251, -1.2392332 ], [ 36.8807251, -1.2393276 ], [ 36.8807251, -1.2394391 ], [ 36.8807937, -1.2395078 ], [ 36.8809139, -1.2394906 ], [ 36.881034, -1.2395421 ], [ 36.8811199, -1.2395936 ], [ 36.88118, -1.2396794 ], [ 36.8812229, -1.239791 ], [ 36.8813344, -1.2398768 ], [ 36.8814632, -1.2398768 ], [ 36.8816091, -1.2398081 ], [ 36.8816949, -1.2397481 ], [ 36.8817722, -1.2396365 ], [ 36.8818666, -1.239585 ], [ 36.881961, -1.2394992 ], [ 36.8820297, -1.2393877 ], [ 36.8820983, -1.239319 ], [ 36.8822013, -1.239319 ], [ 36.8823215, -1.2392675 ], [ 36.8823816, -1.2391474 ], [ 36.8824073, -1.2390187 ], [ 36.8825103, -1.2389243 ], [ 36.8825962, -1.2388127 ], [ 36.8826992, -1.2387355 ], [ 36.8828022, -1.2387012 ], [ 36.8829309, -1.2387012 ], [ 36.8830253, -1.2387527 ], [ 36.8831111, -1.2387183 ], [ 36.8831455, -1.238581 ], [ 36.8832227, -1.238521 ], [ 36.8833086, -1.2384094 ], [ 36.8833086, -1.2382635 ], [ 36.8833601, -1.238152 ], [ 36.8835317, -1.2379632 ], [ 36.883669, -1.2379203 ], [ 36.8838493, -1.2378259 ], [ 36.8840235, -1.2376989 ], [ 36.8842176, -1.2376143 ], [ 36.8844355, -1.2375702 ], [ 36.8846672, -1.2376131 ], [ 36.8849161, -1.237656 ], [ 36.8851221, -1.237716 ], [ 36.8852938, -1.2377504 ], [ 36.8855513, -1.2376817 ], [ 36.8857573, -1.2375273 ], [ 36.8858517, -1.2373642 ], [ 36.8860148, -1.237287 ], [ 36.8861607, -1.237184 ], [ 36.8863924, -1.2371497 ], [ 36.8866842, -1.2372012 ], [ 36.8870791, -1.2373642 ], [ 36.8873966, -1.2374243 ], [ 36.8876284, -1.2375444 ], [ 36.8880919, -1.2377075 ], [ 36.8882807, -1.2378018 ], [ 36.8885296, -1.2378362 ], [ 36.888727, -1.2379649 ], [ 36.8888815, -1.2379649 ], [ 36.8890017, -1.2380421 ], [ 36.8892763, -1.2380593 ], [ 36.8895166, -1.2381537 ], [ 36.8897398, -1.2381811 ], [ 36.8899485, -1.2382266 ], [ 36.8900839, -1.2382421 ], [ 36.890107, -1.2382433 ], [ 36.8901301, -1.2382581 ] ] } },
{ "type": "Feature", "properties": { "fid": 428, "osm_id": "1013539600", "code": 8101, "fclass": "river", "width": 0, "name": "Gitathuru River" }, "geometry": { "type": "LineString", "coordinates": [ [ 36.8901301, -1.2382581 ], [ 36.8902284, -1.2382681 ], [ 36.8903002, -1.2382722 ] ] } },
{ "type": "Feature", "properties": { "fid": 429, "osm_id": "1013539601", "code": 8101, "fclass": "river", "width": 0, "name": "Gitathuru River" }, "geometry": { "type": "LineString", "coordinates": [ [ 36.8903002, -1.2382722 ], [ 36.8904666, -1.2382494 ] ] } },
{ "type": "Feature", "properties": { "fid": 430, "osm_id": "1014450276", "code": 8101, "fclass": "river", "width": 0, "name": null }, "geometry": { "type": "LineString", "coordinates": [ [ 36.7760591, -1.2528883 ], [ 36.7763811, -1.2528244 ] ] } },
{ "type": "Feature", "properties": { "fid": 431, "osm_id": "1014450277", "code": 8101, "fclass": "river", "width": 0, "name": null }, "geometry": { "type": "LineString", "coordinates": [ [ 36.7757726, -1.2528189 ], [ 36.7760591, -1.2528883 ] ] } },
{ "type": "Feature", "properties": { "fid": 432, "osm_id": "1014450280", "code": 8102, "fclass": "stream", "width": 0, "name": "Ruiruaka River" }, "geometry": { "type": "LineString", "coordinates": [ [ 36.7926587, -1.2125362 ], [ 36.793573, -1.2127162 ], [ 36.7939861, -1.2129365 ], [ 36.7943718, -1.2133579 ], [ 36.7946579, -1.2133672 ], [ 36.7948398, -1.2133082 ], [ 36.7953036, -1.21306 ], [ 36.7958288, -1.2130052 ], [ 36.7961211, -1.2133066 ], [ 36.7964135, -1.2134984 ], [ 36.7964591, -1.2136217 ], [ 36.796418, -1.2137541 ], [ 36.7961531, -1.2138135 ], [ 36.7960937, -1.2140144 ], [ 36.796176, -1.214293 ], [ 36.7963678, -1.2144482 ], [ 36.796482, -1.2145807 ], [ 36.7966144, -1.2148227 ], [ 36.7967241, -1.2150008 ], [ 36.7969159, -1.2150236 ], [ 36.7970986, -1.2149916 ], [ 36.7974609, -1.2149503 ], [ 36.7975564, -1.2148795 ] ] } },
{ "type": "Feature", "properties": { "fid": 433, "osm_id": "1014450281", "code": 8102, "fclass": "stream", "width": 0, "name": null }, "geometry": { "type": "LineString", "coordinates": [ [ 36.7922422, -1.2121609 ], [ 36.7926587, -1.2125362 ] ] } },
{ "type": "Feature", "properties": { "fid": 434, "osm_id": "1020569657", "code": 8102, "fclass": "stream", "width": 0, "name": "Kirichwa Dogo River" }, "geometry": { "type": "LineString", "coordinates": [ [ 36.7749375, -1.2842031 ], [ 36.774944, -1.2841998 ], [ 36.7752543, -1.2840628 ], [ 36.7753959, -1.2840347 ], [ 36.7755566, -1.2839964 ], [ 36.7759228, -1.2838348 ], [ 36.7760112, -1.2837701 ], [ 36.7760796, -1.2836903 ], [ 36.7761357, -1.2836722 ], [ 36.7762109, -1.2836547 ], [ 36.7771203, -1.2834356 ], [ 36.7774663, -1.2832948 ], [ 36.7777602, -1.2832561 ], [ 36.7779917, -1.2833193 ], [ 36.7781382, -1.2833121 ], [ 36.7782565, -1.2832416 ], [ 36.7788773, -1.2828291 ], [ 36.7788693, -1.2827675 ], [ 36.7788613, -1.2826468 ], [ 36.7788908, -1.2824698 ], [ 36.7789578, -1.2822499 ], [ 36.779041, -1.2820944 ], [ 36.7791509, -1.2819523 ], [ 36.7791858, -1.2818075 ], [ 36.7792475, -1.2816814 ], [ 36.7792448, -1.2814803 ], [ 36.7793011, -1.2810325 ], [ 36.7793011, -1.2807349 ], [ 36.7794621, -1.2803541 ], [ 36.7799507, -1.2797647 ] ] } },
{ "type": "Feature", "properties": { "fid": 435, "osm_id": "1020569658", "code": 8102, "fclass": "stream", "width": 0, "name": "Kirichwa Dogo River" }, "geometry": { "type": "LineString", "coordinates": [ [ 36.7799507, -1.2797647 ], [ 36.7801462, -1.2795205 ] ] } },
{ "type": "Feature", "properties": { "fid": 436, "osm_id": "1020569659", "code": 8102, "fclass": "stream", "width": 0, "name": "Kirichwa Dogo River" }, "geometry": { "type": "LineString", "coordinates": [ [ 36.8008783, -1.2738158 ], [ 36.8012839, -1.2740985 ] ] } },
{ "type": "Feature", "properties": { "fid": 437, "osm_id": "1020569660", "code": 8102, "fclass": "stream", "width": 0, "name": "Kirichwa Dogo River" }, "geometry": { "type": "LineString", "coordinates": [ [ 36.8007021, -1.2733497 ], [ 36.8008783, -1.2738158 ] ] } },
{ "type": "Feature", "properties": { "fid": 438, "osm_id": "1020569661", "code": 8102, "fclass": "stream", "width": 0, "name": "Kirichwa Kubwa River" }, "geometry": { "type": "LineString", "coordinates": [ [ 36.8011659, -1.2741843 ], [ 36.8012839, -1.2740985 ] ] } },
{ "type": "Feature", "properties": { "fid": 439, "osm_id": "1020569662", "code": 8102, "fclass": "stream", "width": 0, "name": "Kirichwa Kubwa River" }, "geometry": { "type": "LineString", "coordinates": [ [ 36.8009891, -1.2745747 ], [ 36.8011659, -1.2741843 ] ] } },
{ "type": "Feature", "properties": { "fid": 440, "osm_id": "1024121133", "code": 8102, "fclass": "stream", "width": 0, "name": null }, "geometry": { "type": "LineString", "coordinates": [ [ 36.8849339, -1.2771447 ], [ 36.8848937, -1.2769544 ] ] } },
{ "type": "Feature", "properties": { "fid": 441, "osm_id": "1024121134", "code": 8102, "fclass": "stream", "width": 0, "name": null }, "geometry": { "type": "LineString", "coordinates": [ [ 36.8849849, -1.2773029 ], [ 36.8849339, -1.2771447 ] ] } },
{ "type": "Feature", "properties": { "fid": 442, "osm_id": "1068834405", "code": 8102, "fclass": "stream", "width": 0, "name": "Ngong River" }, "geometry": { "type": "LineString", "coordinates": [ [ 36.8278295, -1.3040306 ], [ 36.8279811, -1.3043717 ] ] } },
{ "type": "Feature", "properties": { "fid": 443, "osm_id": "1068834406", "code": 8102, "fclass": "stream", "width": 0, "name": "Uhuru Park stream" }, "geometry": { "type": "LineString", "coordinates": [ [ 36.8279811, -1.3043717 ], [ 36.8282072, -1.3049831 ], [ 36.8284303, -1.3051633 ], [ 36.8287155, -1.3053646 ], [ 36.8289797, -1.3055494 ], [ 36.8291857, -1.3056352 ], [ 36.8296749, -1.3057811 ], [ 36.8298634, -1.3058298 ], [ 36.8302381, -1.3059266 ], [ 36.8304388, -1.3059785 ], [ 36.8306019, -1.3060385 ], [ 36.8307993, -1.3060728 ], [ 36.8310224, -1.3061415 ] ] } },
{ "type": "Feature", "properties": { "fid": 444, "osm_id": "1072765855", "code": 8102, "fclass": "stream", "width": 0, "name": null }, "geometry": { "type": "LineString", "coordinates": [ [ 36.9612973, -1.282197 ], [ 36.9613093, -1.281988 ] ] } },
{ "type": "Feature", "properties": { "fid": 445, "osm_id": "1072765856", "code": 8102, "fclass": "stream", "width": 0, "name": null }, "geometry": { "type": "LineString", "coordinates": [ [ 36.9572786, -1.2859959 ], [ 36.9576863, -1.2853953 ], [ 36.9586305, -1.2849019 ], [ 36.9589094, -1.2847034 ], [ 36.9588987, -1.2845211 ], [ 36.959124, -1.2842261 ], [ 36.9592796, -1.2841778 ], [ 36.9593802, -1.2840562 ], [ 36.9594403, -1.2839961 ], [ 36.9595262, -1.2838931 ], [ 36.9596292, -1.2838331 ], [ 36.9596807, -1.2838331 ], [ 36.9597493, -1.2839274 ], [ 36.9598437, -1.2839189 ], [ 36.9599467, -1.2838588 ], [ 36.9600326, -1.2837558 ], [ 36.9600154, -1.2836271 ], [ 36.9600583, -1.2834812 ], [ 36.9601012, -1.2833783 ], [ 36.9601871, -1.2833182 ], [ 36.9602729, -1.2832238 ], [ 36.9602986, -1.2831466 ], [ 36.9602986, -1.2830694 ], [ 36.9604102, -1.2830007 ], [ 36.9604703, -1.2830007 ], [ 36.9606763, -1.2829149 ], [ 36.9607793, -1.2828806 ], [ 36.9608394, -1.2828119 ], [ 36.9608651, -1.2827433 ], [ 36.9609681, -1.282709 ], [ 36.9610368, -1.2826832 ], [ 36.9610883, -1.2825459 ], [ 36.9611418, -1.2825156 ], [ 36.9612914, -1.2824177 ], [ 36.9612973, -1.282197 ] ] } },
{ "type": "Feature", "properties": { "fid": 446, "osm_id": "1089995025", "code": 8102, "fclass": "stream", "width": 0, "name": null }, "geometry": { "type": "LineString", "coordinates": [ [ 36.9019496, -1.2264751 ], [ 36.9019496, -1.2266307 ], [ 36.902014, -1.2266843 ], [ 36.9021481, -1.2267594 ], [ 36.9021589, -1.2268398 ], [ 36.9022018, -1.2268881 ], [ 36.9023037, -1.2268291 ], [ 36.9023949, -1.2268666 ], [ 36.9025022, -1.2269793 ], [ 36.9025826, -1.227049 ], [ 36.9026953, -1.2269793 ], [ 36.902824, -1.226754 ], [ 36.9029367, -1.2266789 ], [ 36.9030923, -1.2267433 ], [ 36.9031727, -1.2268774 ], [ 36.9032478, -1.2269471 ], [ 36.9035268, -1.2269685 ], [ 36.9036555, -1.2269471 ], [ 36.9038701, -1.2268613 ], [ 36.9039774, -1.2268398 ], [ 36.9041973, -1.2267969 ], [ 36.9042724, -1.2267755 ], [ 36.9048142, -1.2268881 ], [ 36.9054365, -1.2269203 ], [ 36.9059528, -1.2268037 ], [ 36.906203, -1.226541 ], [ 36.9064692, -1.2263401 ] ] } },
{ "type": "Feature", "properties": { "fid": 447, "osm_id": "1101830648", "code": 8104, "fclass": "drain", "width": 0, "name": "Kayole Drain" }, "geometry": { "type": "LineString", "coordinates": [ [ 36.9269665, -1.2667529 ], [ 36.922312, -1.2630237 ], [ 36.9223349, -1.2629084 ] ] } },
{ "type": "Feature", "properties": { "fid": 448, "osm_id": "1101830649", "code": 8104, "fclass": "drain", "width": 0, "name": "Kayole Drain" }, "geometry": { "type": "LineString", "coordinates": [ [ 36.9253501, -1.2572927 ], [ 36.9253527, -1.2571601 ] ] } },
{ "type": "Feature", "properties": { "fid": 449, "osm_id": "1101830650", "code": 8104, "fclass": "drain", "width": 0, "name": "Kayole Drain" }, "geometry": { "type": "LineString", "coordinates": [ [ 36.9253527, -1.2571601 ], [ 36.9253796, -1.2570858 ], [ 36.9254297, -1.2570619 ], [ 36.9255314, -1.2570329 ], [ 36.9256684, -1.2569432 ], [ 36.9257563, -1.2568233 ], [ 36.9258324, -1.2567949 ], [ 36.9260367, -1.2567131 ], [ 36.9260881, -1.256718 ], [ 36.9261493, -1.2567355 ], [ 36.9261912, -1.2567065 ], [ 36.926591, -1.2567529 ], [ 36.9267076, -1.2567761 ], [ 36.9268253, -1.2567725 ], [ 36.9269479, -1.2567713 ], [ 36.9270337, -1.2567604 ], [ 36.9273327, -1.2566035 ], [ 36.9277538, -1.2565928 ], [ 36.9283628, -1.2567761 ], [ 36.9284798, -1.2567738 ], [ 36.9285657, -1.2567228 ], [ 36.9289117, -1.2566156 ], [ 36.9290092, -1.2564866 ], [ 36.9291192, -1.256441 ], [ 36.9292242, -1.2562618 ], [ 36.9293342, -1.256184 ], [ 36.9293503, -1.2560848 ], [ 36.9297055, -1.2558101 ], [ 36.9298226, -1.2556274 ], [ 36.9299028, -1.2555658 ], [ 36.930177, -1.2553748 ], [ 36.9302509, -1.2552793 ], [ 36.9302182, -1.2551983 ], [ 36.9302917, -1.2551153 ], [ 36.9303976, -1.255055 ], [ 36.9304013, -1.2549751 ] ] } },
{ "type": "Feature", "properties": { "fid": 450, "osm_id": "1101830651", "code": 8104, "fclass": "drain", "width": 0, "name": "Kayole Drain" }, "geometry": { "type": "LineString", "coordinates": [ [ 36.9304013, -1.2549751 ], [ 36.9303111, -1.2548324 ] ] } },
{ "type": "Feature", "properties": { "fid": 451, "osm_id": "1135667567", "code": 8104, "fclass": "drain", "width": 0, "name": null }, "geometry": { "type": "LineString", "coordinates": [ [ 36.7825407, -1.3149295 ], [ 36.7825366, -1.3149293 ] ] } },
{ "type": "Feature", "properties": { "fid": 452, "osm_id": "1135668112", "code": 8104, "fclass": "drain", "width": 0, "name": "drainage system" }, "geometry": { "type": "LineString", "coordinates": [ [ 36.7821646, -1.3156195 ], [ 36.7821857, -1.3156281 ] ] } },
{ "type": "Feature", "properties": { "fid": 453, "osm_id": "1135668113", "code": 8104, "fclass": "drain", "width": 0, "name": "drainage system" }, "geometry": { "type": "LineString", "coordinates": [ [ 36.7819746, -1.3155065 ], [ 36.7820589, -1.3155672 ], [ 36.7821646, -1.3156195 ] ] } },
{ "type": "Feature", "properties": { "fid": 454, "osm_id": "1135668658", "code": 8104, "fclass": "drain", "width": 0, "name": "drainage system" }, "geometry": { "type": "LineString", "coordinates": [ [ 36.7812564, -1.3162171 ], [ 36.7812568, -1.3163166 ] ] } },
{ "type": "Feature", "properties": { "fid": 455, "osm_id": "1135668659", "code": 8104, "fclass": "drain", "width": 0, "name": "drainage system" }, "geometry": { "type": "LineString", "coordinates": [ [ 36.7816549, -1.3160749 ], [ 36.7812564, -1.3162171 ] ] } },
{ "type": "Feature", "properties": { "fid": 456, "osm_id": "1135669285", "code": 8104, "fclass": "drain", "width": 0, "name": "drainage system" }, "geometry": { "type": "LineString", "coordinates": [ [ 36.7831442, -1.3160549 ], [ 36.7831897, -1.3160506 ], [ 36.7832213, -1.3160616 ], [ 36.7834097, -1.316264 ], [ 36.7834283, -1.3162901 ], [ 36.7835367, -1.3164338 ], [ 36.7836422, -1.3165566 ], [ 36.7837123, -1.3166487 ] ] } },
{ "type": "Feature", "properties": { "fid": 457, "osm_id": "1135669286", "code": 8104, "fclass": "drain", "width": 0, "name": "drainage system" }, "geometry": { "type": "LineString", "coordinates": [ [ 36.7830789, -1.315999 ], [ 36.7831442, -1.3160549 ] ] } },
{ "type": "Feature", "properties": { "fid": 458, "osm_id": "1135671746", "code": 8104, "fclass": "drain", "width": 0, "name": "drainage system" }, "geometry": { "type": "LineString", "coordinates": [ [ 36.7817243, -1.3172013 ], [ 36.7817178, -1.3172591 ] ] } },
{ "type": "Feature", "properties": { "fid": 459, "osm_id": "1135671747", "code": 8104, "fclass": "drain", "width": 0, "name": "drainage system" }, "geometry": { "type": "LineString", "coordinates": [ [ 36.781727, -1.3171776 ], [ 36.7817243, -1.3172013 ] ] } },
{ "type": "Feature", "properties": { "fid": 460, "osm_id": "1135671748", "code": 8104, "fclass": "drain", "width": 0, "name": "drainage system" }, "geometry": { "type": "LineString", "coordinates": [ [ 36.7814088, -1.3171322 ], [ 36.7814106, -1.3171878 ] ] } },
{ "type": "Feature", "properties": { "fid": 461, "osm_id": "1135671749", "code": 8104, "fclass": "drain", "width": 0, "name": "drainage system" }, "geometry": { "type": "LineString", "coordinates": [ [ 36.7814082, -1.3171098 ], [ 36.7814088, -1.3171322 ] ] } },
{ "type": "Feature", "properties": { "fid": 462, "osm_id": "1135671750", "code": 8104, "fclass": "drain", "width": 0, "name": "drainage system" }, "geometry": { "type": "LineString", "coordinates": [ [ 36.7811594, -1.3172219 ], [ 36.7811499, -1.3172717 ] ] } },
{ "type": "Feature", "properties": { "fid": 463, "osm_id": "1135671751", "code": 8104, "fclass": "drain", "width": 0, "name": "drainage system" }, "geometry": { "type": "LineString", "coordinates": [ [ 36.7811619, -1.3172097 ], [ 36.7811594, -1.3172219 ] ] } },
{ "type": "Feature", "properties": { "fid": 464, "osm_id": "1135671752", "code": 8104, "fclass": "drain", "width": 0, "name": "drainage system" }, "geometry": { "type": "LineString", "coordinates": [ [ 36.780813, -1.3174168 ], [ 36.7808485, -1.3175185 ] ] } },
{ "type": "Feature", "properties": { "fid": 465, "osm_id": "1135671753", "code": 8104, "fclass": "drain", "width": 0, "name": "drainage system" }, "geometry": { "type": "LineString", "coordinates": [ [ 36.780806, -1.3174004 ], [ 36.780813, -1.3174168 ] ] } },
{ "type": "Feature", "properties": { "fid": 466, "osm_id": "1135672749", "code": 8104, "fclass": "drain", "width": 0, "name": "drainage system" }, "geometry": { "type": "LineString", "coordinates": [ [ 36.7852042, -1.3159932 ], [ 36.7852392, -1.3160601 ] ] } },
{ "type": "Feature", "properties": { "fid": 467, "osm_id": "1135672750", "code": 8104, "fclass": "drain", "width": 0, "name": "drainage system" }, "geometry": { "type": "LineString", "coordinates": [ [ 36.7851857, -1.3159494 ], [ 36.7852042, -1.3159932 ] ] } },
{ "type": "Feature", "properties": { "fid": 468, "osm_id": "1135672751", "code": 8104, "fclass": "drain", "width": 0, "name": null }, "geometry": { "type": "LineString", "coordinates": [ [ 36.7852608, -1.3154318 ], [ 36.7852628, -1.3154546 ] ] } },
{ "type": "Feature", "properties": { "fid": 469, "osm_id": "1135672752", "code": 8104, "fclass": "drain", "width": 0, "name": null }, "geometry": { "type": "LineString", "coordinates": [ [ 36.7852827, -1.3154077 ], [ 36.7852608, -1.3154318 ] ] } },
{ "type": "Feature", "properties": { "fid": 470, "osm_id": "1135672753", "code": 8104, "fclass": "drain", "width": 0, "name": null }, "geometry": { "type": "LineString", "coordinates": [ [ 36.7845077, -1.3157582 ], [ 36.7846745, -1.3161632 ], [ 36.7847075, -1.316257 ] ] } },
{ "type": "Feature", "properties": { "fid": 471, "osm_id": "1135672754", "code": 8104, "fclass": "drain", "width": 0, "name": null }, "geometry": { "type": "LineString", "coordinates": [ [ 36.7845004, -1.3157325 ], [ 36.7845077, -1.3157582 ] ] } },
{ "type": "Feature", "properties": { "fid": 472, "osm_id": "1135672755", "code": 8104, "fclass": "drain", "width": 0, "name": null }, "geometry": { "type": "LineString", "coordinates": [ [ 36.7843789, -1.3157607 ], [ 36.7843832, -1.3157811 ] ] } },
{ "type": "Feature", "properties": { "fid": 473, "osm_id": "1135672756", "code": 8104, "fclass": "drain", "width": 0, "name": null }, "geometry": { "type": "LineString", "coordinates": [ [ 36.7843597, -1.315654 ], [ 36.7843789, -1.3157607 ] ] } },
{ "type": "Feature", "properties": { "fid": 474, "osm_id": "1135672757", "code": 8104, "fclass": "drain", "width": 0, "name": null }, "geometry": { "type": "LineString", "coordinates": [ [ 36.7843832, -1.3157811 ], [ 36.7844026, -1.3158946 ], [ 36.7844544, -1.3160984 ], [ 36.7845171, -1.316204 ], [ 36.7845324, -1.3162591 ], [ 36.7845534, -1.3162972 ] ] } },
{ "type": "Feature", "properties": { "fid": 475, "osm_id": "1135672758", "code": 8104, "fclass": "drain", "width": 0, "name": "drainage system" }, "geometry": { "type": "LineString", "coordinates": [ [ 36.7843582, -1.315646 ], [ 36.7843597, -1.315654 ] ] } },
{ "type": "Feature", "properties": { "fid": 476, "osm_id": "1138651672", "code": 8102, "fclass": "stream", "width": 0, "name": null }, "geometry": { "type": "LineString", "coordinates": [ [ 36.7717733, -1.3087841 ], [ 36.7718491, -1.3087753 ] ] } },
{ "type": "Feature", "properties": { "fid": 477, "osm_id": "1138691734", "code": 8104, "fclass": "drain", "width": 0, "name": "Drainage" }, "geometry": { "type": "LineString", "coordinates": [ [ 36.7733348, -1.3109227 ], [ 36.7733316, -1.3109248 ] ] } },
{ "type": "Feature", "properties": { "fid": 478, "osm_id": "1138691735", "code": 8104, "fclass": "drain", "width": 0, "name": "Drainage" }, "geometry": { "type": "LineString", "coordinates": [ [ 36.7736549, -1.3106876 ], [ 36.7736357, -1.3106674 ], [ 36.7735838, -1.3107023 ], [ 36.7735333, -1.310737 ], [ 36.7734265, -1.3108252 ], [ 36.7733501, -1.310877 ], [ 36.7733565, -1.3109074 ], [ 36.7733348, -1.3109227 ] ] } },
{ "type": "Feature", "properties": { "fid": 479, "osm_id": "1138691736", "code": 8104, "fclass": "drain", "width": 0, "name": "drainage system" }, "geometry": { "type": "LineString", "coordinates": [ [ 36.7740584, -1.3113758 ], [ 36.7740331, -1.3113434 ] ] } },
{ "type": "Feature", "properties": { "fid": 480, "osm_id": "1144808344", "code": 8102, "fclass": "stream", "width": 0, "name": "Kirimiri stream" }, "geometry": { "type": "LineString", "coordinates": [ [ 36.7963431, -1.2958476 ], [ 36.7963898, -1.2959364 ], [ 36.7964388, -1.2959947 ], [ 36.7965089, -1.2959971 ], [ 36.7966, -1.295976 ], [ 36.7966443, -1.2959457 ], [ 36.796712, -1.295913 ], [ 36.7967774, -1.2958967 ], [ 36.7968405, -1.2959294 ], [ 36.7969432, -1.2960111 ], [ 36.7970716, -1.2960624 ], [ 36.7971837, -1.2960694 ], [ 36.7972678, -1.2960671 ], [ 36.7973191, -1.2960624 ], [ 36.7973472, -1.2960834 ], [ 36.7973588, -1.2961091 ], [ 36.7973658, -1.2961838 ], [ 36.7974125, -1.2962725 ], [ 36.797508, -1.2964527 ], [ 36.7976437, -1.2964966 ], [ 36.7977978, -1.296548 ], [ 36.7979706, -1.2965666 ], [ 36.798092, -1.296569 ], [ 36.7981504, -1.2965503 ], [ 36.7982088, -1.29652 ], [ 36.7982672, -1.29652 ], [ 36.7983185, -1.296541 ], [ 36.7983559, -1.296576 ], [ 36.7984189, -1.2966063 ], [ 36.7985053, -1.2966297 ], [ 36.79858, -1.296639 ], [ 36.7986968, -1.296632 ], [ 36.7987809, -1.2966297 ], [ 36.7988859, -1.2966787 ], [ 36.7989653, -1.296695 ], [ 36.7990354, -1.296688 ], [ 36.7991311, -1.296674 ], [ 36.7992479, -1.2966554 ], [ 36.7993202, -1.2966694 ], [ 36.7993973, -1.296695 ], [ 36.7995164, -1.2967511 ], [ 36.7996407, -1.296862 ], [ 36.7997985, -1.2969284 ], [ 36.7999273, -1.2969753 ], [ 36.8000375, -1.2969836 ], [ 36.8001605, -1.2970054 ], [ 36.800258, -1.2970722 ], [ 36.800435, -1.2971996 ], [ 36.8005946, -1.2973752 ], [ 36.8008305, -1.2976016 ], [ 36.8009286, -1.297789 ], [ 36.8010589, -1.298017 ], [ 36.8011278, -1.2980974 ], [ 36.8012247, -1.2982581 ], [ 36.8012451, -1.2982841 ] ] } },
{ "type": "Feature", "properties": { "fid": 481, "osm_id": "1144808345", "code": 8102, "fclass": "stream", "width": 0, "name": null }, "geometry": { "type": "LineString", "coordinates": [ [ 36.8012451, -1.2982841 ], [ 36.8012989, -1.2983529 ] ] } },
{ "type": "Feature", "properties": { "fid": 482, "osm_id": "1150644651", "code": 8103, "fclass": "canal", "width": 7, "name": "swamp" }, "geometry": { "type": "LineString", "coordinates": [ [ 36.9559609, -1.2507898 ], [ 36.9560317, -1.2505633 ], [ 36.956106, -1.2503192 ] ] } },
{ "type": "Feature", "properties": { "fid": 483, "osm_id": "1167773629", "code": 8102, "fclass": "stream", "width": 0, "name": "Mathare River" }, "geometry": { "type": "LineString", "coordinates": [ [ 36.8385471, -1.2631237 ], [ 36.8386416, -1.2631752 ], [ 36.8387617, -1.2632009 ], [ 36.838839, -1.2632267 ], [ 36.8389739, -1.2633924 ] ] } },
{ "type": "Feature", "properties": { "fid": 484, "osm_id": "1182169220", "code": 8102, "fclass": "stream", "width": 0, "name": null }, "geometry": { "type": "LineString", "coordinates": [ [ 36.7271957, -1.2718661 ], [ 36.7270482, -1.272145 ], [ 36.726957, -1.2723595 ], [ 36.7269006, -1.272507 ], [ 36.7268497, -1.2725713 ], [ 36.7267585, -1.272625 ], [ 36.72667, -1.2726867 ], [ 36.7265466, -1.2727403 ], [ 36.7264098, -1.2727939 ], [ 36.7262998, -1.2728958 ], [ 36.7261925, -1.2730058 ], [ 36.7259833, -1.2731077 ], [ 36.7258304, -1.2731184 ], [ 36.7256802, -1.2731023 ], [ 36.7255783, -1.273172 ], [ 36.7255595, -1.2732927 ], [ 36.7255676, -1.2734294 ], [ 36.7255971, -1.2735447 ], [ 36.7256335, -1.2736142 ] ] } },
{ "type": "Feature", "properties": { "fid": 485, "osm_id": "1182169221", "code": 8102, "fclass": "stream", "width": 0, "name": null }, "geometry": { "type": "LineString", "coordinates": [ [ 36.7200798, -1.2705334 ], [ 36.7200583, -1.2708337 ], [ 36.720053, -1.2710858 ], [ 36.7200905, -1.271252 ], [ 36.7201267, -1.2713673 ], [ 36.7201602, -1.2714867 ], [ 36.7202099, -1.2716033 ], [ 36.7202434, -1.2716703 ], [ 36.7202903, -1.2717347 ], [ 36.7203681, -1.2717937 ], [ 36.7204392, -1.2718339 ], [ 36.7205827, -1.2718822 ], [ 36.7206484, -1.271901 ], [ 36.7207275, -1.2719117 ], [ 36.7207892, -1.27196 ], [ 36.7208254, -1.2720645 ], [ 36.720871, -1.2721557 ], [ 36.72093, -1.2722415 ], [ 36.720989, -1.2723193 ], [ 36.7211285, -1.2723354 ], [ 36.7212197, -1.2724024 ], [ 36.7212895, -1.2725124 ], [ 36.7213726, -1.2725499 ], [ 36.721386, -1.2726116 ], [ 36.7214343, -1.2726786 ], [ 36.7215255, -1.2727456 ], [ 36.7216194, -1.2727483 ] ] } },
{ "type": "Feature", "properties": { "fid": 486, "osm_id": "1182169222", "code": 8102, "fclass": "stream", "width": 0, "name": null }, "geometry": { "type": "LineString", "coordinates": [ [ 36.7207718, -1.2710482 ], [ 36.7209139, -1.2712064 ], [ 36.7209864, -1.2713057 ], [ 36.72104, -1.2714505 ], [ 36.72104, -1.2715255 ], [ 36.7210534, -1.2716087 ], [ 36.7211312, -1.2717562 ], [ 36.7211875, -1.2718393 ], [ 36.7212144, -1.2719814 ], [ 36.7212385, -1.2720726 ], [ 36.7212841, -1.2721664 ], [ 36.7213324, -1.2722549 ], [ 36.7213806, -1.2723649 ], [ 36.7214665, -1.272507 ], [ 36.7215362, -1.2726035 ], [ 36.7215738, -1.2726813 ], [ 36.7216194, -1.2727483 ], [ 36.7217052, -1.2728502 ], [ 36.7217723, -1.2729521 ], [ 36.7218447, -1.2731103 ], [ 36.7218903, -1.2731988 ], [ 36.7219681, -1.2733007 ], [ 36.7221206, -1.2734282 ] ] } },
{ "type": "Feature", "properties": { "fid": 487, "osm_id": "1187790798", "code": 8102, "fclass": "stream", "width": 0, "name": null }, "geometry": { "type": "LineString", "coordinates": [ [ 36.8777776, -1.3939031 ], [ 36.8781209, -1.3942195 ], [ 36.8783623, -1.394552 ], [ 36.8786681, -1.3947557 ], [ 36.8792689, -1.3949059 ], [ 36.880036, -1.3951151 ], [ 36.8805778, -1.3951526 ], [ 36.8812001, -1.3952384 ], [ 36.8816507, -1.39541 ], [ 36.8825412, -1.3959624 ], [ 36.8828308, -1.3962305 ], [ 36.8835282, -1.3967024 ], [ 36.884011, -1.3971637 ], [ 36.8844294, -1.3970671 ], [ 36.8848479, -1.3972816 ], [ 36.8852019, -1.3973996 ], [ 36.885735, -1.3973277 ] ] } },
{ "type": "Feature", "properties": { "fid": 488, "osm_id": "1187790799", "code": 8102, "fclass": "stream", "width": 0, "name": null }, "geometry": { "type": "LineString", "coordinates": [ [ 36.8998575, -1.3911734 ], [ 36.9000184, -1.3914415 ], [ 36.9000775, -1.3916936 ], [ 36.8999863, -1.3918652 ], [ 36.8999219, -1.3921119 ], [ 36.9000238, -1.3923827 ], [ 36.9000453, -1.3926937 ], [ 36.8999836, -1.3929351 ], [ 36.8998602, -1.393163 ], [ 36.8998843, -1.3933346 ], [ 36.8999407, -1.3934499 ], [ 36.9000319, -1.3935598 ], [ 36.9000292, -1.3936832 ], [ 36.9000936, -1.3938602 ], [ 36.9001472, -1.394021 ], [ 36.9002491, -1.3942677 ], [ 36.9004154, -1.3944286 ], [ 36.9004825, -1.3945908 ], [ 36.9005361, -1.3946887 ], [ 36.9005857, -1.3948107 ], [ 36.9005831, -1.3949019 ], [ 36.9005281, -1.3949743 ], [ 36.900465, -1.3950333 ], [ 36.9003698, -1.3950936 ], [ 36.9003202, -1.3951714 ], [ 36.9003215, -1.3953604 ], [ 36.9003859, -1.3954435 ], [ 36.9005308, -1.3955454 ], [ 36.9006193, -1.3956299 ], [ 36.9007319, -1.3958712 ], [ 36.9007856, -1.3962198 ], [ 36.9008016, -1.396563 ], [ 36.9005871, -1.3969599 ], [ 36.9003296, -1.3972173 ], [ 36.9003081, -1.3976463 ], [ 36.9002652, -1.398129 ], [ 36.9000399, -1.3983757 ], [ 36.8998468, -1.3986331 ], [ 36.8998146, -1.3989977 ], [ 36.8997931, -1.3992444 ], [ 36.8997019, -1.3996895 ], [ 36.899718, -1.4000328 ], [ 36.8996859, -1.400199 ], [ 36.8995249, -1.4003545 ], [ 36.8994445, -1.4005744 ], [ 36.8992728, -1.4006817 ], [ 36.8991333, -1.400864 ], [ 36.8989026, -1.4009713 ], [ 36.8986666, -1.401159 ], [ 36.8982804, -1.4012823 ], [ 36.8980122, -1.4015129 ], [ 36.8979639, -1.4019366 ], [ 36.8978727, -1.4021725 ], [ 36.8977278, -1.4024621 ], [ 36.8978459, -1.4025265 ], [ 36.8979478, -1.4026445 ], [ 36.8979531, -1.4028053 ], [ 36.8980014, -1.4029662 ], [ 36.897878, -1.4030788 ], [ 36.8977869, -1.4031539 ], [ 36.8976635, -1.4034167 ], [ 36.8975991, -1.4035561 ], [ 36.8976313, -1.4036205 ], [ 36.8977976, -1.4036956 ], [ 36.8978459, -1.403835 ], [ 36.8977708, -1.4039369 ], [ 36.8976206, -1.4039691 ], [ 36.8974435, -1.4041192 ], [ 36.8974596, -1.4042479 ], [ 36.8977278, -1.4043874 ], [ 36.8978673, -1.4045161 ], [ 36.8978244, -1.4047306 ], [ 36.8977171, -1.4048593 ], [ 36.897642, -1.404988 ], [ 36.8976635, -1.4051167 ], [ 36.8977708, -1.4052401 ], [ 36.8977708, -1.4053956 ], [ 36.8978834, -1.405594 ], [ 36.89798, -1.4057549 ], [ 36.8979102, -1.4058407 ], [ 36.8978083, -1.4059479 ], [ 36.8979049, -1.4060552 ], [ 36.8980604, -1.4060874 ], [ 36.8981302, -1.4061678 ], [ 36.8980926, -1.4062644 ], [ 36.8981463, -1.4063394 ], [ 36.8982911, -1.4063609 ], [ 36.8982589, -1.4064789 ], [ 36.8981516, -1.4065861 ], [ 36.8980765, -1.406806 ], [ 36.8981409, -1.4069293 ], [ 36.8983501, -1.4067792 ], [ 36.8983877, -1.4068328 ], [ 36.8983501, -1.4069347 ], [ 36.898495, -1.4070259 ], [ 36.8985325, -1.4071331 ], [ 36.898495, -1.4072189 ], [ 36.8985808, -1.4073798 ], [ 36.8986291, -1.4075621 ], [ 36.8986827, -1.4077016 ], [ 36.8988597, -1.4078196 ], [ 36.899144, -1.4081145 ], [ 36.8992651, -1.4081765 ], [ 36.899533, -1.4083558 ], [ 36.8996859, -1.408514 ], [ 36.8997636, -1.4085704 ], [ 36.8999004, -1.4086937 ], [ 36.9000587, -1.4087634 ], [ 36.9002143, -1.4088278 ], [ 36.9002008, -1.4089672 ], [ 36.9000962, -1.4090691 ], [ 36.8999943, -1.4089887 ], [ 36.8997771, -1.4088868 ], [ 36.8996617, -1.4089297 ], [ 36.8995786, -1.4090342 ], [ 36.8995142, -1.4091388 ], [ 36.8995035, -1.4093238 ], [ 36.8996161, -1.4094257 ], [ 36.8999219, -1.4096215 ], [ 36.9000775, -1.4097502 ], [ 36.9001204, -1.4099164 ], [ 36.900174, -1.4100505 ], [ 36.9003725, -1.4101685 ], [ 36.9006622, -1.4102435 ], [ 36.9007909, -1.4101792 ], [ 36.9010591, -1.4100558 ], [ 36.9011986, -1.4101363 ], [ 36.9012898, -1.4103079 ], [ 36.9014239, -1.4107369 ], [ 36.9017029, -1.4108066 ], [ 36.9021749, -1.4108924 ], [ 36.9027221, -1.4110104 ], [ 36.9030064, -1.4111552 ], [ 36.9033248, -1.4113305 ] ] } },
{ "type": "Feature", "properties": { "fid": 489, "osm_id": "1187794620", "code": 8102, "fclass": "stream", "width": 0, "name": null }, "geometry": { "type": "LineString", "coordinates": [ [ 36.9367003, -1.4001883 ], [ 36.9367003, -1.400864 ], [ 36.9367433, -1.4011053 ], [ 36.9367671, -1.4015544 ], [ 36.9367754, -1.4017113 ], [ 36.9368184, -1.4022476 ], [ 36.9369954, -1.4029662 ], [ 36.9372261, -1.4033738 ], [ 36.9374245, -1.4037385 ], [ 36.937505, -1.4041621 ], [ 36.9374782, -1.4044785 ], [ 36.9373226, -1.4048057 ], [ 36.937387, -1.4051328 ], [ 36.937505, -1.4054867 ], [ 36.9376874, -1.4057227 ], [ 36.9377625, -1.4059908 ], [ 36.9380844, -1.4062161 ], [ 36.9383848, -1.406377 ], [ 36.938535, -1.4065593 ], [ 36.9386637, -1.4067899 ], [ 36.9387281, -1.4071492 ], [ 36.939007, -1.407782 ] ] } },
{ "type": "Feature", "properties": { "fid": 490, "osm_id": "1187794621", "code": 8102, "fclass": "stream", "width": 0, "name": null }, "geometry": { "type": "LineString", "coordinates": [ [ 36.941303, -1.40583 ], [ 36.9412011, -1.4060981 ], [ 36.9409597, -1.4063019 ], [ 36.9408578, -1.4065379 ], [ 36.9405574, -1.4067524 ], [ 36.9404072, -1.4070151 ], [ 36.9400477, -1.4072618 ], [ 36.9399244, -1.4075353 ], [ 36.9396239, -1.4079054 ], [ 36.9395059, -1.4080716 ], [ 36.9394308, -1.408211 ] ] } },
{ "type": "Feature", "properties": { "fid": 491, "osm_id": "1187794626", "code": 8102, "fclass": "stream", "width": 0, "name": null }, "geometry": { "type": "LineString", "coordinates": [ [ 36.9054902, -1.3924926 ], [ 36.9055116, -1.3926642 ], [ 36.9055653, -1.3927876 ], [ 36.9055599, -1.3929377 ], [ 36.9056189, -1.3930879 ], [ 36.9056591, -1.3932461 ], [ 36.9055974, -1.3934633 ], [ 36.9056162, -1.39371 ], [ 36.9057021, -1.3940613 ], [ 36.9057772, -1.3943535 ], [ 36.9057021, -1.3945466 ], [ 36.9056779, -1.3948174 ], [ 36.9056725, -1.3950293 ], [ 36.9056806, -1.3951794 ], [ 36.9055545, -1.3952867 ], [ 36.9053802, -1.3954583 ], [ 36.9053373, -1.3955307 ], [ 36.9053265, -1.3956701 ], [ 36.9053104, -1.3957666 ], [ 36.9051817, -1.3958739 ], [ 36.905061, -1.3960026 ], [ 36.9048956, -1.3962202 ] ] } },
{ "type": "Feature", "properties": { "fid": 492, "osm_id": "1187794628", "code": 8102, "fclass": "stream", "width": 0, "name": null }, "geometry": { "type": "LineString", "coordinates": [ [ 36.9390392, -1.416872 ], [ 36.9390339, -1.4170757 ], [ 36.9389856, -1.4172286 ], [ 36.9388944, -1.4173707 ], [ 36.9388297, -1.4174762 ], [ 36.9388032, -1.4175195 ] ] } },
{ "type": "Feature", "properties": { "fid": 493, "osm_id": "1187794629", "code": 8102, "fclass": "stream", "width": 0, "name": null }, "geometry": { "type": "LineString", "coordinates": [ [ 36.9422042, -1.4048647 ], [ 36.9417394, -1.4053625 ], [ 36.941303, -1.40583 ], [ 36.9409329, -1.4061196 ], [ 36.9405198, -1.4063394 ], [ 36.9401067, -1.4065379 ], [ 36.9397527, -1.4068274 ], [ 36.9395703, -1.4070849 ], [ 36.9392592, -1.4073584 ], [ 36.9390875, -1.4075514 ], [ 36.939007, -1.407782 ], [ 36.93905, -1.4079804 ], [ 36.9392216, -1.4081521 ], [ 36.9394308, -1.408211 ], [ 36.9394898, -1.4084363 ], [ 36.9393718, -1.4085543 ], [ 36.9393343, -1.4087044 ], [ 36.9393128, -1.4088546 ], [ 36.9392055, -1.4090852 ], [ 36.9393128, -1.4093158 ], [ 36.9394737, -1.4093694 ], [ 36.9395864, -1.4095142 ], [ 36.9396186, -1.4096858 ], [ 36.9395167, -1.4098574 ], [ 36.9392753, -1.4099861 ], [ 36.9390607, -1.4101256 ], [ 36.9390017, -1.4102972 ], [ 36.93905, -1.4104902 ], [ 36.939168, -1.4106833 ], [ 36.939109, -1.4108764 ], [ 36.9392189, -1.410997 ], [ 36.939227, -1.4110882 ], [ 36.9392055, -1.4111767 ], [ 36.9393128, -1.4112947 ], [ 36.9393423, -1.4113885 ], [ 36.9393906, -1.411536 ], [ 36.939353, -1.411713 ], [ 36.939235, -1.4117237 ], [ 36.939058, -1.4116888 ], [ 36.9389668, -1.4118443 ], [ 36.9391438, -1.4119489 ], [ 36.9391599, -1.4119838 ], [ 36.9391331, -1.4121152 ], [ 36.9392511, -1.4121795 ], [ 36.9393021, -1.4122841 ], [ 36.9392511, -1.4123511 ], [ 36.9391519, -1.4123806 ], [ 36.9390768, -1.412327 ], [ 36.9389775, -1.4123297 ], [ 36.9389158, -1.4124557 ], [ 36.9389963, -1.412571 ], [ 36.9390956, -1.4126675 ], [ 36.9390151, -1.4127346 ], [ 36.9388971, -1.4127453 ], [ 36.9387871, -1.4127372 ], [ 36.9387576, -1.4128606 ], [ 36.9387844, -1.4129598 ], [ 36.93872, -1.4130402 ], [ 36.9386181, -1.4130617 ], [ 36.938594, -1.4131609 ], [ 36.9387898, -1.4133272 ], [ 36.9388837, -1.4134237 ], [ 36.9388112, -1.4135551 ], [ 36.9388542, -1.4136945 ], [ 36.9388863, -1.4137884 ], [ 36.9389722, -1.4138527 ], [ 36.9390956, -1.4138795 ], [ 36.9392243, -1.4139707 ], [ 36.9392619, -1.4140726 ], [ 36.9391653, -1.4141772 ], [ 36.9391331, -1.4142549 ], [ 36.9390902, -1.4143783 ], [ 36.9391572, -1.4145043 ], [ 36.9391492, -1.4146089 ], [ 36.9390714, -1.4147054 ], [ 36.9390419, -1.4147537 ], [ 36.9389925, -1.4148233 ], [ 36.9389413, -1.4148998 ], [ 36.9388407, -1.4149306 ], [ 36.9387817, -1.4149856 ], [ 36.9388032, -1.4150875 ], [ 36.9388099, -1.4151733 ], [ 36.938822, -1.4152524 ], [ 36.93883, -1.4153891 ], [ 36.9388944, -1.4157029 ], [ 36.9388461, -1.4158128 ], [ 36.9387066, -1.4158316 ], [ 36.938602, -1.4160193 ], [ 36.9386637, -1.4161802 ], [ 36.938712, -1.4162311 ], [ 36.9387093, -1.4163249 ], [ 36.9386691, -1.4164215 ], [ 36.9386262, -1.4165287 ], [ 36.9386342, -1.4166655 ], [ 36.9386262, -1.4167111 ], [ 36.9386055, -1.4167407 ], [ 36.9385886, -1.4167647 ], [ 36.9386154, -1.4168666 ], [ 36.9386262, -1.4169336 ], [ 36.9386557, -1.4169926 ], [ 36.9387066, -1.4170757 ], [ 36.9386959, -1.4171843 ], [ 36.9387348, -1.4173211 ], [ 36.9387683, -1.4174203 ], [ 36.9388032, -1.4175195 ], [ 36.9387737, -1.4175986 ], [ 36.9387013, -1.4177112 ], [ 36.9387093, -1.4178373 ], [ 36.9387737, -1.4179606 ], [ 36.9387361, -1.4180732 ], [ 36.9386101, -1.4181429 ], [ 36.9384438, -1.4181912 ], [ 36.9383687, -1.418151 ], [ 36.9382775, -1.4180839 ], [ 36.938197, -1.4181429 ], [ 36.9381997, -1.4182395 ], [ 36.9381273, -1.4183816 ], [ 36.9381005, -1.4184727 ], [ 36.9381863, -1.4185264 ], [ 36.938315, -1.4185585 ], [ 36.9383821, -1.4186122 ], [ 36.9382989, -1.4186873 ], [ 36.9381702, -1.418706 ], [ 36.9380522, -1.4186792 ], [ 36.9379207, -1.4186792 ], [ 36.9378939, -1.4187784 ], [ 36.9379663, -1.4188642 ], [ 36.9381005, -1.4189956 ], [ 36.9381165, -1.4191136 ], [ 36.9380227, -1.4192396 ], [ 36.9379395, -1.4193147 ], [ 36.9379342, -1.4193898 ], [ 36.9379932, -1.4194729 ], [ 36.9380173, -1.4196016 ], [ 36.938071, -1.4197705 ], [ 36.9381165, -1.4199153 ], [ 36.9380924, -1.419977 ], [ 36.9379342, -1.4199958 ], [ 36.9378617, -1.4199502 ], [ 36.9377813, -1.4199743 ], [ 36.9377196, -1.4200843 ], [ 36.9376633, -1.4201781 ], [ 36.9376579, -1.4203229 ], [ 36.9376686, -1.4204167 ], [ 36.9376659, -1.4205347 ] ] } },
{ "type": "Feature", "properties": { "fid": 494, "osm_id": "1187794630", "code": 8102, "fclass": "stream", "width": 0, "name": null }, "geometry": { "type": "LineString", "coordinates": [ [ 36.9376659, -1.4205347 ], [ 36.937505, -1.4208136 ], [ 36.9372582, -1.4208887 ], [ 36.9369605, -1.4209316 ], [ 36.9367486, -1.4211836 ], [ 36.9367808, -1.4214357 ], [ 36.9368559, -1.4217145 ], [ 36.9368505, -1.4218754 ], [ 36.9368613, -1.4220738 ], [ 36.9370276, -1.4221221 ], [ 36.9372797, -1.4221489 ], [ 36.9374353, -1.4222723 ], [ 36.9376552, -1.4225297 ], [ 36.9378805, -1.4225565 ], [ 36.9381487, -1.4225994 ], [ 36.9382775, -1.4227388 ], [ 36.938476, -1.42283 ], [ 36.9385511, -1.4227227 ], [ 36.9386744, -1.4227495 ], [ 36.9387281, -1.4228997 ], [ 36.9389588, -1.4230606 ], [ 36.9391197, -1.4231035 ], [ 36.9392216, -1.4232215 ], [ 36.9393074, -1.4233019 ], [ 36.939455, -1.4233609 ], [ 36.9395435, -1.423503 ], [ 36.9395435, -1.4236076 ], [ 36.9394362, -1.4236961 ], [ 36.9393235, -1.4237122 ], [ 36.9391894, -1.4236719 ], [ 36.939176, -1.4237953 ], [ 36.939066, -1.4238489 ], [ 36.9388542, -1.423798 ], [ 36.9387388, -1.4238543 ], [ 36.9386584, -1.4239776 ], [ 36.938763, -1.4241144 ], [ 36.9388944, -1.4242029 ], [ 36.9389641, -1.4243021 ], [ 36.9389507, -1.4243771 ], [ 36.9389775, -1.4244898 ], [ 36.9391733, -1.4245353 ], [ 36.9393343, -1.4245997 ], [ 36.9394603, -1.4246131 ], [ 36.9395113, -1.424715 ], [ 36.9395944, -1.4247257 ], [ 36.939683, -1.4246131 ], [ 36.9398117, -1.4246292 ], [ 36.9398439, -1.4247043 ], [ 36.9399002, -1.4248786 ], [ 36.9400638, -1.4249751 ], [ 36.9400638, -1.4250314 ], [ 36.9399619, -1.4251467 ], [ 36.9398922, -1.4252406 ], [ 36.9399726, -1.4253049 ], [ 36.9401175, -1.4254524 ], [ 36.9401899, -1.4255677 ], [ 36.9402623, -1.4257125 ], [ 36.940316, -1.4258251 ], [ 36.9402918, -1.4258948 ], [ 36.9402221, -1.4258948 ], [ 36.9401121, -1.4258787 ], [ 36.9399968, -1.4259753 ], [ 36.9399244, -1.4260718 ], [ 36.9398573, -1.4262112 ], [ 36.9397473, -1.4263158 ], [ 36.9398171, -1.426415 ], [ 36.939868, -1.4264713 ], [ 36.939801, -1.4265437 ], [ 36.9397581, -1.4266134 ], [ 36.9397929, -1.4267046 ], [ 36.9399109, -1.4269111 ], [ 36.9399512, -1.427029 ], [ 36.9399056, -1.4270558 ], [ 36.9398493, -1.427088 ], [ 36.939927, -1.427206 ], [ 36.9400156, -1.4273293 ], [ 36.940206, -1.4274768 ], [ 36.9403401, -1.4274393 ], [ 36.9404447, -1.4274581 ], [ 36.9406432, -1.427576 ], [ 36.9408122, -1.4276109 ], [ 36.9409195, -1.4277262 ], [ 36.9409382, -1.4278442 ], [ 36.9409624, -1.4279756 ], [ 36.9408631, -1.4281686 ], [ 36.9407693, -1.4283724 ], [ 36.9407631, -1.4284606 ], [ 36.9407049, -1.4287719 ], [ 36.9406807, -1.4290508 ], [ 36.9406217, -1.4292573 ], [ 36.9406003, -1.4294074 ], [ 36.9405627, -1.4296621 ], [ 36.9405708, -1.4297721 ], [ 36.9407049, -1.4298311 ], [ 36.940788, -1.4299008 ], [ 36.940957, -1.4300912 ], [ 36.9411474, -1.4301957 ], [ 36.941185, -1.4302708 ], [ 36.941225124584264, -1.430489117613747 ] ] } },
{ "type": "Feature", "properties": { "fid": 495, "osm_id": "1187794631", "code": 8102, "fclass": "stream", "width": 0, "name": null }, "geometry": { "type": "LineString", "coordinates": [ [ 36.9294439, -1.4142579 ], [ 36.9295637, -1.4143076 ], [ 36.9297427, -1.4143461 ], [ 36.9300055, -1.4145123 ], [ 36.930365, -1.4145686 ], [ 36.9306251, -1.4146384 ], [ 36.9307029, -1.4148126 ], [ 36.9306922, -1.4150352 ], [ 36.9307673, -1.4152014 ], [ 36.930939, -1.4152068 ], [ 36.931006, -1.4153596 ], [ 36.9311857, -1.4155393 ], [ 36.9311884, -1.4156895 ], [ 36.9310302, -1.4158503 ], [ 36.9310033, -1.4160059 ], [ 36.9310945, -1.4161292 ], [ 36.9311964, -1.4162257 ], [ 36.931462, -1.416207 ], [ 36.9317409, -1.4162418 ], [ 36.9318938, -1.4163732 ], [ 36.9320172, -1.4165609 ], [ 36.9321728, -1.4166521 ], [ 36.9323927, -1.4167486 ], [ 36.9324893, -1.4169524 ], [ 36.9324034, -1.4171991 ], [ 36.932221, -1.4174243 ], [ 36.9321406, -1.4176442 ], [ 36.9323069, -1.4178212 ], [ 36.9326019, -1.4179713 ], [ 36.9326287, -1.4181268 ], [ 36.9326556, -1.418336 ], [ 36.9328165, -1.4183735 ], [ 36.9330794, -1.4183038 ], [ 36.9333368, -1.4182448 ], [ 36.9335353, -1.4182877 ], [ 36.9333959, -1.4184272 ], [ 36.9334334, -1.4185317 ], [ 36.9335219, -1.4185532 ], [ 36.9336963, -1.4185022 ], [ 36.9338196, -1.418462 ], [ 36.9339886, -1.4183199 ], [ 36.9340879, -1.4184164 ], [ 36.9341227, -1.4185612 ], [ 36.9342113, -1.4186658 ], [ 36.9344902, -1.4186444 ], [ 36.9347021, -1.4186712 ], [ 36.9347745, -1.4187972 ], [ 36.9349784, -1.4189125 ], [ 36.935083, -1.4190573 ], [ 36.9353217, -1.4192423 ], [ 36.9354531, -1.4193093 ], [ 36.9355202, -1.4194059 ], [ 36.9355872, -1.4194783 ], [ 36.9356033, -1.4197062 ], [ 36.9356865, -1.4197893 ], [ 36.9358769, -1.4197786 ], [ 36.9360432, -1.4198 ], [ 36.9361585, -1.4199314 ], [ 36.9361317, -1.4201111 ], [ 36.936062, -1.4203309 ], [ 36.9361961, -1.420339 ], [ 36.9364241, -1.420406 ], [ 36.9365796, -1.4204865 ], [ 36.936762, -1.4206608 ], [ 36.9368291, -1.4207921 ], [ 36.9369605, -1.4209316 ] ] } },
{ "type": "Feature", "properties": { "fid": 496, "osm_id": "1187794632", "code": 8102, "fclass": "stream", "width": 0, "name": null }, "geometry": { "type": "LineString", "coordinates": [ [ 36.928246, -1.3964558 ], [ 36.9285464, -1.3971422 ], [ 36.928879, -1.3978715 ], [ 36.9291687, -1.398322 ], [ 36.929394, -1.3989763 ], [ 36.9291794, -1.3994268 ], [ 36.9291578, -1.3995428 ], [ 36.9291365, -1.3996574 ], [ 36.929099, -1.3998558 ], [ 36.9290185, -1.4001722 ], [ 36.9291526, -1.4005369 ], [ 36.9292653, -1.4007621 ], [ 36.9292009, -1.4010303 ], [ 36.9291419, -1.401293 ], [ 36.9291741, -1.40147 ], [ 36.9290399, -1.401765 ], [ 36.9289058, -1.4019795 ], [ 36.9287288, -1.4022262 ], [ 36.9287717, -1.4024192 ], [ 36.9286859, -1.4026016 ], [ 36.9286054, -1.4028643 ], [ 36.9286162, -1.4031003 ], [ 36.9284016, -1.4034918 ], [ 36.9283158, -1.4038994 ], [ 36.9285089, -1.4041782 ], [ 36.9285679, -1.4043177 ], [ 36.9285679, -1.4046019 ], [ 36.9284391, -1.4047038 ], [ 36.9283265, -1.4048325 ], [ 36.9280851, -1.4050095 ], [ 36.9279832, -1.4051382 ], [ 36.927951, -1.4052883 ], [ 36.9278812, -1.4053419 ], [ 36.9276828, -1.4054867 ], [ 36.927672, -1.4057066 ], [ 36.9278115, -1.4058514 ], [ 36.9278651, -1.4060016 ], [ 36.9277632, -1.4061088 ], [ 36.9275862, -1.406082 ], [ 36.9274896, -1.4061142 ], [ 36.9274521, -1.4062161 ], [ 36.9274467, -1.406377 ], [ 36.9273663, -1.4066826 ], [ 36.927259, -1.4072565 ], [ 36.9272482, -1.407648 ], [ 36.9273327, -1.4078946 ], [ 36.9274159, -1.4080006 ], [ 36.9274534, -1.4080756 ], [ 36.9274802, -1.4081454 ], [ 36.927495, -1.408211 ] ] } },
{ "type": "Feature", "properties": { "fid": 497, "osm_id": "1187794633", "code": 8102, "fclass": "stream", "width": 0, "name": null }, "geometry": { "type": "LineString", "coordinates": [ [ 36.9243015, -1.4074977 ], [ 36.9245177, -1.4075246 ], [ 36.9248503, -1.4075729 ], [ 36.9250756, -1.4077338 ], [ 36.9252956, -1.4079429 ], [ 36.9255745, -1.4079697 ], [ 36.9258642, -1.4079268 ], [ 36.9261163, -1.4079322 ], [ 36.9262773, -1.4079322 ], [ 36.9264114, -1.4079 ], [ 36.9266957, -1.4078678 ], [ 36.9268459, -1.4080609 ], [ 36.9269854, -1.4082861 ], [ 36.9272107, -1.4083612 ], [ 36.9273716, -1.4082647 ], [ 36.927495, -1.408211 ], [ 36.9275433, -1.4083237 ], [ 36.927698, -1.4084827 ], [ 36.9277632, -1.4086079 ], [ 36.9278383, -1.4088117 ], [ 36.9278759, -1.4089833 ], [ 36.9279378, -1.4091428 ], [ 36.9278112, -1.4093341 ] ] } },
{ "type": "Feature", "properties": { "fid": 498, "osm_id": "1187794634", "code": 8102, "fclass": "stream", "width": 0, "name": null }, "geometry": { "type": "LineString", "coordinates": [ [ 36.9243015, -1.4074977 ], [ 36.9243729, -1.4076962 ], [ 36.9245928, -1.4079268 ], [ 36.9247323, -1.408211 ], [ 36.9249469, -1.4084577 ], [ 36.925301, -1.4086079 ], [ 36.9256014, -1.408683 ], [ 36.9262022, -1.4088385 ], [ 36.9266313, -1.409053 ], [ 36.9269178, -1.4091023 ], [ 36.9272697, -1.4091495 ], [ 36.9276345, -1.4092782 ], [ 36.9278112, -1.4093341 ] ] } },
{ "type": "Feature", "properties": { "fid": 499, "osm_id": "1187794635", "code": 8102, "fclass": "stream", "width": 0, "name": null }, "geometry": { "type": "LineString", "coordinates": [ [ 36.9214654, -1.3951258 ], [ 36.9213688, -1.395469 ], [ 36.9209719, -1.3957693 ], [ 36.9207466, -1.3962091 ], [ 36.9208109, -1.3966059 ], [ 36.9208324, -1.3968848 ], [ 36.9204783, -1.3971315 ], [ 36.9202638, -1.3973567 ], [ 36.9196308, -1.3977107 ], [ 36.9194054, -1.3982898 ], [ 36.9195878, -1.3986867 ], [ 36.9199955, -1.3991372 ], [ 36.9202423, -1.39977 ], [ 36.9203281, -1.4003277 ], [ 36.9203925, -1.4006817 ], [ 36.920253, -1.4009498 ], [ 36.9203067, -1.4012823 ], [ 36.9204676, -1.4014968 ], [ 36.9207036, -1.4021082 ], [ 36.9208538, -1.4024407 ], [ 36.9212294, -1.4026659 ], [ 36.9214332, -1.4029233 ], [ 36.9216531, -1.4032719 ], [ 36.9217926, -1.4034006 ], [ 36.9220769, -1.4035883 ], [ 36.9223612, -1.4036312 ], [ 36.9225275, -1.403776 ], [ 36.9227689, -1.4040817 ], [ 36.9232303, -1.4044893 ], [ 36.9234341, -1.4048218 ], [ 36.9235897, -1.4053688 ], [ 36.9236916, -1.4054599 ], [ 36.9237935, -1.4053259 ], [ 36.9239598, -1.4053366 ], [ 36.9239974, -1.405594 ], [ 36.9240349, -1.4058192 ], [ 36.9240993, -1.4061088 ], [ 36.9240993, -1.4062322 ], [ 36.9241878, -1.406314 ], [ 36.9242106, -1.4063662 ], [ 36.9241664, -1.4064762 ], [ 36.9241597, -1.4065915 ], [ 36.9240966, -1.4067309 ], [ 36.9240913, -1.4068864 ], [ 36.9241825, -1.407042 ], [ 36.9242495, -1.407353 ], [ 36.9243015, -1.4074977 ] ] } },
{ "type": "Feature", "properties": { "fid": 500, "osm_id": "1187794636", "code": 8102, "fclass": "stream", "width": 0, "name": null }, "geometry": { "type": "LineString", "coordinates": [ [ 36.9111872, -1.3935706 ], [ 36.9112086, -1.3943535 ], [ 36.9111764, -1.3951043 ], [ 36.9111764, -1.3954797 ], [ 36.9112301, -1.3959785 ], [ 36.9111443, -1.3963163 ], [ 36.9112033, -1.3966596 ], [ 36.9111228, -1.3968955 ], [ 36.910978, -1.3972548 ], [ 36.9109297, -1.3975015 ], [ 36.9107795, -1.3980271 ], [ 36.9106883, -1.3984025 ], [ 36.9106024, -1.3985848 ], [ 36.9105059, -1.3987028 ], [ 36.9104093, -1.3988905 ], [ 36.910302, -1.399164 ], [ 36.9101679, -1.3996091 ], [ 36.9101357, -1.3998665 ], [ 36.9101036, -1.4000918 ], [ 36.909948, -1.4003653 ], [ 36.9099534, -1.4005637 ], [ 36.9099658, -1.400596 ], [ 36.910007, -1.4007031 ], [ 36.9099265, -1.4011804 ], [ 36.9098461, -1.4014915 ], [ 36.9097602, -1.401706 ], [ 36.9095939, -1.4019634 ], [ 36.9093525, -1.4021243 ], [ 36.909197, -1.4024246 ], [ 36.9091004, -1.4027356 ], [ 36.9088536, -1.4029448 ], [ 36.908623, -1.4030574 ], [ 36.9085993, -1.4030708 ], [ 36.9084996, -1.4031271 ], [ 36.9084377, -1.4032844 ] ] } },
{ "type": "Feature", "properties": { "fid": 501, "osm_id": "1187794637", "code": 8102, "fclass": "stream", "width": 0, "name": null }, "geometry": { "type": "LineString", "coordinates": [ [ 36.903516, -1.3917579 ], [ 36.9031727, -1.3920797 ], [ 36.9029581, -1.3925087 ], [ 36.9028294, -1.3927125 ], [ 36.9026551, -1.3928627 ], [ 36.9025049, -1.3930665 ], [ 36.9024754, -1.3932461 ], [ 36.9024888, -1.3933829 ], [ 36.9025478, -1.3935384 ], [ 36.9025987, -1.393651 ], [ 36.9026309, -1.3938253 ], [ 36.9027382, -1.3941176 ], [ 36.9029421, -1.3943535 ], [ 36.9032586, -1.3949971 ], [ 36.9035804, -1.3952974 ], [ 36.9042134, -1.395705 ], [ 36.9047928, -1.396134 ], [ 36.9048956, -1.3962202 ], [ 36.9051254, -1.3964129 ], [ 36.9053164, -1.3966994 ], [ 36.9055116, -1.396992 ], [ 36.905576, -1.3972387 ], [ 36.9057476, -1.3978179 ], [ 36.9061446, -1.3981611 ], [ 36.9063163, -1.3983542 ], [ 36.9063485, -1.398794 ], [ 36.9065308, -1.3991908 ], [ 36.9066274, -1.3994697 ], [ 36.9064665, -1.3999201 ], [ 36.906563, -1.4003921 ], [ 36.9065523, -1.4007246 ], [ 36.9065308, -1.4010678 ], [ 36.9066811, -1.4012823 ], [ 36.9068956, -1.401529 ], [ 36.90696, -1.4017864 ], [ 36.9070136, -1.4019258 ], [ 36.9072336, -1.4024514 ], [ 36.907593, -1.4027839 ], [ 36.9078827, -1.4029394 ], [ 36.9081777, -1.4031057 ], [ 36.9082716, -1.4031702 ], [ 36.9084377, -1.4032844 ], [ 36.9085211, -1.4033416 ], [ 36.9087303, -1.4036259 ], [ 36.9088536, -1.4039744 ], [ 36.908977, -1.4043391 ], [ 36.9090843, -1.4047735 ], [ 36.9092077, -1.4049022 ], [ 36.9094598, -1.4049397 ], [ 36.9097817, -1.4048486 ], [ 36.9099641, -1.4049022 ], [ 36.9100338, -1.4050524 ], [ 36.9102162, -1.4052561 ], [ 36.9103503, -1.405299 ], [ 36.9105488, -1.4053098 ], [ 36.9105434, -1.4054278 ], [ 36.9104308, -1.4056101 ], [ 36.9105059, -1.4057924 ], [ 36.910522, -1.4058461 ], [ 36.9104791, -1.4060391 ], [ 36.9105595, -1.4063073 ], [ 36.9106346, -1.406511 ], [ 36.9105542, -1.4066719 ], [ 36.9103503, -1.4068972 ], [ 36.9103879, -1.4071331 ], [ 36.9103879, -1.4071975 ], [ 36.9103804, -1.4072293 ], [ 36.9105569, -1.4075568 ], [ 36.9108063, -1.4077498 ], [ 36.9110799, -1.4079644 ], [ 36.9112891, -1.4081574 ], [ 36.9113374, -1.4083558 ], [ 36.9114125, -1.4086186 ], [ 36.9114581, -1.4088841 ], [ 36.9114795, -1.4090342 ], [ 36.9116163, -1.4092139 ], [ 36.9116431, -1.4094016 ], [ 36.9116539, -1.409659 ], [ 36.9113261, -1.4099046 ] ] } },
{ "type": "Feature", "properties": { "fid": 502, "osm_id": "1188718730", "code": 8102, "fclass": "stream", "width": 0, "name": null }, "geometry": { "type": "LineString", "coordinates": [ [ 37.034921323921864, -1.212498946323655 ], [ 37.0350681, -1.212615 ], [ 37.0351394, -1.212672 ], [ 37.0352014, -1.2126664 ], [ 37.0352251, -1.2126857 ], [ 37.0352556, -1.2126942 ], [ 37.0353132, -1.2127359 ], [ 37.0354052, -1.2128366 ], [ 37.0354671, -1.212864 ], [ 37.0357146, -1.2127349 ], [ 37.0359678, -1.2125974 ], [ 37.0360799, -1.2126351 ], [ 37.0361658, -1.2126389 ], [ 37.036259, -1.2126995 ], [ 37.0363824, -1.2126712 ], [ 37.0364494, -1.2127073 ], [ 37.0365811, -1.2128805 ], [ 37.0367504, -1.2129434 ], [ 37.036936, -1.2130828 ], [ 37.0376072, -1.2130006 ], [ 37.0377474, -1.2129671 ], [ 37.0378904, -1.2129329 ], [ 37.0381788, -1.2128519 ], [ 37.0386953, -1.2126101 ] ] } },
{ "type": "Feature", "properties": { "fid": 503, "osm_id": "1199315477", "code": 8102, "fclass": "stream", "width": 0, "name": null }, "geometry": { "type": "LineString", "coordinates": [ [ 36.9368187, -1.1718783 ], [ 36.9373235, -1.1721642 ], [ 36.9394591, -1.1726991 ], [ 36.9395828, -1.1727428 ], [ 36.939754, -1.1730221 ], [ 36.9398686, -1.1732384 ], [ 36.9399627, -1.1732895 ], [ 36.9400982, -1.1732999 ], [ 36.940137, -1.1734206 ], [ 36.9401731, -1.173511 ], [ 36.9401841, -1.1735305 ], [ 36.9405373, -1.1741556 ], [ 36.9405502, -1.1741715 ], [ 36.940714849124674, -1.174375387637586 ] ] } },
{ "type": "Feature", "properties": { "fid": 504, "osm_id": "1200013149", "code": 8102, "fclass": "stream", "width": 0, "name": "Ruiruaka River" }, "geometry": { "type": "LineString", "coordinates": [ [ 36.785477721982375, -1.206502727410731 ], [ 36.7856752, -1.2066612 ], [ 36.7859126, -1.2066004 ], [ 36.7863715, -1.2066727 ], [ 36.7865812, -1.2067084 ], [ 36.7868396, -1.2067278 ], [ 36.7871839, -1.2065626 ], [ 36.7874707, -1.2064667 ], [ 36.7876535, -1.2064578 ], [ 36.7877579, -1.2065455 ], [ 36.7877265, -1.2068229 ], [ 36.7877202, -1.2071252 ], [ 36.7879574, -1.2076383 ], [ 36.7881319, -1.2078774 ], [ 36.7884318, -1.2079464 ], [ 36.7887961, -1.2077223 ], [ 36.7892006, -1.207863 ], [ 36.7894008, -1.2084623 ], [ 36.7900617, -1.2087377 ], [ 36.7905299, -1.2089304 ], [ 36.7907915, -1.2101419 ], [ 36.7908328, -1.2106099 ], [ 36.7913148, -1.2109128 ], [ 36.791659, -1.2117801 ], [ 36.7922422, -1.2121609 ] ] } },
{ "type": "Feature", "properties": { "fid": 505, "osm_id": "1201564605", "code": 8102, "fclass": "stream", "width": 0, "name": "Gatharaini River" }, "geometry": { "type": "LineString", "coordinates": [ [ 36.9332125, -1.2224529 ], [ 36.9334481, -1.2222221 ], [ 36.9336015, -1.2221211 ], [ 36.9337274, -1.2219411 ], [ 36.9338768, -1.2218093 ], [ 36.9339803, -1.221754 ], [ 36.934108, -1.2216851 ], [ 36.9341363, -1.2216699 ], [ 36.934175, -1.2216396 ], [ 36.9342302, -1.2216776 ], [ 36.93426, -1.2217522 ], [ 36.9342992, -1.221802 ], [ 36.9345052, -1.2218723 ], [ 36.9347848, -1.2219004 ], [ 36.9349091, -1.2218944 ], [ 36.9349833, -1.2219178 ], [ 36.935081, -1.2219636 ], [ 36.9352558, -1.2219615 ], [ 36.9353999, -1.2220211 ], [ 36.935775, -1.2219166 ], [ 36.9359719, -1.2219585 ], [ 36.9360642, -1.2219293 ], [ 36.9361639, -1.2219081 ], [ 36.9364011, -1.221902 ], [ 36.9366407, -1.2219386 ], [ 36.9367777, -1.2219826 ], [ 36.936892, -1.2220971 ], [ 36.9369678, -1.2222432 ], [ 36.9369947, -1.222308 ], [ 36.9371162, -1.2223758 ], [ 36.9372256, -1.2224728 ], [ 36.9373666, -1.2225469 ], [ 36.9374591, -1.2225787 ], [ 36.937609, -1.2225987 ], [ 36.9377801, -1.2226057 ], [ 36.937892, -1.2226286 ], [ 36.9380362, -1.2226992 ], [ 36.9380916, -1.2227104 ], [ 36.9381253, -1.2226973 ], [ 36.9381607, -1.2226576 ], [ 36.9381893, -1.2226395 ], [ 36.938234, -1.2225929 ], [ 36.9382992, -1.2225306 ], [ 36.9384179, -1.2224841 ], [ 36.9386323, -1.2225198 ], [ 36.9387468, -1.2225665 ], [ 36.9388334, -1.2225501 ], [ 36.939472, -1.222816 ], [ 36.9396361, -1.2229516 ], [ 36.9397649, -1.2227841 ], [ 36.9398999, -1.2227419 ], [ 36.9401163, -1.2227978 ], [ 36.940277, -1.2228664 ], [ 36.9403026, -1.2228945 ], [ 36.9403282, -1.2230367 ], [ 36.9403499, -1.2230888 ], [ 36.9403789, -1.2231081 ], [ 36.9404251, -1.2230971 ], [ 36.9404575, -1.2230769 ], [ 36.940512, -1.2230995 ], [ 36.9405762, -1.2231375 ], [ 36.940634, -1.2231867 ], [ 36.9406919, -1.2231986 ], [ 36.9407338, -1.2232165 ], [ 36.9407864, -1.2233055 ], [ 36.9408323, -1.2233489 ], [ 36.9408779, -1.2233977 ], [ 36.9409334, -1.2233917 ], [ 36.940979, -1.2234157 ], [ 36.9410379, -1.2234854 ], [ 36.9410952, -1.2235011 ], [ 36.9411132, -1.2235347 ], [ 36.9411465, -1.2236955 ], [ 36.9411802, -1.2237275 ], [ 36.9412454, -1.2237467 ], [ 36.9412975, -1.2237863 ], [ 36.9413476, -1.2238138 ], [ 36.9413892, -1.2238179 ], [ 36.9414233, -1.2238249 ], [ 36.9414748, -1.2238294 ], [ 36.9415342, -1.2238063 ], [ 36.9415582, -1.2238276 ], [ 36.9416114, -1.2238242 ], [ 36.9416386, -1.2238149 ], [ 36.9416817, -1.2238353 ], [ 36.9417195, -1.2238741 ], [ 36.9418258, -1.224005 ], [ 36.9418792, -1.2240446 ], [ 36.9419286, -1.2240722 ], [ 36.9419842, -1.2240863 ], [ 36.9420473, -1.224132 ], [ 36.9420975, -1.2242085 ], [ 36.9421312, -1.224331 ], [ 36.9421732, -1.2243896 ], [ 36.9422078, -1.2244398 ], [ 36.9422865, -1.2245534 ], [ 36.9423368, -1.2245516 ], [ 36.9423844, -1.2245798 ], [ 36.9423757, -1.2246283 ], [ 36.942389, -1.2246612 ], [ 36.9424145, -1.2246614 ], [ 36.9424405, -1.2246217 ], [ 36.9424852, -1.2246118 ], [ 36.9425201, -1.2246248 ], [ 36.9425656, -1.2246712 ], [ 36.9426297, -1.2247498 ], [ 36.9427522, -1.2248288 ], [ 36.9428359, -1.2248877 ], [ 36.9430694, -1.2250061 ], [ 36.9431114, -1.2250245 ], [ 36.9431451, -1.2250617 ], [ 36.9431886, -1.2250839 ], [ 36.9432581, -1.2251088 ], [ 36.9433493, -1.22514 ], [ 36.9434133, -1.2251655 ], [ 36.9434495, -1.2251941 ], [ 36.9435011, -1.2252477 ], [ 36.9435399, -1.225316 ], [ 36.9435953, -1.2253881 ], [ 36.9436524, -1.225445 ], [ 36.9437087, -1.2254755 ], [ 36.9437925, -1.2254888 ], [ 36.9441405, -1.2255525 ], [ 36.9442127, -1.2255458 ], [ 36.9442664, -1.2254944 ], [ 36.9443502, -1.2254293 ], [ 36.9444428, -1.2253772 ], [ 36.9444879, -1.2253845 ], [ 36.9445403, -1.2254583 ], [ 36.9445856, -1.2255159 ], [ 36.9446341, -1.2255446 ], [ 36.9446854, -1.2255424 ], [ 36.9447432, -1.2255279 ], [ 36.9448255, -1.2255434 ], [ 36.9450887, -1.2256238 ], [ 36.9451244, -1.2256632 ], [ 36.9451065, -1.2259754 ], [ 36.945117, -1.2262265 ], [ 36.9451475, -1.2262546 ], [ 36.9451773, -1.2262566 ], [ 36.9452251, -1.2262403 ], [ 36.9452678, -1.2262019 ], [ 36.9453046, -1.2261792 ], [ 36.9453226, -1.2261934 ], [ 36.9454847, -1.226145 ], [ 36.9455469, -1.2261418 ], [ 36.9455881, -1.2261311 ], [ 36.9456087, -1.2261209 ], [ 36.9456552, -1.2261375 ], [ 36.945683, -1.2261612 ], [ 36.9456933, -1.2262155 ], [ 36.9456924, -1.2262562 ], [ 36.945694, -1.2263001 ], [ 36.9457199, -1.226352 ], [ 36.9457533, -1.2263957 ], [ 36.9457834, -1.2264427 ], [ 36.9457891, -1.2264916 ], [ 36.945933, -1.2265686 ], [ 36.9459854, -1.2266141 ], [ 36.9460257, -1.2266732 ], [ 36.9460906, -1.2267075 ], [ 36.9461616, -1.2267178 ], [ 36.9462351, -1.2267628 ], [ 36.9463073, -1.2268372 ], [ 36.9463512, -1.2268758 ], [ 36.9463806, -1.2269135 ], [ 36.9463749, -1.2269371 ], [ 36.9463841, -1.2269651 ], [ 36.9464114, -1.226977 ], [ 36.9464567, -1.2269676 ], [ 36.9464844, -1.2269847 ], [ 36.946498, -1.2270075 ], [ 36.9465074, -1.2270424 ], [ 36.9465074, -1.2270619 ], [ 36.9465351, -1.2270607 ], [ 36.9465968, -1.2270441 ], [ 36.9466355, -1.2270144 ], [ 36.9467323, -1.2269941 ], [ 36.9468249, -1.226912 ], [ 36.9469442, -1.2268777 ], [ 36.9470792, -1.2268651 ], [ 36.9471878, -1.2267469 ], [ 36.9472844, -1.2266647 ], [ 36.9473758, -1.2266257 ], [ 36.947504, -1.226618 ], [ 36.9476336, -1.2266074 ], [ 36.9477518, -1.2266152 ], [ 36.9478556, -1.2266399 ], [ 36.9479207, -1.2266532 ], [ 36.9479644, -1.2266716 ], [ 36.9480173, -1.2267216 ], [ 36.9481367, -1.2268435 ], [ 36.9482068, -1.2269117 ], [ 36.9482877, -1.2269576 ], [ 36.9483392, -1.2269844 ], [ 36.9483604, -1.2270178 ], [ 36.9484438, -1.2270345 ], [ 36.9485091, -1.2270716 ], [ 36.9486794, -1.2270462 ], [ 36.9487547, -1.2269919 ], [ 36.9488045, -1.2269832 ], [ 36.9489223, -1.2270307 ], [ 36.9490018, -1.227077 ], [ 36.9491015, -1.2271269 ], [ 36.9491697, -1.2271952 ], [ 36.9492519, -1.2272619 ], [ 36.9493237, -1.2273029 ], [ 36.9496446, -1.2273713 ], [ 36.9497705, -1.2273945 ], [ 36.9498518, -1.2274267 ], [ 36.9499616, -1.2273361 ], [ 36.9500286, -1.2273217 ], [ 36.9500987, -1.2273456 ], [ 36.9501653, -1.2273579 ], [ 36.9501964, -1.2273728 ], [ 36.9502438, -1.2273667 ], [ 36.9506531, -1.2275224 ], [ 36.9507396, -1.227544 ], [ 36.9507969, -1.2275431 ], [ 36.9508402, -1.2275649 ], [ 36.9508881, -1.2275982 ], [ 36.9510121, -1.2276478 ], [ 36.9511944, -1.2277095 ], [ 36.9513022, -1.2277667 ], [ 36.9513917, -1.2277793 ], [ 36.9514906, -1.2277304 ], [ 36.9515794, -1.2276632 ], [ 36.9516887, -1.2275718 ], [ 36.9517457, -1.2275351 ], [ 36.9518306, -1.2275245 ], [ 36.9519102, -1.2275236 ], [ 36.9522824, -1.2275054 ], [ 36.9524488, -1.2274655 ], [ 36.952578, -1.2274501 ], [ 36.9527523, -1.227393 ], [ 36.9528218, -1.2273489 ], [ 36.9529188, -1.227307 ], [ 36.9530238, -1.2273086 ], [ 36.9531504, -1.2273318 ], [ 36.9532079, -1.2273173 ], [ 36.9532877, -1.2272946 ], [ 36.9534191, -1.2272582 ], [ 36.9538462, -1.2271976 ], [ 36.953915, -1.2271695 ], [ 36.9539441, -1.2271622 ], [ 36.9539668, -1.2271763 ], [ 36.9540067, -1.2271954 ], [ 36.9541151, -1.2272083 ], [ 36.9542312, -1.2272423 ], [ 36.9542683, -1.2273101 ], [ 36.9543068, -1.2273562 ], [ 36.9543259, -1.2274047 ], [ 36.9543392, -1.2274734 ], [ 36.9543794, -1.2275186 ], [ 36.9544403, -1.2275473 ], [ 36.9547764, -1.227791 ], [ 36.9549838, -1.2279922 ], [ 36.9552703, -1.2282173 ], [ 36.9553299, -1.228248 ], [ 36.9553706, -1.2282928 ], [ 36.9554059, -1.2283182 ], [ 36.9554523, -1.2283329 ], [ 36.9555169, -1.2284149 ], [ 36.9557255, -1.2286405 ], [ 36.9558886, -1.2287649 ], [ 36.9562152, -1.229007 ], [ 36.9562888, -1.2290659 ], [ 36.9563407, -1.2290705 ], [ 36.9563871, -1.2291282 ], [ 36.9563787, -1.229189 ], [ 36.9564923, -1.2292463 ], [ 36.9568616, -1.2295825 ], [ 36.9569039, -1.2296195 ], [ 36.9569648, -1.2296464 ], [ 36.95703, -1.2296823 ], [ 36.9570705, -1.2297237 ], [ 36.957173, -1.2298193 ], [ 36.957248, -1.2298987 ], [ 36.9573054, -1.2299269 ], [ 36.9573932, -1.2299307 ], [ 36.9574808, -1.2299165 ], [ 36.957602, -1.2298439 ], [ 36.9577065, -1.2297617 ], [ 36.957772, -1.2297082 ], [ 36.9578117, -1.2297095 ], [ 36.9582071, -1.2295042 ], [ 36.958239, -1.2294705 ], [ 36.9582883, -1.2294482 ], [ 36.9583516, -1.2294454 ], [ 36.9584029, -1.2294356 ], [ 36.9584336, -1.2293912 ], [ 36.9585045, -1.2293422 ], [ 36.9585756, -1.2293416 ], [ 36.9586579, -1.2293075 ], [ 36.9587716, -1.2292646 ], [ 36.9588514, -1.2292364 ], [ 36.958925, -1.2292578 ], [ 36.9589958, -1.2293044 ], [ 36.9590785, -1.2293202 ], [ 36.9591559, -1.2293001 ], [ 36.959259, -1.2292094 ], [ 36.9593802, -1.2291623 ], [ 36.9594507, -1.2291683 ], [ 36.9595366, -1.2291189 ], [ 36.9596065, -1.2290174 ], [ 36.9596637, -1.2288585 ], [ 36.9599967, -1.2284512 ], [ 36.960073, -1.2283918 ], [ 36.9600987, -1.22835 ], [ 36.960156, -1.2283131 ], [ 36.9602351, -1.2282658 ], [ 36.9602973, -1.2282406 ], [ 36.9603846, -1.2282318 ], [ 36.9604335, -1.2282317 ], [ 36.9605822, -1.2281798 ], [ 36.9607285, -1.2281577 ], [ 36.9608386, -1.2281623 ], [ 36.9612141, -1.2280914 ], [ 36.9616834, -1.2280931 ], [ 36.9618171, -1.2279897 ], [ 36.9618818, -1.2279889 ], [ 36.9619667, -1.2280129 ], [ 36.9622367, -1.228146 ], [ 36.962396, -1.2281893 ], [ 36.9627303, -1.2283987 ], [ 36.9627706, -1.2285078 ], [ 36.9628479, -1.2285007 ], [ 36.9629371, -1.228478 ], [ 36.9630131, -1.228442 ], [ 36.9630781, -1.2284453 ], [ 36.963139, -1.2284629 ], [ 36.9631568, -1.228509 ], [ 36.9631963, -1.2285531 ], [ 36.9632915, -1.228571 ], [ 36.9633785, -1.2285841 ], [ 36.9634785, -1.2286515 ], [ 36.9635113, -1.2286911 ], [ 36.9636139, -1.2287311 ], [ 36.963734, -1.2287847 ], [ 36.9637525, -1.2287929 ], [ 36.963826, -1.2288913 ], [ 36.9639103, -1.2289566 ], [ 36.9642863, -1.2291627 ], [ 36.9645214, -1.2294437 ], [ 36.9649813, -1.2296211 ], [ 36.9651054, -1.2296717 ], [ 36.9655173, -1.2299358 ], [ 36.9655596, -1.2299294 ], [ 36.9658114, -1.2298914 ], [ 36.965955, -1.2297976 ], [ 36.9663948, -1.2297736 ], [ 36.9667303, -1.2297287 ], [ 36.9667721, -1.2297502 ], [ 36.9669337, -1.2297111 ], [ 36.9671647, -1.2298837 ], [ 36.9673218, -1.2299023 ], [ 36.9673214, -1.2298896 ], [ 36.9673679, -1.2298142 ], [ 36.9676298, -1.2298612 ], [ 36.9676931, -1.2297718 ], [ 36.9677696, -1.2297777 ], [ 36.9679227, -1.2297485 ], [ 36.9680311, -1.229749 ], [ 36.968207, -1.2297345 ], [ 36.9682869, -1.2297451 ], [ 36.9684005, -1.2297214 ], [ 36.9684875, -1.229732 ], [ 36.9687595, -1.2297053 ], [ 36.968989, -1.2297686 ], [ 36.9692039, -1.2297416 ], [ 36.9692985, -1.2297498 ], [ 36.9693907, -1.2297662 ], [ 36.9694465, -1.2297977 ], [ 36.9695262, -1.2297921 ], [ 36.9696047, -1.2297947 ], [ 36.9696843, -1.2298095 ], [ 36.9697754, -1.229795 ], [ 36.9698769, -1.2297939 ], [ 36.9699128, -1.2298136 ], [ 36.9700094, -1.2297424 ], [ 36.9700495, -1.2297337 ], [ 36.9701782, -1.2296258 ], [ 36.9702337, -1.2295303 ], [ 36.9702414, -1.2294017 ], [ 36.9702774, -1.2292949 ], [ 36.9703095, -1.2291787 ], [ 36.970422, -1.2291463 ], [ 36.9704698, -1.2291044 ], [ 36.9704986, -1.2290692 ], [ 36.9705644, -1.2289412 ], [ 36.9706046, -1.228915 ], [ 36.9706329, -1.228907 ], [ 36.9706478, -1.2289267 ], [ 36.9706658, -1.2289445 ], [ 36.9706878, -1.2289445 ], [ 36.9707342, -1.2289423 ], [ 36.9707831, -1.2289124 ], [ 36.9708392, -1.22886 ], [ 36.9709538, -1.2287007 ], [ 36.970979, -1.2286843 ], [ 36.9710092, -1.2286703 ], [ 36.9710725, -1.2286554 ], [ 36.9710973, -1.2286171 ], [ 36.9711406, -1.2285894 ], [ 36.9711781, -1.2285796 ], [ 36.9712154, -1.2285629 ], [ 36.9712904, -1.2285164 ], [ 36.9714192, -1.2284879 ], [ 36.9715882, -1.2284573 ], [ 36.9717221, -1.2284553 ], [ 36.9719044, -1.2283796 ], [ 36.9720801, -1.228362 ], [ 36.9725134, -1.2281613 ], [ 36.9726507, -1.2281311 ], [ 36.9727722, -1.2281206 ], [ 36.9728901, -1.2281291 ], [ 36.9729435, -1.2281233 ], [ 36.9731403, -1.2279793 ], [ 36.9732638, -1.2279351 ], [ 36.9733615, -1.2278965 ], [ 36.9734956, -1.227732 ], [ 36.9735752, -1.2276661 ], [ 36.9738081, -1.2274905 ], [ 36.9738349, -1.227467 ], [ 36.9738492, -1.2272987 ], [ 36.973892, -1.2272159 ], [ 36.973986, -1.2270856 ], [ 36.9741397, -1.2269401 ], [ 36.9742723, -1.2268285 ], [ 36.9743805, -1.2267554 ], [ 36.9744522, -1.2267016 ], [ 36.9747631, -1.2264428 ], [ 36.974793, -1.2264502 ], [ 36.975342, -1.2260485 ], [ 36.9754772, -1.2259829 ], [ 36.9756133, -1.2259577 ], [ 36.9757535, -1.2259554 ], [ 36.975963, -1.2259623 ], [ 36.976199, -1.2259492 ], [ 36.976363, -1.225893 ], [ 36.9764524, -1.2258522 ], [ 36.9765874, -1.2258282 ], [ 36.9767322, -1.2257765 ], [ 36.9772519, -1.2254016 ], [ 36.9773563, -1.2253441 ], [ 36.9774633, -1.2252972 ], [ 36.9776022, -1.225231 ], [ 36.9777338, -1.225166 ], [ 36.9778252, -1.2251147 ], [ 36.9779167, -1.2249854 ], [ 36.9780215, -1.2247651 ], [ 36.9780724, -1.2246636 ], [ 36.9781333, -1.2246026 ], [ 36.978205, -1.2245705 ], [ 36.97828, -1.2245538 ], [ 36.9783026, -1.2245806 ], [ 36.9783609, -1.2245626 ], [ 36.9788701, -1.224515 ], [ 36.9794543, -1.2243983 ], [ 36.9795176, -1.2243668 ], [ 36.9795716, -1.2243512 ], [ 36.9798454, -1.224359 ], [ 36.9798851, -1.2243505 ], [ 36.9799223, -1.2243271 ], [ 36.9799852, -1.2242868 ], [ 36.980098, -1.2241949 ], [ 36.9801812, -1.2241925 ], [ 36.9802508, -1.2242082 ], [ 36.9805065, -1.2242694 ], [ 36.9806519, -1.224321 ], [ 36.9811113, -1.2244266 ], [ 36.981185, -1.2244115 ], [ 36.9814559, -1.224194 ], [ 36.9815223, -1.2241674 ], [ 36.9816221, -1.2241324 ], [ 36.9817257, -1.224134 ], [ 36.9819224, -1.2241882 ], [ 36.9821331, -1.2242563 ], [ 36.9822209, -1.2242742 ], [ 36.9823261, -1.2242556 ], [ 36.9823856, -1.2242757 ], [ 36.982484, -1.2242511 ], [ 36.9825475, -1.2242394 ], [ 36.9826433, -1.2241892 ], [ 36.9826825, -1.2241416 ], [ 36.9827423, -1.2241107 ], [ 36.9827911, -1.2240517 ], [ 36.9828494, -1.2240165 ], [ 36.9829263, -1.2239899 ], [ 36.9830487, -1.2238437 ], [ 36.9831525, -1.2237864 ], [ 36.9832536, -1.2237543 ], [ 36.983356, -1.223773 ], [ 36.9834296, -1.2237548 ], [ 36.9834843, -1.223685 ], [ 36.9835926, -1.2235204 ], [ 36.9836377, -1.2234834 ], [ 36.9836978, -1.2234649 ], [ 36.9837885, -1.2234537 ], [ 36.9838122, -1.2234716 ], [ 36.9838709, -1.2234242 ], [ 36.9839704, -1.2234117 ], [ 36.984125, -1.2234712 ], [ 36.9842188, -1.2234869 ], [ 36.9843418, -1.2235624 ], [ 36.9845997, -1.2234051 ], [ 36.9847456, -1.2233693 ], [ 36.9849906, -1.2234445 ], [ 36.9854426, -1.2233887 ], [ 36.9857104, -1.2235115 ], [ 36.9857763, -1.2235243 ], [ 36.9861014, -1.2235182 ], [ 36.9862473, -1.22357 ], [ 36.9863684, -1.2234994 ], [ 36.9867361, -1.2235889 ], [ 36.986876, -1.2237268 ], [ 36.9873152, -1.2237388 ], [ 36.98736, -1.2237658 ], [ 36.9875639, -1.2239368 ], [ 36.9876115, -1.2240377 ], [ 36.9878079, -1.224146 ], [ 36.988016, -1.2243425 ], [ 36.9883305, -1.2243087 ], [ 36.9888673, -1.2243368 ], [ 36.9889998, -1.2243163 ] ] } },
{ "type": "Feature", "properties": { "fid": 506, "osm_id": "1201564606", "code": 8102, "fclass": "stream", "width": 0, "name": null }, "geometry": { "type": "LineString", "coordinates": [ [ 36.8742966, -1.202644 ], [ 36.8743102, -1.2026541 ], [ 36.8745284, -1.2027215 ], [ 36.8747264, -1.2027028 ], [ 36.8749441, -1.2027063 ], [ 36.8750574, -1.2027422 ], [ 36.8751833, -1.2026254 ], [ 36.875456, -1.202538 ], [ 36.8756571, -1.2025647 ], [ 36.8761978, -1.2025291 ], [ 36.8764239, -1.2023767 ], [ 36.8765346, -1.2023241 ], [ 36.876671, -1.2023228 ], [ 36.876809, -1.202436 ], [ 36.8769388, -1.2025139 ], [ 36.8771218, -1.2026575 ], [ 36.8773174, -1.2027583 ], [ 36.8774395, -1.2028312 ], [ 36.8777182, -1.2029667 ], [ 36.8779428, -1.2030957 ], [ 36.8780428, -1.203201 ], [ 36.8781391, -1.2032897 ], [ 36.8783569, -1.2033691 ], [ 36.8786013, -1.2034787 ], [ 36.8791401, -1.2036799 ], [ 36.8795594, -1.2037075 ], [ 36.8801747, -1.2037206 ], [ 36.8805892, -1.2036163 ], [ 36.880755, -1.2034048 ], [ 36.8808294, -1.2032308 ], [ 36.8809145, -1.2031824 ], [ 36.8810388, -1.2030757 ], [ 36.8812573, -1.203018 ], [ 36.8814728, -1.2030069 ], [ 36.8820553, -1.2028287 ], [ 36.8823142, -1.2027674 ], [ 36.8824095, -1.2027658 ], [ 36.8825658, -1.2026364 ], [ 36.8830941, -1.2022956 ], [ 36.8832628, -1.2022194 ], [ 36.8834008, -1.2022179 ], [ 36.8835199, -1.2022229 ], [ 36.8836774, -1.2023408 ], [ 36.8837489, -1.2023408 ], [ 36.8838784, -1.2022909 ], [ 36.8839186, -1.2021257 ], [ 36.8840551, -1.2021099 ], [ 36.8843589, -1.2020338 ], [ 36.8846559, -1.2018969 ], [ 36.884843, -1.2017478 ], [ 36.8851178, -1.2017007 ], [ 36.8854175, -1.2016882 ], [ 36.8857148, -1.2016947 ], [ 36.8872346, -1.2021828 ], [ 36.8875025, -1.2023234 ], [ 36.8878542, -1.2024113 ], [ 36.8881276, -1.2024163 ], [ 36.8883189, -1.2024244 ], [ 36.888406, -1.2025655 ], [ 36.8885438, -1.2026182 ], [ 36.8888314, -1.2027431 ], [ 36.8891381, -1.202828 ], [ 36.8893818, -1.2029785 ], [ 36.88942, -1.203021 ] ] } },
{ "type": "Feature", "properties": { "fid": 507, "osm_id": "1201564607", "code": 8102, "fclass": "stream", "width": 0, "name": null }, "geometry": { "type": "LineString", "coordinates": [ [ 36.8966921, -1.2029801 ], [ 36.8968225, -1.2029487 ] ] } },
{ "type": "Feature", "properties": { "fid": 508, "osm_id": "1201564609", "code": 8102, "fclass": "stream", "width": 0, "name": null }, "geometry": { "type": "LineString", "coordinates": [ [ 36.8968225, -1.2029487 ], [ 36.8969993, -1.2029061 ], [ 36.897489, -1.202867 ], [ 36.8977416, -1.2028061 ], [ 36.8980406, -1.2028253 ], [ 36.8982584, -1.2028908 ], [ 36.8985574, -1.2029393 ], [ 36.8988592, -1.2030382 ], [ 36.8991489, -1.2030484 ], [ 36.8994088, -1.2030193 ], [ 36.8996307, -1.2030146 ], [ 36.8999078, -1.2030196 ], [ 36.9001296, -1.2030142 ], [ 36.9002715, -1.202986 ], [ 36.9005669, -1.2029689 ], [ 36.9008182, -1.2029073 ], [ 36.9010503, -1.2029277 ], [ 36.901348, -1.2030302 ], [ 36.9016321, -1.2033357 ], [ 36.9018264, -1.2036642 ], [ 36.9019635, -1.2038349 ], [ 36.9021414, -1.2039258 ], [ 36.9022968, -1.2039243 ], [ 36.9023812, -1.2039639 ], [ 36.9024685, -1.2041267 ], [ 36.9025788, -1.2041306 ], [ 36.9027524, -1.2043455 ], [ 36.9029752, -1.2044852 ], [ 36.9030155, -1.2045792 ], [ 36.9031191, -1.204701 ], [ 36.9032509, -1.2048103 ], [ 36.9036333, -1.2052319 ], [ 36.9039528, -1.2054875 ], [ 36.9042361, -1.205655 ], [ 36.9045022, -1.2057171 ], [ 36.9046659, -1.2057838 ], [ 36.9048943, -1.2059047 ], [ 36.9050213, -1.2059771 ], [ 36.9052206, -1.2060442 ], [ 36.9053226, -1.2061035 ], [ 36.9055137, -1.2060644 ], [ 36.9055757, -1.2060851 ], [ 36.9058176, -1.2061836 ], [ 36.905964, -1.2061961 ], [ 36.9061469, -1.2062528 ], [ 36.906294, -1.2063722 ], [ 36.9064267, -1.2064274 ], [ 36.9066192, -1.2063996 ], [ 36.9072476, -1.2063457 ], [ 36.9077943, -1.2063376 ], [ 36.9079578, -1.2062983 ], [ 36.9080567, -1.2063076 ], [ 36.9081525, -1.2062951 ], [ 36.9082673, -1.2062289 ], [ 36.9083306, -1.2061467 ], [ 36.9083475, -1.2060964 ], [ 36.9083597, -1.2060468 ], [ 36.9083982, -1.2060279 ], [ 36.9084812, -1.2060456 ], [ 36.908601, -1.2060722 ], [ 36.908681, -1.206095 ], [ 36.9087583, -1.2061994 ], [ 36.9089086, -1.2062066 ], [ 36.9090341, -1.2061753 ], [ 36.9091145, -1.2061914 ], [ 36.9092673, -1.2062245 ], [ 36.9094511, -1.206218 ], [ 36.9096677, -1.2061706 ], [ 36.9098473, -1.2061722 ], [ 36.9102461, -1.2061824 ], [ 36.9105788, -1.2062016 ], [ 36.9106809, -1.2062119 ], [ 36.910762, -1.2062589 ], [ 36.9109973, -1.2062971 ], [ 36.9112792, -1.2063261 ], [ 36.9115356, -1.2063888 ], [ 36.9115902, -1.2064035 ] ] } },
{ "type": "Feature", "properties": { "fid": 509, "osm_id": "1201564611", "code": 8102, "fclass": "stream", "width": 0, "name": null }, "geometry": { "type": "LineString", "coordinates": [ [ 36.9115902, -1.2064035 ], [ 36.911687, -1.2064296 ] ] } },
{ "type": "Feature", "properties": { "fid": 510, "osm_id": "1201564612", "code": 8102, "fclass": "stream", "width": 0, "name": null }, "geometry": { "type": "LineString", "coordinates": [ [ 36.911687, -1.2064296 ], [ 36.9117057, -1.2064346 ], [ 36.911842, -1.2065094 ], [ 36.9120429, -1.2066278 ], [ 36.9121328, -1.206676 ] ] } },
{ "type": "Feature", "properties": { "fid": 511, "osm_id": "1201564613", "code": 8102, "fclass": "stream", "width": 0, "name": null }, "geometry": { "type": "LineString", "coordinates": [ [ 36.9121328, -1.206676 ], [ 36.912221, -1.2067234 ] ] } },
{ "type": "Feature", "properties": { "fid": 512, "osm_id": "1201564614", "code": 8102, "fclass": "stream", "width": 0, "name": null }, "geometry": { "type": "LineString", "coordinates": [ [ 36.912221, -1.2067234 ], [ 36.9123232, -1.2067783 ], [ 36.9125961, -1.2069681 ], [ 36.9130454, -1.207499 ], [ 36.9130585, -1.2075202 ] ] } },
{ "type": "Feature", "properties": { "fid": 513, "osm_id": "1201564615", "code": 8102, "fclass": "stream", "width": 0, "name": null }, "geometry": { "type": "LineString", "coordinates": [ [ 36.9130585, -1.2075202 ], [ 36.9131165, -1.2076142 ] ] } },
{ "type": "Feature", "properties": { "fid": 514, "osm_id": "1201564616", "code": 8102, "fclass": "stream", "width": 0, "name": null }, "geometry": { "type": "LineString", "coordinates": [ [ 36.9131223, -1.2076236 ], [ 36.9132292, -1.2077966 ] ] } },
{ "type": "Feature", "properties": { "fid": 515, "osm_id": "1201564617", "code": 8102, "fclass": "stream", "width": 0, "name": null }, "geometry": { "type": "LineString", "coordinates": [ [ 36.9131165, -1.2076142 ], [ 36.9131223, -1.2076236 ] ] } },
{ "type": "Feature", "properties": { "fid": 516, "osm_id": "1201564618", "code": 8102, "fclass": "stream", "width": 0, "name": null }, "geometry": { "type": "LineString", "coordinates": [ [ 36.9132292, -1.2077966 ], [ 36.9133036, -1.2079171 ] ] } },
{ "type": "Feature", "properties": { "fid": 517, "osm_id": "1201564619", "code": 8102, "fclass": "stream", "width": 0, "name": null }, "geometry": { "type": "LineString", "coordinates": [ [ 36.9133111, -1.2079292 ], [ 36.9133692, -1.2080232 ] ] } },
{ "type": "Feature", "properties": { "fid": 518, "osm_id": "1201564620", "code": 8102, "fclass": "stream", "width": 0, "name": null }, "geometry": { "type": "LineString", "coordinates": [ [ 36.9133036, -1.2079171 ], [ 36.9133111, -1.2079292 ] ] } },
{ "type": "Feature", "properties": { "fid": 519, "osm_id": "1201564621", "code": 8102, "fclass": "stream", "width": 0, "name": "Gatharaini River" }, "geometry": { "type": "LineString", "coordinates": [ [ 36.9133692, -1.2080232 ], [ 36.9136453, -1.2084701 ], [ 36.9142682, -1.2093675 ], [ 36.9144172, -1.2101331 ], [ 36.9147657, -1.2107437 ], [ 36.9149041, -1.2114694 ], [ 36.9151817, -1.2116605 ], [ 36.9154825, -1.2118962 ], [ 36.9157212, -1.2121485 ], [ 36.9159443, -1.2127328 ], [ 36.9159763, -1.2128167 ], [ 36.9164783, -1.2131056 ], [ 36.9165543, -1.2133304 ] ] } },
{ "type": "Feature", "properties": { "fid": 520, "osm_id": "1201564622", "code": 8102, "fclass": "stream", "width": 0, "name": null }, "geometry": { "type": "LineString", "coordinates": [ [ 36.9165543, -1.2133304 ], [ 36.9165885, -1.2134314 ] ] } },
{ "type": "Feature", "properties": { "fid": 521, "osm_id": "1201564623", "code": 8102, "fclass": "stream", "width": 0, "name": "Gatharaini River" }, "geometry": { "type": "LineString", "coordinates": [ [ 36.9165885, -1.2134314 ], [ 36.9166186, -1.2135205 ], [ 36.9172369, -1.2135996 ], [ 36.9180715, -1.2140883 ], [ 36.9185126, -1.2145096 ], [ 36.9187201, -1.2149272 ], [ 36.9191679, -1.2149157 ], [ 36.9194089, -1.2150351 ], [ 36.9195856, -1.2152965 ], [ 36.9196401, -1.2155665 ], [ 36.9200327, -1.2158542 ], [ 36.9205341, -1.2159708 ], [ 36.9208695, -1.216389 ], [ 36.9210098, -1.216557 ], [ 36.9211555, -1.21674 ], [ 36.9213571, -1.217003 ], [ 36.921751, -1.2175902 ], [ 36.9219291, -1.2178186 ], [ 36.9222008, -1.2179369 ], [ 36.9231399, -1.2184682 ], [ 36.9232947, -1.2185279 ], [ 36.9234634, -1.2185402 ], [ 36.9241519, -1.2184644 ], [ 36.9243437, -1.2184488 ] ] } },
{ "type": "Feature", "properties": { "fid": 522, "osm_id": "1201564624", "code": 8102, "fclass": "stream", "width": 0, "name": null }, "geometry": { "type": "LineString", "coordinates": [ [ 36.9243437, -1.2184488 ], [ 36.9245164, -1.2184348 ] ] } },
{ "type": "Feature", "properties": { "fid": 523, "osm_id": "1201566911", "code": 8102, "fclass": "stream", "width": 0, "name": "Gatharaini River" }, "geometry": { "type": "LineString", "coordinates": [ [ 36.9245164, -1.2184348 ], [ 36.9247757, -1.2184136 ], [ 36.9252407, -1.2184917 ], [ 36.9254139, -1.2187291 ], [ 36.9254302, -1.2189669 ], [ 36.9256194, -1.2190837 ], [ 36.9257345, -1.2191086 ], [ 36.9262435, -1.2190553 ], [ 36.9264372, -1.2191284 ], [ 36.9268238, -1.219446 ], [ 36.9270667, -1.2197217 ], [ 36.9273186, -1.2198509 ], [ 36.9273452, -1.2199692 ], [ 36.9274487, -1.2200552 ], [ 36.9275647, -1.220071 ], [ 36.9276455, -1.2201564 ], [ 36.9276829, -1.2202713 ], [ 36.9290292, -1.2211842 ], [ 36.9292414, -1.2212317 ], [ 36.9294631, -1.221247 ], [ 36.9296251, -1.22137 ], [ 36.9296866, -1.2214739 ] ] } },
{ "type": "Feature", "properties": { "fid": 524, "osm_id": "1201566912", "code": 8102, "fclass": "stream", "width": 0, "name": null }, "geometry": { "type": "LineString", "coordinates": [ [ 36.9296866, -1.2214739 ], [ 36.9297449, -1.2214927 ] ] } },
{ "type": "Feature", "properties": { "fid": 525, "osm_id": "1201566913", "code": 8102, "fclass": "stream", "width": 0, "name": "Gatharaini River" }, "geometry": { "type": "LineString", "coordinates": [ [ 36.9297449, -1.2214927 ], [ 36.9297953, -1.2215089 ], [ 36.9299323, -1.2215144 ], [ 36.9301631, -1.2215563 ], [ 36.9304559, -1.2216721 ], [ 36.9306978, -1.2218075 ], [ 36.9309268, -1.2221527 ], [ 36.931083, -1.2222592 ], [ 36.9312899, -1.2223366 ], [ 36.9314772, -1.2226903 ], [ 36.9316527, -1.2227253 ], [ 36.9317959, -1.2228575 ], [ 36.9319143, -1.2228489 ], [ 36.9320805, -1.222864 ], [ 36.9322973, -1.2227924 ], [ 36.9325602, -1.222707 ], [ 36.9326252, -1.2226807 ], [ 36.9329891, -1.2225331 ] ] } },
{ "type": "Feature", "properties": { "fid": 526, "osm_id": "1201566914", "code": 8102, "fclass": "stream", "width": 0, "name": null }, "geometry": { "type": "LineString", "coordinates": [ [ 36.9329891, -1.2225331 ], [ 36.9332125, -1.2224529 ] ] } },
{ "type": "Feature", "properties": { "fid": 527, "osm_id": "1201566917", "code": 8102, "fclass": "stream", "width": 0, "name": "Gatharaini River" }, "geometry": { "type": "MultiLineString", "coordinates": [ [ [ 36.9911009, -1.2249654 ], [ 36.9912982, -1.2249909 ], [ 36.9914762, -1.2250127 ], [ 36.9916066, -1.225041 ], [ 36.9918891, -1.2251414 ], [ 36.9920233, -1.2253043 ], [ 36.9923687, -1.2259498 ], [ 36.9924501, -1.2259624 ], [ 36.9925984, -1.2259302 ], [ 36.992742, -1.2259454 ], [ 36.992778, -1.2260285 ], [ 36.9927256, -1.2261451 ], [ 36.9929249, -1.2268739 ], [ 36.9929104, -1.227032 ], [ 36.9929585, -1.2271016 ], [ 36.9930551, -1.2272846 ], [ 36.993059, -1.2274663 ], [ 36.9932381, -1.2276367 ], [ 36.9934322, -1.2279661 ], [ 36.9935841, -1.228221 ], [ 36.9936368, -1.2283515 ], [ 36.9937582, -1.2286565 ], [ 36.9938217, -1.2287148 ], [ 36.9938165, -1.2287885 ], [ 36.993895, -1.2289661 ], [ 36.993944, -1.2291116 ], [ 36.9939132, -1.2292135 ], [ 36.993915, -1.229304 ], [ 36.9941521, -1.2294849 ], [ 36.9942653, -1.2295324 ], [ 36.9943357, -1.2294941 ], [ 36.994644138940842, -1.229602079353976 ] ], [ [ 36.995320165186648, -1.23037145312346 ], [ 36.9952843, -1.2308687 ], [ 36.9957367, -1.2320535 ], [ 36.9960004, -1.2323227 ], [ 36.9960674, -1.2323999 ], [ 36.9964909, -1.2326063 ], [ 36.9967975, -1.232704 ], [ 36.9972395, -1.2328826 ], [ 36.997425, -1.2328877 ], [ 36.9975913, -1.2330105 ], [ 36.9980754, -1.2332946 ], [ 36.9981852, -1.2332994 ], [ 36.9983146, -1.2333223 ], [ 36.9984161, -1.2334224 ], [ 36.998706, -1.2336108 ], [ 36.9989919, -1.2337122 ], [ 36.9997559, -1.2341039 ], [ 36.9998715, -1.2341127 ], [ 37.0002926, -1.2341418 ], [ 37.0010175, -1.2339985 ], [ 37.0012108, -1.2339864 ], [ 37.0013995, -1.2340134 ], [ 37.0015186, -1.2341225 ], [ 37.0015738, -1.2343946 ], [ 37.0016123, -1.2344904 ], [ 37.0016727, -1.2345101 ], [ 37.0017249, -1.2345385 ], [ 37.0017585, -1.2346594 ], [ 37.0016785, -1.2347493 ], [ 37.0016406, -1.2348992 ], [ 37.0016543, -1.234995 ], [ 37.0016419, -1.2350825 ], [ 37.0016969, -1.2351781 ], [ 37.0018138, -1.235284 ], [ 37.0019205, -1.2352931 ], [ 37.0019478, -1.2354016 ], [ 37.0020012, -1.2355146 ], [ 37.0019599, -1.2356112 ], [ 37.0020858, -1.2358985 ], [ 37.0023572, -1.236196 ], [ 37.0025107, -1.2362323 ], [ 37.0026435, -1.2361999 ], [ 37.0027832, -1.2362898 ], [ 37.0028529, -1.236299 ], [ 37.0029089, -1.2362981 ], [ 37.0029751, -1.2362704 ], [ 37.0030925, -1.2363078 ], [ 37.0031651, -1.2363691 ], [ 37.0033041, -1.2364369 ], [ 37.0033983, -1.2365165 ], [ 37.0034571, -1.2365062 ], [ 37.00356, -1.2364902 ], [ 37.0036455, -1.2364518 ], [ 37.0037301, -1.236437 ], [ 37.003742, -1.2364527 ], [ 37.003856, -1.236491 ], [ 37.0039768, -1.2365906 ], [ 37.0040635, -1.2366164 ], [ 37.0042205, -1.2366208 ], [ 37.0043136, -1.236642 ], [ 37.0043527, -1.2366303 ], [ 37.0044545, -1.2366288 ], [ 37.004523, -1.2366804 ], [ 37.0046235, -1.2367074 ], [ 37.0046855, -1.2368081 ], [ 37.0047603, -1.2367377 ], [ 37.0048272, -1.2367932 ], [ 37.0049507, -1.2369927 ], [ 37.0050722, -1.2370093 ], [ 37.0052862, -1.2371168 ], [ 37.0054717, -1.236917 ], [ 37.0055701, -1.2369359 ], [ 37.0057737, -1.2369275 ], [ 37.0059429, -1.2369503 ], [ 37.0060228, -1.2369309 ], [ 37.0062108, -1.2369906 ], [ 37.0063999, -1.2369546 ], [ 37.0065336, -1.2369745 ], [ 37.006956, -1.2371386 ], [ 37.007108, -1.2371704 ] ] ] } },
{ "type": "Feature", "properties": { "fid": 528, "osm_id": "1210444127", "code": 8101, "fclass": "river", "width": 0, "name": "Mto Nairobi" }, "geometry": { "type": "LineString", "coordinates": [ [ 36.7767319, -1.2659508 ], [ 36.7770979, -1.2659321 ], [ 36.7772084, -1.2658715 ], [ 36.7775947, -1.2659359 ], [ 36.7779272, -1.2660324 ], [ 36.7782598, -1.2662684 ], [ 36.7785388, -1.2664078 ], [ 36.7788038, -1.2664684 ], [ 36.7790827, -1.2664255 ], [ 36.7793113, -1.2662898 ], [ 36.7796117, -1.2661933 ], [ 36.7799657, -1.266204 ], [ 36.7807457, -1.2662217 ], [ 36.7814463, -1.2661075 ], [ 36.7819473, -1.2656854 ], [ 36.7820402, -1.2655595 ] ] } },
{ "type": "Feature", "properties": { "fid": 529, "osm_id": "1211383954", "code": 8102, "fclass": "stream", "width": 0, "name": null }, "geometry": { "type": "LineString", "coordinates": [ [ 36.8651789, -1.2033459 ], [ 36.8652393, -1.2033359 ], [ 36.8654015, -1.2033085 ], [ 36.8655404, -1.2032771 ], [ 36.8656429, -1.2033153 ], [ 36.8657011, -1.2033922 ], [ 36.8658686, -1.2032937 ], [ 36.8659585, -1.203224 ], [ 36.8661103, -1.2032217 ], [ 36.8664338, -1.2032541 ], [ 36.8666632, -1.2032872 ], [ 36.8668753, -1.203387 ], [ 36.8670774, -1.2035167 ], [ 36.8672118, -1.2035851 ], [ 36.8673093, -1.2035843 ], [ 36.8674108, -1.2035075 ], [ 36.8676382, -1.2033699 ], [ 36.8677942, -1.2033793 ], [ 36.8679241, -1.2034203 ], [ 36.8681893, -1.203324 ], [ 36.8684723, -1.2032788 ], [ 36.8686695, -1.2033201 ], [ 36.8688267, -1.203423 ], [ 36.8690195, -1.2035378 ], [ 36.8691899, -1.2036309 ], [ 36.869328, -1.2035838 ], [ 36.8694907, -1.2035591 ], [ 36.8695433, -1.203551 ], [ 36.869595, -1.2035714 ], [ 36.8697227, -1.2036218 ], [ 36.8698986, -1.2036279 ], [ 36.8700457, -1.2035078 ], [ 36.870255, -1.2033461 ], [ 36.8709306, -1.203128 ], [ 36.8714595, -1.2030576 ], [ 36.8716841, -1.2030665 ], [ 36.8718279, -1.2031456 ], [ 36.8719864, -1.2031842 ], [ 36.8721766, -1.2031319 ], [ 36.8723173, -1.2030179 ], [ 36.8724153, -1.2028252 ], [ 36.8724298, -1.202651 ], [ 36.8724886, -1.2025556 ], [ 36.8726385, -1.2025601 ], [ 36.8727529, -1.2025568 ], [ 36.8729062, -1.2024497 ], [ 36.872997, -1.2023654 ], [ 36.8731545, -1.202272 ], [ 36.8732794, -1.202253 ], [ 36.8733692, -1.2022761 ], [ 36.8734208, -1.2022523 ], [ 36.873495, -1.2023009 ], [ 36.8736221, -1.2024169 ], [ 36.8736817, -1.2024737 ], [ 36.8737764, -1.2025052 ], [ 36.873916, -1.202499 ], [ 36.8740936, -1.2025249 ], [ 36.8741968, -1.2025694 ], [ 36.8742103, -1.2025795 ] ] } },
{ "type": "Feature", "properties": { "fid": 530, "osm_id": "1211383955", "code": 8102, "fclass": "stream", "width": 0, "name": null }, "geometry": { "type": "LineString", "coordinates": [ [ 36.8742103, -1.2025795 ], [ 36.8742966, -1.202644 ] ] } },
{ "type": "Feature", "properties": { "fid": 531, "osm_id": "1211383956", "code": 8102, "fclass": "stream", "width": 0, "name": null }, "geometry": { "type": "LineString", "coordinates": [ [ 36.8894937, -1.2031028 ], [ 36.8897666, -1.2034062 ], [ 36.8901802, -1.2038247 ], [ 36.8905652, -1.2041044 ], [ 36.8912604, -1.2043534 ], [ 36.8918218, -1.2041805 ], [ 36.8925403, -1.2039692 ], [ 36.8930983, -1.2036979 ], [ 36.8934218, -1.2032835 ], [ 36.8935362, -1.2032473 ], [ 36.8937923, -1.2032057 ], [ 36.8939852, -1.2031658 ], [ 36.8941606, -1.2030645 ], [ 36.8944941, -1.2027853 ], [ 36.8948771, -1.2025516 ], [ 36.895011, -1.202491 ], [ 36.8952823, -1.2024675 ], [ 36.8957203, -1.2026706 ], [ 36.8961253, -1.2029233 ], [ 36.8963917, -1.2030026 ], [ 36.8966921, -1.2029801 ] ] } },
{ "type": "Feature", "properties": { "fid": 532, "osm_id": "1211383957", "code": 8102, "fclass": "stream", "width": 0, "name": null }, "geometry": { "type": "LineString", "coordinates": [ [ 36.88942, -1.203021 ], [ 36.8894937, -1.2031028 ] ] } },
{ "type": "Feature", "properties": { "fid": 533, "osm_id": "1211383962", "code": 8102, "fclass": "stream", "width": 0, "name": "Kirichwa Kubwa" }, "geometry": { "type": "LineString", "coordinates": [ [ 36.7339116, -1.299178 ], [ 36.7340525, -1.2992595 ], [ 36.7341355, -1.2994775 ], [ 36.7343794, -1.2996383 ], [ 36.7346908, -1.2997732 ], [ 36.7350437, -1.2998251 ], [ 36.7353136, -1.2998199 ], [ 36.7355212, -1.2997836 ], [ 36.7357703, -1.2998043 ], [ 36.7359571, -1.2996642 ], [ 36.7362737, -1.2996124 ], [ 36.736445, -1.2994515 ], [ 36.7365903, -1.2993892 ], [ 36.7368705, -1.2993529 ], [ 36.7370677, -1.2993944 ], [ 36.7373376, -1.2993685 ], [ 36.7376023, -1.2994671 ], [ 36.7378462, -1.2994048 ], [ 36.7380538, -1.299519 ], [ 36.7381996, -1.2995539 ], [ 36.7382586, -1.2995577 ], [ 36.7383697, -1.2995665 ], [ 36.7386157, -1.2995546 ], [ 36.7388767, -1.2995962 ], [ 36.7391095, -1.2995868 ], [ 36.7392414, -1.299599 ], [ 36.7393421, -1.2995821 ], [ 36.7393587, -1.2995804 ], [ 36.7393855, -1.2995778 ], [ 36.739667, -1.2995502 ], [ 36.7398178, -1.2994947 ], [ 36.740044, -1.2994414 ], [ 36.7403398, -1.2994295 ], [ 36.7404481, -1.299335 ], [ 36.7405422, -1.2992512 ], [ 36.7406482, -1.299302 ], [ 36.7408186, -1.2992993 ], [ 36.7411337, -1.2992159 ], [ 36.7414483, -1.299157 ], [ 36.7416948, -1.2990086 ], [ 36.7420188, -1.2989389 ], [ 36.7421939, -1.2988126 ], [ 36.7424039, -1.2986735 ], [ 36.7426188, -1.298613 ], [ 36.7428605, -1.2985614 ], [ 36.7428625, -1.2984307 ], [ 36.7429005, -1.2983697 ], [ 36.7429826, -1.2982293 ], [ 36.7431871, -1.2982074 ], [ 36.7434535, -1.2981357 ], [ 36.7435203, -1.2980463 ], [ 36.743582, -1.2980164 ], [ 36.7436097, -1.2979764 ], [ 36.7436237, -1.2979292 ], [ 36.7436452, -1.2978975 ], [ 36.7436499, -1.2978621 ], [ 36.7436423, -1.2977218 ], [ 36.7437782, -1.2976735 ] ] } },
{ "type": "Feature", "properties": { "fid": 534, "osm_id": "1211383965", "code": 8102, "fclass": "stream", "width": 0, "name": null }, "geometry": { "type": "LineString", "coordinates": [ [ 36.7437782, -1.2976735 ], [ 36.7439034, -1.2976643 ] ] } },
{ "type": "Feature", "properties": { "fid": 535, "osm_id": "1211383966", "code": 8102, "fclass": "stream", "width": 0, "name": null }, "geometry": { "type": "LineString", "coordinates": [ [ 36.7439034, -1.2976643 ], [ 36.7440701, -1.2976385 ], [ 36.7441902, -1.297511 ], [ 36.7442658, -1.2972944 ], [ 36.7442807, -1.2972719 ] ] } },
{ "type": "Feature", "properties": { "fid": 536, "osm_id": "1211383967", "code": 8102, "fclass": "stream", "width": 0, "name": null }, "geometry": { "type": "LineString", "coordinates": [ [ 36.7442807, -1.2972719 ], [ 36.7443634, -1.2971469 ] ] } },
{ "type": "Feature", "properties": { "fid": 537, "osm_id": "1211383968", "code": 8102, "fclass": "stream", "width": 0, "name": null }, "geometry": { "type": "LineString", "coordinates": [ [ 36.7443634, -1.2971469 ], [ 36.7444007, -1.2970906 ], [ 36.7444712, -1.2969891 ], [ 36.7444277, -1.2968595 ], [ 36.7444749, -1.2966568 ], [ 36.7445333, -1.2964292 ], [ 36.744542, -1.2963382 ] ] } },
{ "type": "Feature", "properties": { "fid": 538, "osm_id": "1211383969", "code": 8102, "fclass": "stream", "width": 0, "name": null }, "geometry": { "type": "LineString", "coordinates": [ [ 36.744542, -1.2963382 ], [ 36.7445706, -1.2962838 ] ] } },
{ "type": "Feature", "properties": { "fid": 539, "osm_id": "1211383970", "code": 8102, "fclass": "stream", "width": 0, "name": "Kirichwa Kubwa" }, "geometry": { "type": "LineString", "coordinates": [ [ 36.7445706, -1.2962838 ], [ 36.7446307, -1.2962799 ], [ 36.7446416, -1.2962762 ], [ 36.7448245, -1.2962619 ], [ 36.7449329, -1.2962992 ], [ 36.745037, -1.2963923 ], [ 36.745162, -1.2965006 ], [ 36.7452728, -1.2965621 ], [ 36.7453683, -1.29655 ], [ 36.7453988, -1.2964894 ], [ 36.7454187, -1.296312 ], [ 36.7455054, -1.2962596 ], [ 36.7456122, -1.2962559 ], [ 36.7456915, -1.2962068 ], [ 36.7457599, -1.2961525 ], [ 36.7458305, -1.2961384 ], [ 36.7459356, -1.2961283 ], [ 36.7460192, -1.2961684 ], [ 36.7461045, -1.2961762 ], [ 36.7461779, -1.2962452 ], [ 36.746216, -1.296299 ], [ 36.7462627, -1.2963024 ], [ 36.7463146, -1.2962369 ], [ 36.7464608, -1.2961152 ], [ 36.7465806, -1.2960704 ], [ 36.7467461, -1.296043 ], [ 36.74687, -1.2960148 ], [ 36.7470107, -1.2959738 ], [ 36.7471469, -1.2959266 ], [ 36.7472591, -1.2959188 ], [ 36.7472965, -1.2959102 ], [ 36.7473341, -1.2958977 ], [ 36.7474156, -1.2958521 ], [ 36.7474369, -1.2958112 ], [ 36.7475498, -1.2958295 ], [ 36.7477121, -1.2958503 ], [ 36.747838, -1.2958481 ], [ 36.7479285, -1.2958297 ], [ 36.7480383, -1.2957798 ], [ 36.7480999, -1.2957214 ], [ 36.748089, -1.2956555 ], [ 36.7481067, -1.2956246 ], [ 36.7481154, -1.2955774 ], [ 36.7481739, -1.2955615 ], [ 36.7482614, -1.2955611 ], [ 36.7483526, -1.2955515 ], [ 36.7484204, -1.2955271 ], [ 36.7485004, -1.2954939 ], [ 36.7485282, -1.2954935 ], [ 36.7485661, -1.2954455 ], [ 36.7486741, -1.2954419 ], [ 36.748811, -1.295416 ], [ 36.7488327, -1.2953371 ], [ 36.7488968, -1.2953153 ] ] } },
{ "type": "Feature", "properties": { "fid": 540, "osm_id": "1211383971", "code": 8102, "fclass": "stream", "width": 0, "name": null }, "geometry": { "type": "LineString", "coordinates": [ [ 36.7488968, -1.2953153 ], [ 36.7489452, -1.2952211 ] ] } },
{ "type": "Feature", "properties": { "fid": 541, "osm_id": "1211383975", "code": 8102, "fclass": "stream", "width": 0, "name": "Kirichwa Kubwa" }, "geometry": { "type": "LineString", "coordinates": [ [ 36.7489452, -1.2952211 ], [ 36.7489825, -1.2951555 ], [ 36.7490633, -1.2951175 ], [ 36.7491275, -1.2950686 ], [ 36.7491757, -1.2950417 ], [ 36.749234, -1.2949977 ], [ 36.7492983, -1.2949894 ], [ 36.7493804, -1.2949842 ], [ 36.749417, -1.2949578 ], [ 36.749463, -1.2949325 ], [ 36.749514, -1.2948515 ], [ 36.7494894, -1.2947374 ], [ 36.7495037, -1.2946573 ], [ 36.7495411, -1.2946142 ], [ 36.7495916, -1.2945896 ], [ 36.7496615, -1.2945639 ], [ 36.7497362, -1.2945226 ], [ 36.7497794, -1.2944541 ], [ 36.7498327, -1.2943977 ], [ 36.7499269, -1.2943981 ], [ 36.7500088, -1.2943737 ], [ 36.750134, -1.2943999 ], [ 36.7502063, -1.2944457 ], [ 36.7504047, -1.2943059 ], [ 36.7504543, -1.2942886 ] ] } },
{ "type": "Feature", "properties": { "fid": 542, "osm_id": "1211383976", "code": 8102, "fclass": "stream", "width": 0, "name": null }, "geometry": { "type": "LineString", "coordinates": [ [ 36.7504543, -1.2942886 ], [ 36.7505296, -1.2942477 ] ] } },
{ "type": "Feature", "properties": { "fid": 543, "osm_id": "1211383977", "code": 8102, "fclass": "stream", "width": 0, "name": null }, "geometry": { "type": "LineString", "coordinates": [ [ 36.7505296, -1.2942477 ], [ 36.7505804, -1.294179 ], [ 36.7506819, -1.2941172 ], [ 36.7507605, -1.2940133 ], [ 36.7507899, -1.2939793 ] ] } },
{ "type": "Feature", "properties": { "fid": 544, "osm_id": "1211383978", "code": 8102, "fclass": "stream", "width": 0, "name": null }, "geometry": { "type": "LineString", "coordinates": [ [ 36.7507899, -1.2939793 ], [ 36.7508521, -1.2939072 ] ] } },
{ "type": "Feature", "properties": { "fid": 545, "osm_id": "1211383979", "code": 8102, "fclass": "stream", "width": 0, "name": "Kirichwa Kubwa" }, "geometry": { "type": "LineString", "coordinates": [ [ 36.7508521, -1.2939072 ], [ 36.7509208, -1.293901 ], [ 36.750984, -1.2938797 ], [ 36.7510502, -1.293855 ], [ 36.7511201, -1.2938399 ], [ 36.751158, -1.2938032 ], [ 36.7511769, -1.2937197 ], [ 36.751211, -1.2935947 ], [ 36.7512844, -1.2935121 ], [ 36.7513823, -1.2934522 ], [ 36.7514323, -1.2933818 ], [ 36.7514926, -1.2933244 ], [ 36.7515624, -1.2932768 ], [ 36.7515939, -1.2932754 ], [ 36.7516246, -1.2932966 ], [ 36.7516519, -1.293304 ], [ 36.7516813, -1.2932747 ], [ 36.7517374, -1.2932871 ], [ 36.7517745, -1.2933113 ], [ 36.7518149, -1.2933324 ], [ 36.7518609, -1.293348 ], [ 36.7518889, -1.2933719 ], [ 36.7519267, -1.2933844 ], [ 36.751965, -1.2933645 ], [ 36.7520512, -1.2934012 ], [ 36.7521509, -1.2934083 ], [ 36.7524716, -1.2934828 ], [ 36.7525349, -1.2935019 ], [ 36.7525752, -1.2934904 ], [ 36.752635, -1.2934944 ], [ 36.7526741, -1.2935118 ], [ 36.7527108, -1.29349 ], [ 36.7527569, -1.2934828 ], [ 36.7528428, -1.2934653 ], [ 36.7529597, -1.2934408 ], [ 36.7530505, -1.2934069 ], [ 36.7531355, -1.2933616 ], [ 36.7531912, -1.2933738 ], [ 36.7532831, -1.2934302 ], [ 36.7533625, -1.2934468 ], [ 36.7535087, -1.2935724 ], [ 36.7535739, -1.2936732 ], [ 36.7536459, -1.2937016 ], [ 36.7536631, -1.2936887 ] ] } },
{ "type": "Feature", "properties": { "fid": 546, "osm_id": "1211383980", "code": 8102, "fclass": "stream", "width": 0, "name": null }, "geometry": { "type": "LineString", "coordinates": [ [ 36.7536631, -1.2936887 ], [ 36.7537508, -1.2936226 ] ] } },
{ "type": "Feature", "properties": { "fid": 547, "osm_id": "1211383984", "code": 8102, "fclass": "stream", "width": 0, "name": "Kirichwa Kubwa" }, "geometry": { "type": "LineString", "coordinates": [ [ 36.7537508, -1.2936226 ], [ 36.7538556, -1.2935435 ], [ 36.7539569, -1.2934982 ], [ 36.7540709, -1.2935027 ], [ 36.7541561, -1.2935854 ], [ 36.7542224, -1.293617 ], [ 36.7543526, -1.293587 ], [ 36.754529, -1.293488 ], [ 36.7546623, -1.2934713 ], [ 36.7548238, -1.2935112 ], [ 36.7549516, -1.2935721 ], [ 36.7550489, -1.2935988 ], [ 36.7551438, -1.2935885 ], [ 36.7552847, -1.2935105 ], [ 36.7553725, -1.2934113 ], [ 36.7554821, -1.2933214 ], [ 36.7555667, -1.293279 ], [ 36.7556876, -1.2932373 ], [ 36.7557239, -1.2931958 ], [ 36.7557616, -1.2931168 ], [ 36.7558452, -1.2930405 ], [ 36.7559957, -1.2929737 ], [ 36.7561584, -1.2929121 ], [ 36.7563666, -1.292871 ], [ 36.7564695, -1.2928969 ], [ 36.7565374, -1.2929643 ], [ 36.7565559, -1.2930351 ], [ 36.756639, -1.2931088 ], [ 36.7567791, -1.2932596 ], [ 36.7567989, -1.2933893 ], [ 36.7567483, -1.2934891 ], [ 36.7567324, -1.2936628 ], [ 36.7567788, -1.2938128 ], [ 36.7568463, -1.2938682 ], [ 36.7569631, -1.2938842 ], [ 36.7571074, -1.2938412 ], [ 36.7572166, -1.2937622 ], [ 36.7573028, -1.2937548 ], [ 36.7573862, -1.293789 ], [ 36.757441, -1.2938895 ], [ 36.7574407, -1.2939701 ], [ 36.7574776, -1.2940554 ], [ 36.7575396, -1.2941043 ], [ 36.7576406, -1.2941169 ], [ 36.7577087, -1.2941094 ], [ 36.7578429, -1.2940737 ], [ 36.7579253, -1.294049 ], [ 36.7579986, -1.2941061 ], [ 36.7580713, -1.2941646 ], [ 36.7580961, -1.2942517 ], [ 36.7581235, -1.2943745 ], [ 36.7581827, -1.2944089 ], [ 36.7582691, -1.2943777 ], [ 36.7584407, -1.2942553 ], [ 36.7585823, -1.2941278 ], [ 36.7586771, -1.2940675 ], [ 36.7587483, -1.2940823 ], [ 36.758831, -1.2940985 ], [ 36.758876, -1.2940187 ], [ 36.7589175, -1.2939099 ], [ 36.7589602, -1.2937983 ], [ 36.759038, -1.2937606 ], [ 36.7591324, -1.2938143 ], [ 36.7592003, -1.2938785 ], [ 36.7592478, -1.2938758 ], [ 36.7593304, -1.2938659 ], [ 36.7594434, -1.2938446 ], [ 36.7596012, -1.2938686 ], [ 36.7596678, -1.2939036 ], [ 36.7597476, -1.2940103 ], [ 36.7597857, -1.2941539 ], [ 36.7598135, -1.2942717 ], [ 36.7598764, -1.2942868 ], [ 36.759941, -1.2942695 ], [ 36.760013, -1.294238 ], [ 36.7601426, -1.2942404 ], [ 36.7603067, -1.2942673 ], [ 36.7604685, -1.294323 ], [ 36.760658, -1.294399 ], [ 36.7607275, -1.2944687 ], [ 36.7607972, -1.2945983 ], [ 36.7608398, -1.2946971 ], [ 36.7609107, -1.2947858 ], [ 36.7610365, -1.2948041 ], [ 36.7611055, -1.2948488 ], [ 36.7611281, -1.2949385 ], [ 36.7611348, -1.295047 ], [ 36.7611309, -1.2951611 ], [ 36.7611055, -1.2952605 ], [ 36.7610888, -1.2953712 ], [ 36.76111, -1.2954685 ], [ 36.7611596, -1.2954714 ], [ 36.7612321, -1.2954452 ], [ 36.7613377, -1.2954072 ] ] } },
{ "type": "Feature", "properties": { "fid": 548, "osm_id": "1211383985", "code": 8102, "fclass": "stream", "width": 0, "name": null }, "geometry": { "type": "LineString", "coordinates": [ [ 36.7613377, -1.2954072 ], [ 36.761432, -1.2953902 ] ] } },
{ "type": "Feature", "properties": { "fid": 549, "osm_id": "1211383986", "code": 8102, "fclass": "stream", "width": 0, "name": "Kirichwa Kubwa" }, "geometry": { "type": "LineString", "coordinates": [ [ 36.7687874, -1.2961391 ], [ 36.7690007, -1.2961318 ], [ 36.7690778, -1.2961495 ], [ 36.7691401, -1.2961873 ], [ 36.7692214, -1.2962369 ], [ 36.7693064, -1.2963073 ], [ 36.7693733, -1.2963493 ], [ 36.7695004, -1.2963863 ], [ 36.7696236, -1.2964116 ], [ 36.7697139, -1.2964205 ], [ 36.7697424, -1.2964418 ], [ 36.7697709, -1.2964572 ], [ 36.769832, -1.296464 ], [ 36.7699055, -1.2964599 ], [ 36.7699697, -1.2964636 ], [ 36.7700402, -1.2964229 ], [ 36.7701249, -1.296365 ], [ 36.7701759, -1.2963129 ], [ 36.7702273, -1.2962905 ], [ 36.7702723, -1.2962916 ], [ 36.7703755, -1.2963128 ], [ 36.770429, -1.2963454 ], [ 36.7704953, -1.2963651 ], [ 36.7706053, -1.2963675 ], [ 36.7706968, -1.2963556 ], [ 36.7707348, -1.2963372 ], [ 36.7707696, -1.2963272 ], [ 36.7708175, -1.2963434 ], [ 36.7708948, -1.2963907 ], [ 36.7709946, -1.2964266 ], [ 36.7710783, -1.2964542 ], [ 36.7711294, -1.2964599 ], [ 36.7711789, -1.2964286 ], [ 36.7712177, -1.2964059 ], [ 36.7712695, -1.2964059 ], [ 36.7713279, -1.2963717 ], [ 36.7713722, -1.2963569 ], [ 36.7714126, -1.2963233 ], [ 36.771418, -1.2962736 ], [ 36.7714188, -1.2962407 ], [ 36.7714476, -1.2962122 ], [ 36.7714704, -1.296183 ], [ 36.7715305, -1.296172 ], [ 36.7715537, -1.2961723 ], [ 36.7715802, -1.296154 ], [ 36.7716474, -1.2961351 ], [ 36.7716953, -1.2961007 ], [ 36.7717479, -1.2960744 ], [ 36.7718306, -1.296064 ], [ 36.7718693, -1.2960721 ], [ 36.7718958, -1.2960905 ], [ 36.7719719, -1.2960916 ], [ 36.7720179, -1.2960954 ], [ 36.7720598, -1.2961075 ], [ 36.7721194, -1.2961243 ], [ 36.7721788, -1.2961243 ], [ 36.7722471, -1.2961496 ], [ 36.7723363, -1.2961605 ], [ 36.7724146, -1.2961963 ], [ 36.7724667, -1.2962049 ], [ 36.7725101, -1.296214 ], [ 36.7725646, -1.296252 ], [ 36.7726181, -1.296295 ], [ 36.7726834, -1.2963269 ], [ 36.7727371, -1.2963132 ], [ 36.7727776, -1.2963353 ], [ 36.7728111, -1.296374 ], [ 36.7728607, -1.296368 ], [ 36.7728885, -1.2963486 ], [ 36.7728989, -1.2963182 ], [ 36.7729194, -1.2962846 ], [ 36.7729584, -1.296274 ], [ 36.7729885, -1.2962551 ], [ 36.7730109, -1.2962609 ], [ 36.7730506, -1.2962399 ], [ 36.7730935, -1.2962473 ], [ 36.7731081, -1.2962824 ], [ 36.7731076, -1.2963074 ], [ 36.773057, -1.2963513 ], [ 36.7730579, -1.296383 ], [ 36.7730652, -1.296445 ], [ 36.7730706, -1.2964892 ], [ 36.7730894, -1.2965321 ], [ 36.7731126, -1.2965638 ], [ 36.7731363, -1.2965943 ], [ 36.7731643, -1.2966369 ], [ 36.7732095, -1.2966711 ], [ 36.7732548, -1.2966926 ], [ 36.7733171, -1.2967135 ], [ 36.7733781, -1.296702 ], [ 36.7734299, -1.2966691 ], [ 36.773447, -1.296643 ], [ 36.7734377, -1.2966175 ], [ 36.7734336, -1.2965913 ], [ 36.7734931, -1.2965664 ], [ 36.7735238, -1.296491 ], [ 36.7735211, -1.2964028 ], [ 36.7735335, -1.2963238 ], [ 36.7735841, -1.2962782 ], [ 36.7736484, -1.2962221 ], [ 36.7737071, -1.2962047 ], [ 36.7737407, -1.2961887 ], [ 36.7737696, -1.2961603 ], [ 36.7738214, -1.2961434 ], [ 36.7738791, -1.2961367 ], [ 36.7739655, -1.2961344 ], [ 36.7740121, -1.2961159 ], [ 36.774045, -1.2960876 ], [ 36.7740884, -1.2960499 ], [ 36.7741281, -1.2960232 ], [ 36.7741898, -1.2959909 ], [ 36.7742201, -1.2959703 ], [ 36.7742419, -1.2959486 ], [ 36.7742685, -1.2959412 ], [ 36.7742803, -1.2959331 ], [ 36.7742857, -1.2959193 ], [ 36.7742766, -1.2959078 ], [ 36.7742786, -1.2958921 ], [ 36.7742907, -1.2958735 ], [ 36.7742903, -1.295856 ], [ 36.7743019, -1.2958439 ], [ 36.7743412, -1.2958301 ] ] } },
{ "type": "Feature", "properties": { "fid": 550, "osm_id": "1211383987", "code": 8102, "fclass": "stream", "width": 0, "name": null }, "geometry": { "type": "LineString", "coordinates": [ [ 36.7686897, -1.2961424 ], [ 36.7687874, -1.2961391 ] ] } },
{ "type": "Feature", "properties": { "fid": 551, "osm_id": "1211409995", "code": 8101, "fclass": "river", "width": 0, "name": "Ruiruaka River" }, "geometry": { "type": "LineString", "coordinates": [ [ 36.864215, -1.2340462 ], [ 36.8642198, -1.2341103 ], [ 36.8642713, -1.2343077 ], [ 36.8643228, -1.2344192 ], [ 36.8642627, -1.2345651 ], [ 36.8641855, -1.2345994 ], [ 36.8641683, -1.2347281 ], [ 36.8642026, -1.2348225 ], [ 36.8642198, -1.2349427 ], [ 36.8641511, -1.23508 ], [ 36.8640224, -1.2351744 ], [ 36.8637992, -1.2352602 ], [ 36.8637392, -1.2353975 ], [ 36.8635932, -1.2355348 ], [ 36.8634817, -1.2356292 ], [ 36.8633958, -1.2357407 ], [ 36.8633358, -1.2358437 ], [ 36.8632843, -1.2360067 ], [ 36.8632843, -1.2361183 ], [ 36.8632843, -1.2362727 ], [ 36.8633701, -1.23641 ], [ 36.8634216, -1.2365387 ], [ 36.8634902, -1.2367018 ], [ 36.8635589, -1.2368734 ], [ 36.8637048, -1.2370364 ], [ 36.8638679, -1.2371223 ], [ 36.8640396, -1.2371823 ], [ 36.8642112, -1.237251 ], [ 36.8643657, -1.237251 ], [ 36.8644859, -1.2373368 ], [ 36.8646146, -1.2372939 ], [ 36.8647691, -1.237311 ], [ 36.864812, -1.2373969 ], [ 36.8647691, -1.2375084 ], [ 36.8647262, -1.2375685 ], [ 36.8648292, -1.2376028 ], [ 36.864915, -1.2375427 ], [ 36.8650781, -1.2375942 ], [ 36.8651983, -1.2376543 ], [ 36.8653442, -1.2376457 ], [ 36.8654558, -1.2375685 ], [ 36.8655159, -1.2374827 ], [ 36.8654815, -1.2373969 ], [ 36.8655159, -1.2373196 ], [ 36.8656789, -1.2373539 ], [ 36.8657733, -1.2373539 ], [ 36.8658763, -1.237311 ], [ 36.8659278, -1.237251 ], [ 36.8660308, -1.2372338 ], [ 36.8660995, -1.2373368 ], [ 36.8660995, -1.2374655 ], [ 36.8661939, -1.2374741 ], [ 36.8663398, -1.2374655 ], [ 36.8664514, -1.2374054 ], [ 36.8665716, -1.2373539 ], [ 36.866666, -1.2373368 ], [ 36.8667861, -1.2373454 ], [ 36.8669063, -1.2373368 ], [ 36.8670007, -1.2373196 ], [ 36.8670608, -1.237251 ], [ 36.8671381, -1.2372081 ], [ 36.8672239, -1.2372252 ], [ 36.8672754, -1.2373025 ], [ 36.8673526, -1.2373025 ], [ 36.8674728, -1.2372081 ], [ 36.8675329, -1.2371308 ], [ 36.867593, -1.2370536 ], [ 36.8676874, -1.2370794 ], [ 36.867859, -1.2371308 ], [ 36.8680479, -1.2372596 ], [ 36.8681423, -1.2372853 ], [ 36.8682539, -1.2373368 ], [ 36.868374, -1.2373711 ], [ 36.8684341, -1.2374655 ], [ 36.8685113, -1.2374655 ], [ 36.8685714, -1.2373969 ], [ 36.8686315, -1.2373196 ], [ 36.8687173, -1.2373539 ], [ 36.8688118, -1.2374312 ], [ 36.8688547, -1.237517 ], [ 36.868889, -1.2375685 ], [ 36.8689834, -1.2375942 ], [ 36.8691207, -1.2376028 ], [ 36.869198, -1.2376457 ], [ 36.8692752, -1.2375599 ], [ 36.8693182, -1.2375084 ], [ 36.8694211, -1.2375256 ], [ 36.869507, -1.2375942 ], [ 36.8695928, -1.23768 ], [ 36.8695928, -1.2377487 ], [ 36.8696357, -1.2378516 ], [ 36.8697559, -1.2379117 ], [ 36.8697645, -1.2379975 ], [ 36.8697473, -1.2380833 ], [ 36.8697559, -1.2381949 ], [ 36.8698246, -1.2382635 ], [ 36.8698417, -1.2383493 ], [ 36.8699705, -1.238418 ], [ 36.8701164, -1.2384352 ] ] } },
{ "type": "Feature", "properties": { "fid": 552, "osm_id": "1211409996", "code": 8101, "fclass": "river", "width": 0, "name": "Ruiruaka River" }, "geometry": { "type": "LineString", "coordinates": [ [ 36.864207, -1.2339381 ], [ 36.864215, -1.2340462 ] ] } },
{ "type": "Feature", "properties": { "fid": 553, "osm_id": "1211409997", "code": 8102, "fclass": "stream", "width": 0, "name": "Ruiruaka River" }, "geometry": { "type": "LineString", "coordinates": [ [ 36.7975564, -1.2148795 ], [ 36.7977065, -1.2148067 ], [ 36.7978532, -1.2147686 ], [ 36.7979529, -1.2147895 ], [ 36.7980081, -1.2148998 ], [ 36.7980388, -1.2150361 ], [ 36.7980695, -1.2151879 ], [ 36.798109, -1.2153164 ], [ 36.7982688, -1.2154033 ], [ 36.7984319, -1.2154642 ], [ 36.7985775, -1.2155334 ], [ 36.798761, -1.2156364 ], [ 36.7989089, -1.2156906 ], [ 36.7990137, -1.2156739 ], [ 36.7991526, -1.2155464 ], [ 36.7993791, -1.2154106 ], [ 36.7995604, -1.2153459 ], [ 36.7997643, -1.2153119 ], [ 36.8000477, -1.2154727 ], [ 36.8001118, -1.2155317 ] ] } },
{ "type": "Feature", "properties": { "fid": 554, "osm_id": "1211409998", "code": 8102, "fclass": "stream", "width": 0, "name": "Ruiruaka River" }, "geometry": { "type": "LineString", "coordinates": [ [ 36.8001118, -1.2155317 ], [ 36.8002078, -1.2156201 ] ] } },
{ "type": "Feature", "properties": { "fid": 555, "osm_id": "1211409999", "code": 8102, "fclass": "stream", "width": 0, "name": "Ruiruaka River" }, "geometry": { "type": "LineString", "coordinates": [ [ 36.8002078, -1.2156201 ], [ 36.8002132, -1.2156251 ], [ 36.8003169, -1.2157448 ], [ 36.8003169, -1.2158108 ] ] } },
{ "type": "Feature", "properties": { "fid": 556, "osm_id": "1211410000", "code": 8102, "fclass": "stream", "width": 0, "name": "Ruiruaka River" }, "geometry": { "type": "LineString", "coordinates": [ [ 36.8003169, -1.2158108 ], [ 36.800317, -1.2159111 ] ] } },
{ "type": "Feature", "properties": { "fid": 557, "osm_id": "1211410001", "code": 8102, "fclass": "stream", "width": 0, "name": "Ruiruaka River" }, "geometry": { "type": "LineString", "coordinates": [ [ 36.800317, -1.2159111 ], [ 36.800317, -1.2159995 ], [ 36.8003947, -1.2162555 ], [ 36.800511, -1.2164333 ], [ 36.8007875, -1.2166915 ], [ 36.8010212, -1.2167248 ], [ 36.8011582, -1.2167322 ], [ 36.801282, -1.216836 ], [ 36.8013535, -1.2167945 ], [ 36.8014823, -1.2168259 ], [ 36.8015916, -1.2168007 ], [ 36.8018185, -1.2168632 ], [ 36.8020142, -1.2170072 ], [ 36.8021152, -1.2170416 ], [ 36.8022033, -1.2171047 ], [ 36.8022815, -1.2171881 ], [ 36.802357, -1.217225 ], [ 36.8024493, -1.2171979 ], [ 36.8025547, -1.2173108 ], [ 36.8026216, -1.2173743 ], [ 36.8027822, -1.2174275 ], [ 36.8029223, -1.2175381 ], [ 36.8029255, -1.2177447 ], [ 36.8027873, -1.2178899 ], [ 36.8025384, -1.218007 ], [ 36.8023521, -1.2182558 ], [ 36.802366, -1.2183628 ] ] } },
{ "type": "Feature", "properties": { "fid": 558, "osm_id": "1211410002", "code": 8102, "fclass": "stream", "width": 0, "name": "Ruiruaka River" }, "geometry": { "type": "LineString", "coordinates": [ [ 36.802366, -1.2183628 ], [ 36.80238, -1.2184705 ] ] } },
{ "type": "Feature", "properties": { "fid": 559, "osm_id": "1211410003", "code": 8102, "fclass": "stream", "width": 0, "name": "Ruiruaka River" }, "geometry": { "type": "LineString", "coordinates": [ [ 36.814417, -1.2224696 ], [ 36.8144781, -1.2224751 ], [ 36.8146525, -1.2224128 ], [ 36.8149497, -1.2222975 ], [ 36.8156288, -1.2220803 ], [ 36.8158509, -1.222158 ], [ 36.8161513, -1.2224584 ], [ 36.8164088, -1.222984 ], [ 36.8167553, -1.2231207 ], [ 36.8172381, -1.2231207 ], [ 36.8175815, -1.2230135 ], [ 36.8178819, -1.2232066 ], [ 36.8184044, -1.2234345 ], [ 36.8189301, -1.2236919 ], [ 36.8195631, -1.2240352 ], [ 36.819734, -1.2240735 ], [ 36.8200224, -1.2240888 ], [ 36.8201857, -1.2241194 ], [ 36.820326, -1.2242598 ], [ 36.8204281, -1.2243669 ], [ 36.8205837, -1.2244792 ], [ 36.8207675, -1.2244945 ], [ 36.8208619, -1.2244562 ], [ 36.8210941, -1.224423 ], [ 36.821237, -1.2244332 ], [ 36.8213416, -1.2244205 ], [ 36.8213773, -1.224349 ], [ 36.8216019, -1.2243695 ], [ 36.8216682, -1.2244485 ], [ 36.8217576, -1.2246297 ], [ 36.8218392, -1.2249078 ], [ 36.8219081, -1.2250532 ], [ 36.8218487, -1.2252846 ], [ 36.8217332, -1.225382 ], [ 36.8217044, -1.2255119 ], [ 36.821791, -1.2256671 ], [ 36.8221554, -1.2258583 ], [ 36.8223431, -1.2258872 ], [ 36.8225632, -1.2260243 ], [ 36.8227292, -1.2261614 ], [ 36.8228916, -1.2264644 ], [ 36.8230648, -1.2266773 ], [ 36.8233247, -1.2268865 ], [ 36.8234546, -1.2269984 ], [ 36.8236127, -1.227159 ] ] } },
{ "type": "Feature", "properties": { "fid": 560, "osm_id": "1211410004", "code": 8102, "fclass": "stream", "width": 0, "name": "Ruiruaka River" }, "geometry": { "type": "LineString", "coordinates": [ [ 36.8143094, -1.2224598 ], [ 36.814417, -1.2224696 ] ] } },
{ "type": "Feature", "properties": { "fid": 561, "osm_id": "1211452504", "code": 8102, "fclass": "stream", "width": 0, "name": null }, "geometry": { "type": "LineString", "coordinates": [ [ 36.850341429540755, -1.203573138746754 ], [ 36.8506162, -1.2036432 ], [ 36.8507646, -1.2034659 ], [ 36.8510349, -1.2033309 ], [ 36.8512552, -1.2035225 ], [ 36.8514285, -1.2038214 ], [ 36.8517746, -1.2038256 ], [ 36.8520273, -1.2030458 ], [ 36.8524483, -1.202797 ], [ 36.8532654, -1.2026808 ], [ 36.8542848, -1.2026661 ], [ 36.8548507, -1.2026368 ], [ 36.8551926, -1.2023728 ], [ 36.8558755, -1.2020021 ], [ 36.8566732, -1.20194 ], [ 36.8570954, -1.2021147 ], [ 36.8577279, -1.2026504 ], [ 36.8586046, -1.203133 ], [ 36.8597294, -1.2034452 ], [ 36.8604918, -1.2036681 ], [ 36.8613151, -1.2036048 ], [ 36.8617871, -1.2033977 ], [ 36.8621561, -1.2031831 ] ] } },
{ "type": "Feature", "properties": { "fid": 562, "osm_id": "1212149282", "code": 8102, "fclass": "stream", "width": 0, "name": "Kirichwa Dogo River" }, "geometry": { "type": "LineString", "coordinates": [ [ 36.7647295, -1.2882169 ], [ 36.7649231, -1.2881291 ], [ 36.7650204, -1.2880923 ], [ 36.7650721, -1.2880218 ], [ 36.7650927, -1.2879643 ], [ 36.765265, -1.2879226 ], [ 36.7654751, -1.2878816 ], [ 36.7656367, -1.2878637 ], [ 36.7658309, -1.2877094 ], [ 36.7659868, -1.2874994 ], [ 36.7660453, -1.2874495 ], [ 36.7661111, -1.2873098 ], [ 36.7661521, -1.2871696 ], [ 36.7662452, -1.2870849 ], [ 36.7664627, -1.2869539 ], [ 36.7666482, -1.2868625 ], [ 36.7667477, -1.2868478 ] ] } },
{ "type": "Feature", "properties": { "fid": 563, "osm_id": "1212149283", "code": 8102, "fclass": "stream", "width": 0, "name": "Kirichwa Dogo River" }, "geometry": { "type": "LineString", "coordinates": [ [ 36.7667477, -1.2868478 ], [ 36.7668474, -1.2868331 ] ] } },
{ "type": "Feature", "properties": { "fid": 564, "osm_id": "1212149284", "code": 8102, "fclass": "stream", "width": 0, "name": "Kirichwa Dogo River" }, "geometry": { "type": "LineString", "coordinates": [ [ 36.7668474, -1.2868331 ], [ 36.7669754, -1.2868142 ], [ 36.7673358, -1.2867053 ], [ 36.7675577, -1.2866025 ], [ 36.7677677, -1.2864748 ], [ 36.7680118, -1.2863188 ], [ 36.7681905, -1.28621 ], [ 36.7683857, -1.286118 ], [ 36.7684759, -1.2861059 ], [ 36.7685546, -1.2860348 ], [ 36.7686118, -1.2859934 ], [ 36.7686477, -1.2859382 ], [ 36.7687161, -1.2858943 ], [ 36.7687832, -1.285845 ], [ 36.7688505, -1.2858566 ], [ 36.7689407, -1.2859006 ], [ 36.7690517, -1.2858535 ], [ 36.7692423, -1.2857415 ] ] } },
{ "type": "Feature", "properties": { "fid": 565, "osm_id": "1212149285", "code": 8102, "fclass": "stream", "width": 0, "name": "Kirichwa Dogo River" }, "geometry": { "type": "LineString", "coordinates": [ [ 36.7694184, -1.285545 ], [ 36.7694315, -1.2854345 ] ] } },
{ "type": "Feature", "properties": { "fid": 566, "osm_id": "1212149286", "code": 8102, "fclass": "stream", "width": 0, "name": "Kirichwa Dogo River" }, "geometry": { "type": "LineString", "coordinates": [ [ 36.7694315, -1.2854345 ], [ 36.7694439, -1.2853297 ], [ 36.769888, -1.2850198 ], [ 36.7700664, -1.2848814 ], [ 36.7700748, -1.284881 ] ] } },
{ "type": "Feature", "properties": { "fid": 567, "osm_id": "1212149287", "code": 8102, "fclass": "stream", "width": 0, "name": "Kirichwa Dogo River" }, "geometry": { "type": "LineString", "coordinates": [ [ 36.7700748, -1.284881 ], [ 36.7701934, -1.2848757 ] ] } },
{ "type": "Feature", "properties": { "fid": 568, "osm_id": "1212149288", "code": 8102, "fclass": "stream", "width": 0, "name": "Kirichwa Dogo River" }, "geometry": { "type": "LineString", "coordinates": [ [ 36.7692423, -1.2857415 ], [ 36.7694168, -1.2855582 ], [ 36.7694184, -1.285545 ] ] } },
{ "type": "Feature", "properties": { "fid": 569, "osm_id": "1212149291", "code": 8102, "fclass": "stream", "width": 0, "name": "Kirichwa Dogo River" }, "geometry": { "type": "LineString", "coordinates": [ [ 36.7701934, -1.2848757 ], [ 36.7702502, -1.2848732 ], [ 36.7705644, -1.284888 ], [ 36.7710877, -1.2850429 ], [ 36.7713762, -1.2850257 ], [ 36.7715122, -1.2850378 ], [ 36.7716514, -1.2850108 ], [ 36.7717878, -1.284979 ], [ 36.7720555, -1.2848487 ], [ 36.772169, -1.2848577 ], [ 36.7724047, -1.2849188 ], [ 36.7724917, -1.2849503 ], [ 36.7727016, -1.2848273 ], [ 36.7728069, -1.2847861 ], [ 36.7728775, -1.2848008 ], [ 36.7730676, -1.2847622 ], [ 36.7731395, -1.2847804 ], [ 36.7731565, -1.2847209 ], [ 36.7732037, -1.2846834 ], [ 36.7732544, -1.2846832 ], [ 36.77331, -1.2847094 ], [ 36.7733469, -1.2846646 ], [ 36.7733856, -1.2847034 ], [ 36.7734146, -1.2846935 ], [ 36.7734112, -1.2846679 ], [ 36.7734426, -1.2846416 ], [ 36.7734962, -1.2846225 ], [ 36.7735464, -1.2846069 ], [ 36.773611, -1.2846081 ], [ 36.7736538, -1.2845872 ], [ 36.7736954, -1.2844854 ], [ 36.7737637, -1.2844322 ], [ 36.7738577, -1.2844104 ], [ 36.7739523, -1.2844304 ], [ 36.7741896, -1.284511 ], [ 36.7742976, -1.2844855 ], [ 36.7746306, -1.2843575 ], [ 36.7748483, -1.284248 ] ] } },
{ "type": "Feature", "properties": { "fid": 570, "osm_id": "1212149292", "code": 8102, "fclass": "stream", "width": 0, "name": "Kirichwa Dogo River" }, "geometry": { "type": "LineString", "coordinates": [ [ 36.7748483, -1.284248 ], [ 36.7749375, -1.2842031 ] ] } },
{ "type": "Feature", "properties": { "fid": 571, "osm_id": "1214634391", "code": 8102, "fclass": "stream", "width": 0, "name": null }, "geometry": { "type": "LineString", "coordinates": [ [ 36.9105025, -1.2148781 ], [ 36.9105616, -1.2148842 ], [ 36.9106734, -1.2148898 ], [ 36.9107554, -1.2148598 ], [ 36.9107805, -1.2148221 ], [ 36.9109783, -1.214846 ], [ 36.9111155, -1.2148856 ], [ 36.9112146, -1.2148922 ], [ 36.9113687, -1.2148975 ], [ 36.9114808, -1.2148777 ], [ 36.9115775, -1.2148072 ], [ 36.9116425, -1.2147594 ], [ 36.9117194, -1.2147462 ], [ 36.9117658, -1.2147384 ], [ 36.9119076, -1.2146459 ], [ 36.9120165, -1.2145832 ], [ 36.9120736, -1.2144742 ], [ 36.9121321, -1.2144087 ], [ 36.9121562, -1.2143559 ], [ 36.9123257, -1.2143005 ], [ 36.9123515, -1.2143338 ], [ 36.9124, -1.2143424 ], [ 36.9124255, -1.214341 ], [ 36.912441, -1.2143063 ], [ 36.9124509, -1.2142653 ], [ 36.9124795, -1.2142376 ], [ 36.912531, -1.2142293 ], [ 36.912574, -1.2142231 ], [ 36.9126155, -1.2141947 ], [ 36.91264, -1.2141614 ], [ 36.9126756, -1.2141053 ], [ 36.9127115, -1.2140692 ], [ 36.9127724, -1.214032 ], [ 36.9128551, -1.2140259 ], [ 36.9128948, -1.2140225 ], [ 36.9129305, -1.213978 ], [ 36.9129485, -1.2139102 ], [ 36.9129769, -1.2138445 ], [ 36.9130545, -1.2137854 ], [ 36.9131342, -1.2137381 ], [ 36.9132015, -1.2137154 ], [ 36.9132215, -1.2137363 ], [ 36.9132261, -1.2137524 ], [ 36.9132925, -1.2137819 ], [ 36.913368, -1.2137845 ], [ 36.9134218, -1.213768 ], [ 36.9134788, -1.2137468 ], [ 36.9135312, -1.2137167 ], [ 36.9136396, -1.2136859 ], [ 36.9137464, -1.2136498 ], [ 36.9138432, -1.2135902 ], [ 36.9139048, -1.213544 ], [ 36.9140283, -1.2134904 ], [ 36.9141171, -1.2134542 ], [ 36.9142157, -1.2134342 ], [ 36.9143267, -1.2134348 ], [ 36.9143875, -1.2134305 ], [ 36.9144588, -1.2133913 ], [ 36.914495, -1.213405 ], [ 36.9145689, -1.2134146 ], [ 36.914657, -1.2133839 ], [ 36.9147062, -1.2133438 ], [ 36.914768, -1.2132506 ], [ 36.9148177, -1.2131785 ], [ 36.9148722, -1.2131495 ], [ 36.9149792, -1.2131851 ], [ 36.9150712, -1.2131906 ], [ 36.9151858, -1.2131519 ], [ 36.915253, -1.213159 ], [ 36.9153583, -1.2130895 ], [ 36.9154117, -1.2130375 ], [ 36.9155112, -1.2129954 ], [ 36.9155858, -1.2129771 ], [ 36.9156584, -1.2129297 ], [ 36.9157832, -1.2128127 ], [ 36.915874, -1.2127699 ], [ 36.9159443, -1.2127328 ] ] } },
{ "type": "Feature", "properties": { "fid": 572, "osm_id": "1214634392", "code": 8102, "fclass": "stream", "width": 0, "name": null }, "geometry": { "type": "LineString", "coordinates": [ [ 36.8990364, -1.2112953 ], [ 36.8996166, -1.2111077 ], [ 36.8998286, -1.2110676 ], [ 36.8998775, -1.2110471 ] ] } },
{ "type": "Feature", "properties": { "fid": 573, "osm_id": "1214634393", "code": 8102, "fclass": "stream", "width": 0, "name": null }, "geometry": { "type": "LineString", "coordinates": [ [ 36.8998775, -1.2110471 ], [ 36.8999765, -1.2110056 ] ] } },
{ "type": "Feature", "properties": { "fid": 574, "osm_id": "1214634394", "code": 8102, "fclass": "stream", "width": 0, "name": null }, "geometry": { "type": "LineString", "coordinates": [ [ 36.8999765, -1.2110056 ], [ 36.9001484, -1.2109336 ], [ 36.9004313, -1.2108726 ], [ 36.900775, -1.2107238 ], [ 36.9010713, -1.2105943 ], [ 36.901522, -1.2104729 ], [ 36.9019469, -1.2104495 ], [ 36.9022359, -1.2104415 ], [ 36.9025907, -1.2104312 ], [ 36.9029024, -1.2104289 ], [ 36.9032769, -1.2104359 ], [ 36.9036115, -1.2105599 ], [ 36.9038641, -1.2106742 ] ] } },
{ "type": "Feature", "properties": { "fid": 575, "osm_id": "1214634395", "code": 8102, "fclass": "stream", "width": 0, "name": null }, "geometry": { "type": "LineString", "coordinates": [ [ 36.9038641, -1.2106742 ], [ 36.9039671, -1.2107209 ] ] } },
{ "type": "Feature", "properties": { "fid": 576, "osm_id": "1214634396", "code": 8102, "fclass": "stream", "width": 0, "name": null }, "geometry": { "type": "LineString", "coordinates": [ [ 36.9039671, -1.2107209 ], [ 36.904017, -1.2107435 ], [ 36.9042195, -1.2108438 ], [ 36.9044133, -1.2109548 ], [ 36.9045384, -1.2110614 ], [ 36.9047186, -1.2112334 ], [ 36.9047837, -1.2113011 ], [ 36.9048343, -1.2113794 ], [ 36.9048775, -1.2115005 ] ] } },
{ "type": "Feature", "properties": { "fid": 577, "osm_id": "1214634397", "code": 8102, "fclass": "stream", "width": 0, "name": null }, "geometry": { "type": "LineString", "coordinates": [ [ 36.9049135, -1.2116099 ], [ 36.9049862, -1.2117945 ] ] } },
{ "type": "Feature", "properties": { "fid": 578, "osm_id": "1214634398", "code": 8102, "fclass": "stream", "width": 0, "name": null }, "geometry": { "type": "LineString", "coordinates": [ [ 36.9048775, -1.2115005 ], [ 36.9049135, -1.2116099 ] ] } },
{ "type": "Feature", "properties": { "fid": 579, "osm_id": "1214634399", "code": 8102, "fclass": "stream", "width": 0, "name": null }, "geometry": { "type": "LineString", "coordinates": [ [ 36.9049862, -1.2117945 ], [ 36.9050391, -1.2119291 ] ] } },
{ "type": "Feature", "properties": { "fid": 580, "osm_id": "1214634400", "code": 8102, "fclass": "stream", "width": 0, "name": null }, "geometry": { "type": "LineString", "coordinates": [ [ 36.9050391, -1.2119291 ], [ 36.9050791, -1.2120307 ] ] } },
{ "type": "Feature", "properties": { "fid": 581, "osm_id": "1214634401", "code": 8102, "fclass": "stream", "width": 0, "name": null }, "geometry": { "type": "LineString", "coordinates": [ [ 36.9050791, -1.2120307 ], [ 36.9051297, -1.2121593 ], [ 36.9051679, -1.2122246 ], [ 36.9052432, -1.2124223 ], [ 36.9052605, -1.2124426 ], [ 36.905297, -1.2124416 ], [ 36.9054086, -1.2124015 ], [ 36.9055693, -1.2123347 ], [ 36.9057997, -1.2122421 ] ] } },
{ "type": "Feature", "properties": { "fid": 582, "osm_id": "1214634402", "code": 8102, "fclass": "stream", "width": 0, "name": null }, "geometry": { "type": "LineString", "coordinates": [ [ 36.9057997, -1.2122421 ], [ 36.9058947, -1.2123056 ] ] } },
{ "type": "Feature", "properties": { "fid": 583, "osm_id": "1214634403", "code": 8102, "fclass": "stream", "width": 0, "name": null }, "geometry": { "type": "LineString", "coordinates": [ [ 36.9058947, -1.2123056 ], [ 36.9059009, -1.2123097 ], [ 36.905974, -1.2123466 ], [ 36.9060177, -1.2123873 ], [ 36.9060585, -1.2124354 ], [ 36.9060991, -1.2124654 ], [ 36.9061886, -1.2124815 ], [ 36.9062526, -1.21254 ], [ 36.9063154, -1.212647 ], [ 36.9063598, -1.2126978 ], [ 36.9063829, -1.2127243 ], [ 36.9064106, -1.2127493 ], [ 36.9064737, -1.2127449 ], [ 36.9065378, -1.2127477 ], [ 36.9066039, -1.2127831 ], [ 36.9066811, -1.2127881 ], [ 36.9067395, -1.2127981 ], [ 36.9067851, -1.2128287 ], [ 36.9068544, -1.2129007 ], [ 36.9069378, -1.2129384 ], [ 36.9070502, -1.2129712 ], [ 36.9071754, -1.2130118 ], [ 36.9072826, -1.2130748 ], [ 36.9073917, -1.2131724 ], [ 36.9074339, -1.2132349 ], [ 36.9074661, -1.2132934 ], [ 36.9075228, -1.2133241 ], [ 36.9075888, -1.213316 ], [ 36.9076621, -1.2133634 ], [ 36.9077712, -1.2134365 ], [ 36.9078827, -1.21351 ], [ 36.9079808, -1.2135964 ], [ 36.9080623, -1.2136623 ], [ 36.90809, -1.2136914 ] ] } },
{ "type": "Feature", "properties": { "fid": 584, "osm_id": "1214634404", "code": 8102, "fclass": "stream", "width": 0, "name": null }, "geometry": { "type": "LineString", "coordinates": [ [ 36.90809, -1.2136914 ], [ 36.9081587, -1.2137636 ] ] } },
{ "type": "Feature", "properties": { "fid": 585, "osm_id": "1214634405", "code": 8102, "fclass": "stream", "width": 0, "name": null }, "geometry": { "type": "LineString", "coordinates": [ [ 36.9081587, -1.2137636 ], [ 36.9081971, -1.213804 ], [ 36.9083103, -1.2138732 ], [ 36.9084203, -1.2139234 ], [ 36.9085043, -1.2139593 ], [ 36.9085793, -1.2139927 ], [ 36.9086521, -1.2140016 ], [ 36.9086931, -1.2140073 ], [ 36.9088026, -1.2141052 ], [ 36.9091016, -1.2144096 ], [ 36.9092346, -1.2144972 ], [ 36.9093154, -1.2145189 ], [ 36.9094287, -1.2146023 ], [ 36.9095714, -1.2147016 ], [ 36.9097115, -1.214777 ], [ 36.9098455, -1.2147924 ], [ 36.9101241, -1.2148393 ], [ 36.9103846, -1.214866 ] ] } },
{ "type": "Feature", "properties": { "fid": 586, "osm_id": "1214634406", "code": 8102, "fclass": "stream", "width": 0, "name": null }, "geometry": { "type": "LineString", "coordinates": [ [ 36.9103846, -1.214866 ], [ 36.9105025, -1.2148781 ] ] } },
{ "type": "Feature", "properties": { "fid": 587, "osm_id": "1214634407", "code": 8102, "fclass": "stream", "width": 0, "name": null }, "geometry": { "type": "LineString", "coordinates": [ [ 36.9059436, -1.2133387 ], [ 36.9060197, -1.213311 ], [ 36.9060731, -1.213282 ], [ 36.9061152, -1.2132707 ], [ 36.9061721, -1.2132574 ], [ 36.9062089, -1.2132297 ], [ 36.9062601, -1.2132111 ], [ 36.9062899, -1.2132056 ], [ 36.9062794, -1.2131476 ], [ 36.9062764, -1.2130708 ], [ 36.9062557, -1.2129246 ], [ 36.9062384, -1.2128127 ], [ 36.906242, -1.2127803 ], [ 36.9062739, -1.2127489 ], [ 36.9063598, -1.2126978 ] ] } },
{ "type": "Feature", "properties": { "fid": 588, "osm_id": "1214634408", "code": 8102, "fclass": "stream", "width": 0, "name": null }, "geometry": { "type": "LineString", "coordinates": [ [ 36.9063633, -1.2136896 ], [ 36.9063579, -1.2136406 ], [ 36.9063668, -1.21359 ], [ 36.9063601, -1.2135529 ], [ 36.9063433, -1.2134581 ], [ 36.9063232, -1.2133598 ], [ 36.9063081, -1.2133056 ], [ 36.9063001, -1.2132565 ], [ 36.9062899, -1.2132056 ] ] } },
{ "type": "Feature", "properties": { "fid": 589, "osm_id": "1214634409", "code": 8102, "fclass": "stream", "width": 0, "name": null }, "geometry": { "type": "LineString", "coordinates": [ [ 36.9057044, -1.213424 ], [ 36.905769, -1.2133998 ], [ 36.9058705, -1.2133648 ], [ 36.9058985, -1.2133548 ] ] } },
{ "type": "Feature", "properties": { "fid": 590, "osm_id": "1214634410", "code": 8102, "fclass": "stream", "width": 0, "name": null }, "geometry": { "type": "LineString", "coordinates": [ [ 36.9058985, -1.2133548 ], [ 36.9059281, -1.2133442 ], [ 36.9059436, -1.2133387 ] ] } },
{ "type": "Feature", "properties": { "fid": 591, "osm_id": "1237632481", "code": 8102, "fclass": "stream", "width": 0, "name": "Motoine River" }, "geometry": { "type": "LineString", "coordinates": [ [ 36.7303517, -1.3088744 ], [ 36.7306836, -1.3092191 ], [ 36.7310026, -1.3094995 ], [ 36.7315815, -1.3098905 ], [ 36.7319803, -1.3100191 ], [ 36.7323251, -1.3102043 ], [ 36.7325593, -1.310266 ], [ 36.7330533, -1.3103072 ], [ 36.7339718, -1.3105464 ], [ 36.7346691, -1.3105747 ], [ 36.7352274, -1.3105644 ], [ 36.735724, -1.310567 ], [ 36.7361228, -1.3106364 ] ] } },
{ "type": "Feature", "properties": { "fid": 592, "osm_id": "1252970514", "code": 8101, "fclass": "river", "width": 0, "name": "Rungiri River" }, "geometry": { "type": "LineString", "coordinates": [ [ 36.7208916, -1.2735483 ], [ 36.7213501, -1.2735161 ], [ 36.7218536, -1.2735296 ], [ 36.7221206, -1.2734282 ], [ 36.722276, -1.2735093 ], [ 36.722516, -1.2737323 ], [ 36.7228438, -1.2739384 ], [ 36.7230837, -1.2740566 ], [ 36.7234406, -1.2742903 ] ] } },
{ "type": "Feature", "properties": { "fid": 593, "osm_id": "1252970515", "code": 8101, "fclass": "river", "width": 0, "name": null }, "geometry": { "type": "LineString", "coordinates": [ [ 36.7207737, -1.2735561 ], [ 36.7208916, -1.2735483 ] ] } },
{ "type": "Feature", "properties": { "fid": 594, "osm_id": "1253261557", "code": 8102, "fclass": "stream", "width": 0, "name": null }, "geometry": { "type": "LineString", "coordinates": [ [ 36.6939486, -1.2691928 ], [ 36.693998, -1.2692174 ] ] } },
{ "type": "Feature", "properties": { "fid": 595, "osm_id": "1262644024", "code": 8102, "fclass": "stream", "width": 0, "name": null }, "geometry": { "type": "LineString", "coordinates": [ [ 36.8940155, -1.2588363 ], [ 36.8940561, -1.2587262 ] ] } },
{ "type": "Feature", "properties": { "fid": 596, "osm_id": "1262644025", "code": 8102, "fclass": "stream", "width": 0, "name": null }, "geometry": { "type": "LineString", "coordinates": [ [ 36.8862844, -1.2683405 ], [ 36.8866762, -1.2679172 ], [ 36.8870085, -1.2677366 ], [ 36.8873975, -1.267506 ], [ 36.8874833, -1.2674336 ], [ 36.8875396, -1.2673371 ], [ 36.8875986, -1.2672057 ], [ 36.8876442, -1.2670743 ], [ 36.8877143, -1.2668598 ], [ 36.8877353, -1.2667956 ], [ 36.8877656, -1.2667349 ], [ 36.8878088, -1.26668 ], [ 36.887852, -1.2666508 ], [ 36.8878943, -1.2666337 ], [ 36.8879501, -1.2666111 ], [ 36.8886167, -1.2663827 ], [ 36.8886698, -1.266357 ], [ 36.8887118, -1.266346 ], [ 36.8890175, -1.2662253 ], [ 36.8891409, -1.2661851 ], [ 36.8892053, -1.2661556 ], [ 36.8892428, -1.2660939 ], [ 36.8893716, -1.265925 ], [ 36.8895084, -1.2657132 ], [ 36.8897254, -1.2654166 ], [ 36.8897873, -1.2653281 ], [ 36.8898599, -1.2652644 ], [ 36.8899413, -1.2651671 ], [ 36.8899891, -1.2650769 ], [ 36.8900545, -1.2649336 ], [ 36.8900616, -1.2648221 ], [ 36.8900599, -1.2647655 ], [ 36.8900422, -1.2647266 ], [ 36.8899979, -1.2646983 ], [ 36.8899342, -1.2646063 ], [ 36.8898687, -1.2644772 ], [ 36.8898227, -1.2643622 ], [ 36.8898121, -1.2642737 ], [ 36.8898086, -1.2641676 ], [ 36.889805, -1.2640384 ], [ 36.8898298, -1.2638367 ], [ 36.8898581, -1.2637146 ], [ 36.8898811, -1.2636209 ], [ 36.8899289, -1.2635236 ], [ 36.8900262, -1.2633927 ], [ 36.8901041, -1.2633095 ], [ 36.8901855, -1.2631715 ], [ 36.8902545, -1.263099 ], [ 36.890366, -1.2629168 ], [ 36.8904456, -1.2627876 ], [ 36.8904729, -1.2627576 ], [ 36.8905376, -1.2626797 ], [ 36.8906562, -1.2625806 ], [ 36.8907529, -1.2625156 ], [ 36.8908226, -1.2624756 ], [ 36.8908741, -1.2624386 ], [ 36.8909492, -1.2623768 ], [ 36.8909995, -1.2623029 ], [ 36.8912214, -1.2621923 ], [ 36.891373, -1.2620992 ], [ 36.8914437, -1.261903 ], [ 36.8915522, -1.2618133 ], [ 36.8915515, -1.2616437 ], [ 36.8916507, -1.2615365 ], [ 36.8918143, -1.261397 ], [ 36.8919082, -1.2613058 ], [ 36.8919699, -1.2612683 ], [ 36.8920208, -1.2612361 ], [ 36.8920718, -1.261153 ], [ 36.8921174, -1.2610136 ], [ 36.8921308, -1.2609224 ], [ 36.8921389, -1.2608339 ], [ 36.892163, -1.2607561 ], [ 36.892163, -1.2606918 ], [ 36.8921496, -1.2606194 ], [ 36.8921576, -1.2605845 ], [ 36.8921845, -1.260563 ], [ 36.8922166, -1.2605255 ], [ 36.8922354, -1.2604826 ], [ 36.8922488, -1.2604129 ], [ 36.8922757, -1.2603056 ], [ 36.8923186, -1.2601903 ], [ 36.8923776, -1.2600562 ], [ 36.8924795, -1.2598578 ], [ 36.8925331, -1.2597452 ], [ 36.8926378, -1.2596379 ], [ 36.8927531, -1.2595253 ], [ 36.8928769, -1.2593745 ], [ 36.8929329, -1.259215 ], [ 36.89315, -1.2591259 ], [ 36.8932793, -1.2590828 ], [ 36.8934006, -1.2590271 ], [ 36.8935219, -1.2589826 ], [ 36.8936019, -1.2589841 ], [ 36.893717, -1.258937 ], [ 36.8938318, -1.2589233 ], [ 36.8939654, -1.2588808 ], [ 36.8939992, -1.2588616 ], [ 36.8940155, -1.2588363 ] ] } },
{ "type": "Feature", "properties": { "fid": 597, "osm_id": "1280817804", "code": 8102, "fclass": "stream", "width": 0, "name": null }, "geometry": { "type": "LineString", "coordinates": [ [ 36.8655987, -1.3113226 ], [ 36.8662964, -1.3117372 ], [ 36.8664589, -1.3118586 ], [ 36.8665973, -1.3125585 ], [ 36.8666235, -1.3126322 ], [ 36.8667187, -1.3127004 ], [ 36.866786, -1.3128171 ], [ 36.8668626, -1.3129609 ], [ 36.8669815, -1.3130811 ] ] } },
{ "type": "Feature", "properties": { "fid": 598, "osm_id": "1296579173", "code": 8102, "fclass": "stream", "width": 0, "name": null }, "geometry": { "type": "MultiLineString", "coordinates": [ [ [ 36.924812416532021, -1.427503143433719 ], [ 36.9248825, -1.4274902 ], [ 36.925317, -1.427458 ], [ 36.9254807, -1.427379 ], [ 36.9255799, -1.4273039 ], [ 36.9256416, -1.4273602 ], [ 36.9255799, -1.4275103 ], [ 36.9255759, -1.427639 ], [ 36.925655977347184, -1.427884136556129 ] ], [ [ 36.926115552780693, -1.428091703190622 ], [ 36.9262558, -1.4281177 ], [ 36.9264704, -1.428048 ], [ 36.9267386, -1.4277691 ], [ 36.927259, -1.4280104 ], [ 36.9278759, -1.4283268 ], [ 36.9284606, -1.4283483 ], [ 36.9286001, -1.428241 ], [ 36.9289166, -1.428418 ], [ 36.9291419, -1.4283644 ], [ 36.9291955, -1.4280211 ], [ 36.9291526, -1.4276886 ], [ 36.9291848, -1.4275331 ], [ 36.9293243, -1.4276243 ], [ 36.9296515, -1.427517 ], [ 36.9298178, -1.4277476 ], [ 36.9299358, -1.4280051 ], [ 36.9299787, -1.4281659 ], [ 36.9297856, -1.4283483 ], [ 36.9297427, -1.4287076 ], [ 36.9299036, -1.4290615 ], [ 36.9301557, -1.429217 ], [ 36.930306, -1.4290615 ], [ 36.9304991, -1.4289328 ], [ 36.9307029, -1.4290883 ], [ 36.9309819, -1.4295442 ], [ 36.9312125, -1.4294315 ], [ 36.9314915, -1.4294476 ], [ 36.9316846, -1.4297104 ], [ 36.9316471, -1.4298981 ], [ 36.931749, -1.4300483 ], [ 36.9320816, -1.4300697 ], [ 36.9323766, -1.4301984 ], [ 36.933088862949603, -1.430466978061527 ] ], [ [ 36.933967822675513, -1.430470992144635 ], [ 36.9344044, -1.4302091 ], [ 36.934850734957458, -1.430475024278501 ] ] ] } },
{ "type": "Feature", "properties": { "fid": 599, "osm_id": "1299179845", "code": 8102, "fclass": "stream", "width": 0, "name": null }, "geometry": { "type": "LineString", "coordinates": [ [ 36.9164591, -1.270286 ], [ 36.9163151, -1.2705357 ], [ 36.9160954, -1.2711286 ], [ 36.9159181, -1.2715654 ], [ 36.9157268, -1.2719492 ], [ 36.915698, -1.2720236 ] ] } },
{ "type": "Feature", "properties": { "fid": 600, "osm_id": "1299179846", "code": 8102, "fclass": "stream", "width": 0, "name": null }, "geometry": { "type": "LineString", "coordinates": [ [ 36.916516, -1.2701808 ], [ 36.9164591, -1.270286 ] ] } },
{ "type": "Feature", "properties": { "fid": 601, "osm_id": "1299179847", "code": 8102, "fclass": "stream", "width": 0, "name": null }, "geometry": { "type": "LineString", "coordinates": [ [ 36.915698, -1.2720236 ], [ 36.9156069, -1.2721769 ] ] } },
{ "type": "Feature", "properties": { "fid": 602, "osm_id": "1300557392", "code": 8101, "fclass": "river", "width": 0, "name": null }, "geometry": { "type": "LineString", "coordinates": [ [ 36.930263, -1.2432324 ], [ 36.9303757, -1.2430259 ], [ 36.9302818, -1.2427926 ], [ 36.9300914, -1.2426344 ], [ 36.9299492, -1.2423689 ], [ 36.9299197, -1.2420954 ], [ 36.9299197, -1.2418379 ], [ 36.9300565, -1.2418111 ], [ 36.9302899, -1.2416958 ], [ 36.9304588, -1.2416824 ], [ 36.9306225, -1.2417655 ], [ 36.9308773, -1.2418433 ], [ 36.9311616, -1.2418245 ], [ 36.9312926, -1.2417926 ], [ 36.9313473, -1.2417787 ], [ 36.9314377, -1.2417443 ], [ 36.9315294, -1.2416666 ], [ 36.9315514, -1.2416518 ], [ 36.9315608, -1.2415926 ], [ 36.931548, -1.2415517 ], [ 36.9315807, -1.2414384 ], [ 36.9316466, -1.2413892 ] ] } },
{ "type": "Feature", "properties": { "fid": 603, "osm_id": "1301065381", "code": 8102, "fclass": "stream", "width": 0, "name": null }, "geometry": { "type": "LineString", "coordinates": [ [ 36.9345894, -1.2428087 ], [ 36.9346847, -1.2427577 ], [ 36.9347732, -1.2426719 ], [ 36.9348818, -1.2425499 ], [ 36.934977, -1.2425177 ], [ 36.9350818, -1.242494 ] ] } },
{ "type": "Feature", "properties": { "fid": 604, "osm_id": "1319132006", "code": 8102, "fclass": "stream", "width": 0, "name": "Kiu River" }, "geometry": { "type": "LineString", "coordinates": [ [ 36.89550074601943, -1.185022262012922 ], [ 36.8955648, -1.1851263 ], [ 36.8957364, -1.1854427 ], [ 36.8959403, -1.1858396 ], [ 36.8961012, -1.1861131 ], [ 36.8962823, -1.1865494 ], [ 36.8968257, -1.1868375 ], [ 36.8971303, -1.1868868 ], [ 36.8971854, -1.1868941 ], [ 36.8974432, -1.186928 ], [ 36.8976063, -1.186997 ] ] } },
{ "type": "Feature", "properties": { "fid": 605, "osm_id": "1319132009", "code": 8102, "fclass": "stream", "width": 0, "name": null }, "geometry": { "type": "LineString", "coordinates": [ [ 36.8995183, -1.1931531 ], [ 36.8995568, -1.1931511 ], [ 36.8996445, -1.1931574 ], [ 36.8997464, -1.1931033 ], [ 36.8999788, -1.1931355 ], [ 36.9000718, -1.1931426 ], [ 36.9001684, -1.1931319 ], [ 36.9003365, -1.1931569 ], [ 36.9004795, -1.1931569 ], [ 36.900619, -1.1931605 ], [ 36.9007477, -1.1931891 ], [ 36.901016, -1.1932356 ], [ 36.9012198, -1.1932964 ], [ 36.9013807, -1.1933214 ], [ 36.9016633, -1.193325 ], [ 36.9020888, -1.19335 ], [ 36.9022462, -1.1934072 ], [ 36.9022878, -1.1934229 ] ] } },
{ "type": "Feature", "properties": { "fid": 606, "osm_id": "1319132010", "code": 8102, "fclass": "stream", "width": 0, "name": null }, "geometry": { "type": "LineString", "coordinates": [ [ 36.8994482, -1.1931655 ], [ 36.8995183, -1.1931531 ] ] } },
{ "type": "Feature", "properties": { "fid": 607, "osm_id": "1319132011", "code": 8102, "fclass": "stream", "width": 0, "name": null }, "geometry": { "type": "LineString", "coordinates": [ [ 36.9022878, -1.1934229 ], [ 36.902318, -1.1935026 ], [ 36.9023144, -1.1935741 ], [ 36.9022769, -1.1936242 ], [ 36.9022268, -1.1936545 ], [ 36.9021857, -1.193642 ], [ 36.9021481, -1.193701 ], [ 36.9021481, -1.1937886 ], [ 36.9021159, -1.193828 ], [ 36.9021088, -1.193912 ], [ 36.9020641, -1.1940711 ], [ 36.9020605, -1.1941855 ], [ 36.9020927, -1.194223 ], [ 36.9022965, -1.1942302 ], [ 36.9026327, -1.1943232 ], [ 36.9028562, -1.1944 ], [ 36.9030757, -1.1944348 ] ] } },
{ "type": "Feature", "properties": { "fid": 608, "osm_id": "1319132012", "code": 8102, "fclass": "stream", "width": 0, "name": null }, "geometry": { "type": "LineString", "coordinates": [ [ 36.9173092, -1.199361 ], [ 36.9173778, -1.1993256 ], [ 36.9174385, -1.19932 ], [ 36.9175209, -1.199293 ], [ 36.9175244, -1.1992919 ], [ 36.9177884, -1.1990679 ], [ 36.9179304, -1.1988849 ], [ 36.9180734, -1.1988449 ], [ 36.918104089178435, -1.19884373753112 ] ] } },
{ "type": "Feature", "properties": { "fid": 609, "osm_id": "1319135090", "code": 8101, "fclass": "river", "width": 0, "name": null }, "geometry": { "type": "LineString", "coordinates": [ [ 37.0386953, -1.2126101 ], [ 37.0387127, -1.2126422 ] ] } },
{ "type": "Feature", "properties": { "fid": 610, "osm_id": "1319260321", "code": 8102, "fclass": "stream", "width": 0, "name": null }, "geometry": { "type": "LineString", "coordinates": [ [ 36.9169057, -1.1993 ], [ 36.9169571, -1.1993141 ], [ 36.9170099, -1.1993492 ], [ 36.9170525, -1.1993961 ], [ 36.9171165, -1.1994174 ], [ 36.9172103, -1.1994217 ], [ 36.9172539, -1.1993976 ], [ 36.917285, -1.1993743 ], [ 36.9172979, -1.1993676 ], [ 36.9173092, -1.199361 ] ] } },
{ "type": "Feature", "properties": { "fid": 611, "osm_id": "1333656953", "code": 8103, "fclass": "canal", "width": 0, "name": null }, "geometry": { "type": "LineString", "coordinates": [ [ 36.8123094, -1.2608031 ], [ 36.8123373, -1.2608163 ] ] } },
{ "type": "Feature", "properties": { "fid": 612, "osm_id": "1333656954", "code": 8104, "fclass": "drain", "width": 0, "name": null }, "geometry": { "type": "LineString", "coordinates": [ [ 36.8044311, -1.2587672 ], [ 36.8049951, -1.2590756 ], [ 36.8051309, -1.2591499 ], [ 36.8064132, -1.259851 ], [ 36.8080874, -1.260854 ], [ 36.807959, -1.2610547 ], [ 36.8079302, -1.2611312 ], [ 36.8080643, -1.2611479 ], [ 36.8083942, -1.2606646 ], [ 36.8095321, -1.2610497 ] ] } },
{ "type": "Feature", "properties": { "fid": 613, "osm_id": "1334957258", "code": 8102, "fclass": "stream", "width": 0, "name": null }, "geometry": { "type": "LineString", "coordinates": [ [ 36.9536662, -1.2644595 ], [ 36.9539924, -1.2641955 ], [ 36.9541022, -1.2638175 ] ] } },
{ "type": "Feature", "properties": { "fid": 614, "osm_id": "1334957259", "code": 8102, "fclass": "stream", "width": 0, "name": null }, "geometry": { "type": "LineString", "coordinates": [ [ 36.9535788, -1.264508 ], [ 36.9536662, -1.2644595 ] ] } },
{ "type": "Feature", "properties": { "fid": 615, "osm_id": "1348070093", "code": 8103, "fclass": "canal", "width": 0, "name": null }, "geometry": { "type": "LineString", "coordinates": [ [ 36.8117163, -1.2605228 ], [ 36.8123094, -1.2608031 ] ] } },
{ "type": "Feature", "properties": { "fid": 616, "osm_id": "1348070094", "code": 8103, "fclass": "canal", "width": 0, "name": null }, "geometry": { "type": "LineString", "coordinates": [ [ 36.8116813, -1.2605063 ], [ 36.8117163, -1.2605228 ] ] } },
{ "type": "Feature", "properties": { "fid": 617, "osm_id": "1354980131", "code": 8104, "fclass": "drain", "width": 0, "name": "Kayole Drain" }, "geometry": { "type": "LineString", "coordinates": [ [ 36.9247738, -1.2582646 ], [ 36.9247967, -1.2581489 ], [ 36.9248206, -1.2580714 ], [ 36.9248332, -1.2580158 ], [ 36.9248367, -1.2579879 ], [ 36.9248593, -1.2579623 ], [ 36.9248903, -1.2579234 ], [ 36.9249164, -1.2579021 ], [ 36.9249463, -1.2578771 ], [ 36.9249845, -1.2578536 ], [ 36.9250214, -1.2578074 ], [ 36.9250377, -1.2577932 ], [ 36.9250927, -1.2577295 ], [ 36.9252014, -1.257641 ], [ 36.9252852, -1.2575484 ], [ 36.9253504, -1.2574376 ], [ 36.9253501, -1.2572927 ] ] } },
{ "type": "Feature", "properties": { "fid": 618, "osm_id": "1354980132", "code": 8104, "fclass": "drain", "width": 0, "name": "Kayole Drain" }, "geometry": { "type": "LineString", "coordinates": [ [ 36.9247594, -1.2583076 ], [ 36.9247738, -1.2582646 ] ] } },
{ "type": "Feature", "properties": { "fid": 619, "osm_id": "1354980133", "code": 8104, "fclass": "drain", "width": 0, "name": "Kayole Drain" }, "geometry": { "type": "LineString", "coordinates": [ [ 36.9236969, -1.2602075 ], [ 36.9236867, -1.2601669 ], [ 36.9237191, -1.2601176 ], [ 36.9237332, -1.2600651 ], [ 36.9237133, -1.2600464 ], [ 36.9237512, -1.2599794 ], [ 36.9237441, -1.259955 ], [ 36.9237613, -1.2599215 ], [ 36.9238186, -1.2598754 ], [ 36.9238206, -1.2598268 ], [ 36.9239974, -1.2600089 ], [ 36.9240072, -1.2599584 ], [ 36.9240503, -1.2598797 ], [ 36.9240541, -1.2598048 ], [ 36.924087, -1.2597199 ], [ 36.9241204, -1.259597 ], [ 36.924113, -1.2595156 ], [ 36.9241111, -1.259454 ], [ 36.924123, -1.2593947 ], [ 36.9241213, -1.259334 ], [ 36.9241199, -1.2592574 ], [ 36.9241089, -1.2591964 ], [ 36.9241036, -1.259136 ], [ 36.9241109, -1.2590832 ], [ 36.924151, -1.2590363 ], [ 36.9242001, -1.2589674 ] ] } },
{ "type": "Feature", "properties": { "fid": 620, "osm_id": "1354980134", "code": 8104, "fclass": "drain", "width": 0, "name": "Kayole Drain" }, "geometry": { "type": "LineString", "coordinates": [ [ 36.9236522, -1.2602685 ], [ 36.9236969, -1.2602075 ] ] } },
{ "type": "Feature", "properties": { "fid": 621, "osm_id": "1354980135", "code": 8104, "fclass": "drain", "width": 0, "name": "Kayole Drain" }, "geometry": { "type": "LineString", "coordinates": [ [ 36.9242438, -1.2589198 ], [ 36.9242617, -1.2588229 ], [ 36.9243094, -1.2587674 ], [ 36.9243181, -1.2587317 ], [ 36.924324, -1.2587264 ], [ 36.9243383, -1.2587076 ], [ 36.9243488, -1.2586922 ], [ 36.9243655, -1.2586419 ], [ 36.9243702, -1.2586152 ], [ 36.9243839, -1.2585742 ], [ 36.9244201, -1.2585709 ], [ 36.9245114, -1.2585338 ], [ 36.9245771, -1.2585122 ], [ 36.9246267, -1.258492 ], [ 36.9246458, -1.2584562 ], [ 36.9246784, -1.2584113 ], [ 36.9247128, -1.2583779 ], [ 36.9247454, -1.258331 ], [ 36.9247594, -1.2583076 ] ] } },
{ "type": "Feature", "properties": { "fid": 622, "osm_id": "1354980136", "code": 8104, "fclass": "drain", "width": 0, "name": "Kayole Drain" }, "geometry": { "type": "LineString", "coordinates": [ [ 36.9242001, -1.2589674 ], [ 36.9242438, -1.2589198 ] ] } },
{ "type": "Feature", "properties": { "fid": 623, "osm_id": "1368131582", "code": 8101, "fclass": "river", "width": 0, "name": null }, "geometry": { "type": "LineString", "coordinates": [ [ 36.818751, -1.2649724 ], [ 36.8189222, -1.2650772 ], [ 36.8193352, -1.2653239 ], [ 36.8200601, -1.2660837 ], [ 36.8202203, -1.2662377 ], [ 36.8204606, -1.2665088 ], [ 36.8209289, -1.2670078 ], [ 36.8210275, -1.2670817 ], [ 36.821539, -1.267168 ], [ 36.8218902, -1.2672357 ], [ 36.822032, -1.2672912 ], [ 36.8221121, -1.2673959 ], [ 36.8221195, -1.2674064 ] ] } },
{ "type": "Feature", "properties": { "fid": 624, "osm_id": "1380327625", "code": 8102, "fclass": "stream", "width": 0, "name": null }, "geometry": { "type": "LineString", "coordinates": [ [ 36.7588556, -1.351376 ], [ 36.7589101, -1.351411 ], [ 36.7589624, -1.351422 ], [ 36.759005, -1.3514522 ], [ 36.7590421, -1.3514618 ], [ 36.7591287, -1.3514646 ], [ 36.7592002, -1.351466 ], [ 36.7592827, -1.3514357 ], [ 36.7593377, -1.3514041 ], [ 36.7593996, -1.3514068 ], [ 36.7594807, -1.3514068 ], [ 36.759533, -1.3514137 ], [ 36.7595646, -1.3514192 ], [ 36.7596512, -1.351433 ], [ 36.7597255, -1.3514082 ], [ 36.7597406, -1.3513519 ], [ 36.7597282, -1.3512831 ], [ 36.759764, -1.3511979 ], [ 36.7598025, -1.3511663 ], [ 36.7598327, -1.3511292 ], [ 36.7598877, -1.3510934 ], [ 36.7599345, -1.3511113 ], [ 36.759984, -1.3511209 ], [ 36.7600238, -1.3511209 ], [ 36.7600651, -1.3511196 ], [ 36.7601036, -1.3511333 ], [ 36.760138, -1.3511594 ], [ 36.7601696, -1.3511773 ], [ 36.7602053, -1.351169 ], [ 36.7602768, -1.3511842 ], [ 36.7603745, -1.3511993 ], [ 36.7604088, -1.3512405 ], [ 36.7604171, -1.3512928 ], [ 36.7604625, -1.351345 ], [ 36.7604996, -1.3513642 ], [ 36.7605576, -1.3513764 ] ] } },
{ "type": "Feature", "properties": { "fid": 625, "osm_id": "1380328504", "code": 8102, "fclass": "stream", "width": 0, "name": null }, "geometry": { "type": "LineString", "coordinates": [ [ 36.7612219, -1.3516458 ], [ 36.7612412, -1.3517402 ], [ 36.7612916, -1.3518154 ], [ 36.7613413, -1.3518651 ], [ 36.7614003, -1.3519048 ], [ 36.7614712, -1.3518806 ], [ 36.7615259, -1.351885 ], [ 36.7615526, -1.3519148 ], [ 36.7615943, -1.3519421 ], [ 36.7616259, -1.3519806 ], [ 36.761685, -1.3519949 ], [ 36.7617515, -1.3520223 ] ] } },
{ "type": "Feature", "properties": { "fid": 626, "osm_id": "1380328924", "code": 8102, "fclass": "stream", "width": 0, "name": null }, "geometry": { "type": "LineString", "coordinates": [ [ 36.761774, -1.3520876 ], [ 36.7618097, -1.3521915 ] ] } },
{ "type": "Feature", "properties": { "fid": 627, "osm_id": "1380328925", "code": 8102, "fclass": "stream", "width": 0, "name": null }, "geometry": { "type": "LineString", "coordinates": [ [ 36.7618097, -1.3521915 ], [ 36.7618133, -1.3522018 ] ] } },
{ "type": "Feature", "properties": { "fid": 628, "osm_id": "1380328926", "code": 8102, "fclass": "stream", "width": 0, "name": null }, "geometry": { "type": "LineString", "coordinates": [ [ 36.7617515, -1.3520223 ], [ 36.761774, -1.3520876 ] ] } },
{ "type": "Feature", "properties": { "fid": 629, "osm_id": "1380329430", "code": 8102, "fclass": "stream", "width": 0, "name": null }, "geometry": { "type": "LineString", "coordinates": [ [ 36.7618133, -1.3522018 ], [ 36.7618829, -1.3522854 ], [ 36.7619334, -1.3523615 ], [ 36.7619934, -1.3523933 ], [ 36.7620458, -1.3524707 ], [ 36.7621369, -1.3524902 ], [ 36.7621407, -1.3525707 ], [ 36.76215, -1.3525988 ], [ 36.7621831, -1.3526506 ], [ 36.7622162, -1.3527361 ], [ 36.7622474, -1.3527798 ], [ 36.7622674, -1.3528184 ], [ 36.7623117, -1.3528559 ], [ 36.7623404, -1.352907 ], [ 36.7623641, -1.3529507 ], [ 36.7623847, -1.3529931 ], [ 36.7624109, -1.353063 ], [ 36.7624515, -1.3531123 ], [ 36.7624846, -1.3531373 ] ] } },
{ "type": "Feature", "properties": { "fid": 630, "osm_id": "1415706961", "code": 8104, "fclass": "drain", "width": 0, "name": null }, "geometry": { "type": "LineString", "coordinates": [ [ 36.8095978, -1.2610755 ], [ 36.809741, -1.2611291 ], [ 36.8101017, -1.2612464 ], [ 36.8103482, -1.2613324 ], [ 36.8107104, -1.261468 ] ] } },
{ "type": "Feature", "properties": { "fid": 631, "osm_id": "1415706962", "code": 8104, "fclass": "drain", "width": 0, "name": null }, "geometry": { "type": "LineString", "coordinates": [ [ 36.8095321, -1.2610497 ], [ 36.8095978, -1.2610755 ] ] } },
{ "type": "Feature", "properties": { "fid": 632, "osm_id": "1415706965", "code": 8103, "fclass": "canal", "width": 0, "name": null }, "geometry": { "type": "LineString", "coordinates": [ [ 36.8111785, -1.2602867 ], [ 36.8116813, -1.2605063 ] ] } },
{ "type": "Feature", "properties": { "fid": 633, "osm_id": "1415708966", "code": 8104, "fclass": "drain", "width": 0, "name": null }, "geometry": { "type": "LineString", "coordinates": [ [ 36.8159268, -1.2633536 ], [ 36.8166024, -1.2637464 ] ] } },
{ "type": "Feature", "properties": { "fid": 634, "osm_id": "1415708967", "code": 8104, "fclass": "drain", "width": 0, "name": null }, "geometry": { "type": "LineString", "coordinates": [ [ 36.8158232, -1.2632972 ], [ 36.8159268, -1.2633536 ] ] } },
{ "type": "Feature", "properties": { "fid": 635, "osm_id": "1415708968", "code": 8104, "fclass": "drain", "width": 0, "name": null }, "geometry": { "type": "LineString", "coordinates": [ [ 36.8166476, -1.2637732 ], [ 36.8167667, -1.2638349 ] ] } },
{ "type": "Feature", "properties": { "fid": 636, "osm_id": "1415708969", "code": 8104, "fclass": "drain", "width": 0, "name": null }, "geometry": { "type": "LineString", "coordinates": [ [ 36.8166024, -1.2637464 ], [ 36.8166476, -1.2637732 ] ] } },
{ "type": "Feature", "properties": { "fid": 637, "osm_id": "1415708970", "code": 8104, "fclass": "drain", "width": 0, "name": null }, "geometry": { "type": "LineString", "coordinates": [ [ 36.8168297, -1.2638751 ], [ 36.8169467, -1.2639416 ], [ 36.8174148, -1.2641923 ], [ 36.8175422, -1.2642632 ] ] } },
{ "type": "Feature", "properties": { "fid": 638, "osm_id": "1415708971", "code": 8104, "fclass": "drain", "width": 0, "name": null }, "geometry": { "type": "LineString", "coordinates": [ [ 36.8167667, -1.2638349 ], [ 36.8168297, -1.2638751 ] ] } },
{ "type": "Feature", "properties": { "fid": 639, "osm_id": "1415708972", "code": 8104, "fclass": "drain", "width": 0, "name": null }, "geometry": { "type": "LineString", "coordinates": [ [ 36.8175928, -1.2642941 ], [ 36.8178463, -1.2644338 ] ] } },
{ "type": "Feature", "properties": { "fid": 640, "osm_id": "1415708973", "code": 8104, "fclass": "drain", "width": 0, "name": null }, "geometry": { "type": "LineString", "coordinates": [ [ 36.8175422, -1.2642632 ], [ 36.8175928, -1.2642941 ] ] } },
{ "type": "Feature", "properties": { "fid": 641, "osm_id": "1415708974", "code": 8103, "fclass": "canal", "width": 0, "name": null }, "geometry": { "type": "LineString", "coordinates": [ [ 36.8179338, -1.2644829 ], [ 36.818751, -1.2649724 ] ] } },
{ "type": "Feature", "properties": { "fid": 642, "osm_id": "1415708975", "code": 8103, "fclass": "canal", "width": 0, "name": null }, "geometry": { "type": "LineString", "coordinates": [ [ 36.8178463, -1.2644338 ], [ 36.8179338, -1.2644829 ] ] } },
{ "type": "Feature", "properties": { "fid": 643, "osm_id": "1416833555", "code": 8101, "fclass": "river", "width": 0, "name": null }, "geometry": { "type": "LineString", "coordinates": [ [ 36.8221195, -1.2674064 ], [ 36.8222418, -1.2675858 ] ] } },
{ "type": "Feature", "properties": { "fid": 644, "osm_id": "1416833556", "code": 8102, "fclass": "stream", "width": 0, "name": null }, "geometry": { "type": "LineString", "coordinates": [ [ 36.8199824, -1.2521908 ], [ 36.8201159, -1.2521494 ], [ 36.8202482, -1.2522209 ], [ 36.8204092, -1.2523175 ], [ 36.820563, -1.2524033 ], [ 36.8208455, -1.2525606 ], [ 36.8211137, -1.2527143 ], [ 36.8212246, -1.2528216 ], [ 36.821339, -1.2528788 ], [ 36.821525, -1.2529682 ], [ 36.8219255, -1.2530075 ], [ 36.8221437, -1.2530754 ], [ 36.8221651, -1.2531756 ], [ 36.822276, -1.2533257 ], [ 36.8225299, -1.2534294 ], [ 36.8226694, -1.2536225 ], [ 36.8229376, -1.2537584 ], [ 36.8230127, -1.2537941 ], [ 36.8231057, -1.2538728 ], [ 36.8231897, -1.2539398 ], [ 36.823263, -1.2539237 ], [ 36.8233221, -1.2539559 ], [ 36.8234043, -1.254006 ], [ 36.8235134, -1.2540614 ], [ 36.8235795, -1.2540775 ], [ 36.82366, -1.2540828 ], [ 36.8237297, -1.2541186 ], [ 36.8237888, -1.2541186 ], [ 36.8238496, -1.2541132 ], [ 36.8239175, -1.2541365 ], [ 36.8239908, -1.2541686 ], [ 36.8240874, -1.2541829 ], [ 36.8241374, -1.2542562 ], [ 36.8241911, -1.2542902 ], [ 36.8243002, -1.2542848 ], [ 36.8243771, -1.2542759 ], [ 36.82447, -1.2542848 ], [ 36.8246328, -1.2542759 ], [ 36.8247704, -1.2542509 ], [ 36.8248724, -1.254199 ], [ 36.8249671, -1.2541454 ], [ 36.8250673, -1.2541525 ], [ 36.8251942, -1.2542098 ], [ 36.8253391, -1.2543045 ], [ 36.8255393, -1.2543563 ], [ 36.825711, -1.2543939 ], [ 36.8259149, -1.2545119 ], [ 36.8261259, -1.2545458 ], [ 36.8262349, -1.2544761 ], [ 36.8263529, -1.2544994 ], [ 36.8264209, -1.2545673 ], [ 36.8265729, -1.2546629 ], [ 36.8267231, -1.2546915 ], [ 36.8268518, -1.2546987 ], [ 36.8269556, -1.2547023 ], [ 36.827045, -1.2546343 ], [ 36.827163, -1.2545986 ], [ 36.8272774, -1.2545592 ], [ 36.8273632, -1.2544949 ], [ 36.8274634, -1.2544556 ], [ 36.8276064, -1.2544591 ], [ 36.8277316, -1.2544734 ], [ 36.8278747, -1.2545306 ], [ 36.8279784, -1.2546236 ], [ 36.8281465, -1.2546737 ], [ 36.8283861, -1.2547166 ], [ 36.8285077, -1.2547166 ], [ 36.8285899, -1.2547523 ], [ 36.8287222, -1.2548489 ], [ 36.8288116, -1.2549776 ], [ 36.8288867, -1.2550562 ], [ 36.8290083, -1.2551134 ], [ 36.829112, -1.2551742 ], [ 36.8292623, -1.255235 ], [ 36.8293624, -1.2553423 ], [ 36.8293981, -1.2554924 ], [ 36.8294089, -1.2556033 ], [ 36.8294665, -1.2556652 ], [ 36.8295054, -1.255707 ], [ 36.8296521, -1.2557928 ], [ 36.8297665, -1.2558178 ], [ 36.8298845, -1.2558929 ], [ 36.8299882, -1.2559787 ], [ 36.8301098, -1.2560502 ], [ 36.8303173, -1.2561825 ], [ 36.830564, -1.2564506 ], [ 36.8306498, -1.2565651 ], [ 36.83075, -1.2566544 ], [ 36.8308787, -1.2567867 ], [ 36.8310003, -1.2569226 ], [ 36.8310289, -1.2570549 ], [ 36.8310897, -1.2571586 ], [ 36.8312149, -1.257273 ], [ 36.8313687, -1.2574124 ], [ 36.8314366, -1.2575411 ], [ 36.8314617, -1.2577163 ], [ 36.8314187, -1.2577807 ], [ 36.8313651, -1.2578594 ], [ 36.8313615, -1.2581025 ], [ 36.8313973, -1.2582527 ], [ 36.8313436, -1.2583635 ], [ 36.8313723, -1.2584493 ], [ 36.8313222, -1.2585744 ], [ 36.831315, -1.2586889 ], [ 36.8313222, -1.2588533 ], [ 36.8313687, -1.2589463 ], [ 36.8314688, -1.2590321 ], [ 36.8315689, -1.2590929 ], [ 36.8317013, -1.2591894 ], [ 36.8318729, -1.2593503 ], [ 36.8319659, -1.2594862 ], [ 36.8320553, -1.2596542 ], [ 36.8320732, -1.2598223 ], [ 36.8321555, -1.2599653 ], [ 36.8323021, -1.2602728 ], [ 36.832463, -1.2604909 ], [ 36.8326132, -1.2605731 ], [ 36.8327134, -1.2606804 ], [ 36.8329494, -1.2607769 ], [ 36.8330853, -1.2607662 ], [ 36.8332391, -1.2607376 ], [ 36.8333499, -1.2607769 ], [ 36.8334966, -1.2607876 ], [ 36.8336325, -1.2608198 ], [ 36.8337684, -1.2609056 ], [ 36.8339114, -1.2610308 ], [ 36.8341045, -1.2612238 ], [ 36.8342512, -1.2613382 ], [ 36.8344192, -1.2613883 ], [ 36.8345873, -1.2613811 ], [ 36.8347447, -1.2613382 ], [ 36.8349664, -1.2613633 ], [ 36.8351095, -1.2614491 ], [ 36.8352883, -1.2615206 ], [ 36.8353705, -1.2615849 ], [ 36.8355708, -1.2617494 ], [ 36.8356638, -1.2618567 ], [ 36.8358462, -1.2620748 ], [ 36.8359857, -1.2621034 ], [ 36.836236, -1.2622178 ], [ 36.836422, -1.2623072 ], [ 36.8365865, -1.2623107 ], [ 36.8367116, -1.2622571 ], [ 36.8368118, -1.2623072 ], [ 36.836987, -1.2623179 ], [ 36.8371193, -1.2623429 ], [ 36.8372874, -1.2623751 ], [ 36.8374376, -1.2624073 ], [ 36.8375986, -1.2624645 ], [ 36.8377058, -1.2625682 ], [ 36.8377809, -1.2626897 ], [ 36.8378096, -1.2628113 ], [ 36.8378476, -1.262958 ] ] } },
{ "type": "Feature", "properties": { "fid": 645, "osm_id": "1416833557", "code": 8102, "fclass": "stream", "width": 0, "name": null }, "geometry": { "type": "LineString", "coordinates": [ [ 36.8180453, -1.2531112 ], [ 36.8182026, -1.2530897 ], [ 36.8183922, -1.2530254 ], [ 36.818478, -1.2529503 ], [ 36.8185674, -1.252936 ], [ 36.8186639, -1.2529289 ], [ 36.8187426, -1.2528645 ], [ 36.8188285, -1.252768 ], [ 36.8189214, -1.2526428 ], [ 36.8190466, -1.2525677 ], [ 36.8191825, -1.2524891 ], [ 36.8193577, -1.2524426 ], [ 36.8196045, -1.2523604 ], [ 36.8197404, -1.252296 ], [ 36.819862, -1.2522281 ] ] } },
{ "type": "Feature", "properties": { "fid": 646, "osm_id": "1416833558", "code": 8102, "fclass": "stream", "width": 0, "name": null }, "geometry": { "type": "LineString", "coordinates": [ [ 36.819862, -1.2522281 ], [ 36.8199824, -1.2521908 ] ] } },
{ "type": "Feature", "properties": { "fid": 647, "osm_id": "1416834407", "code": 8102, "fclass": "stream", "width": 0, "name": null }, "geometry": { "type": "LineString", "coordinates": [ [ 36.8479063, -1.2563355 ], [ 36.8480207, -1.2564785 ], [ 36.8480922, -1.2565965 ], [ 36.848103, -1.256668 ], [ 36.8481638, -1.2567789 ], [ 36.8482889, -1.2569827 ], [ 36.8484177, -1.2570828 ], [ 36.8485178, -1.2571829 ], [ 36.8485786, -1.2572151 ], [ 36.8487145, -1.2572008 ], [ 36.8487932, -1.2572365 ], [ 36.8488576, -1.2573295 ], [ 36.8488933, -1.2573903 ], [ 36.8491186, -1.2574653 ], [ 36.8493725, -1.2575619 ], [ 36.84963, -1.257662 ], [ 36.8500234, -1.2576477 ], [ 36.8504883, -1.2576513 ], [ 36.8508889, -1.2576727 ], [ 36.8510462, -1.2577299 ], [ 36.8510552, -1.2577978 ], [ 36.8510733, -1.2584817 ], [ 36.8510892, -1.2585719 ], [ 36.8513037, -1.2586345 ], [ 36.8517687, -1.2587596 ], [ 36.8518581, -1.2588383 ], [ 36.8520047, -1.2588919 ], [ 36.8521692, -1.2589313 ], [ 36.8522371, -1.2589456 ], [ 36.8523051, -1.2589742 ], [ 36.8523659, -1.2590242 ], [ 36.852416, -1.2591386 ], [ 36.8524768, -1.2592209 ], [ 36.8525376, -1.2592816 ], [ 36.8527128, -1.2594747 ], [ 36.85277, -1.2595078 ], [ 36.8528147, -1.2594989 ], [ 36.8528898, -1.2595185 ], [ 36.852981, -1.2595185 ], [ 36.8530651, -1.2595489 ], [ 36.8531419, -1.2595811 ], [ 36.8532618, -1.2595775 ], [ 36.8533762, -1.2595418 ], [ 36.8534692, -1.2595632 ], [ 36.8535443, -1.2595757 ], [ 36.8535997, -1.2595936 ], [ 36.8536355, -1.2596168 ], [ 36.8536873, -1.2596776 ], [ 36.8537302, -1.2597652 ], [ 36.8538071, -1.2598457 ], [ 36.85385, -1.2598832 ], [ 36.8539091, -1.2599654 ], [ 36.8539681, -1.2600316 ], [ 36.8540253, -1.2600834 ], [ 36.8540879, -1.2601281 ], [ 36.8541558, -1.2601818 ], [ 36.8542917, -1.2603069 ], [ 36.8543722, -1.2603498 ], [ 36.8544491, -1.2604052 ], [ 36.854467, -1.260441 ], [ 36.8545689, -1.2605232 ], [ 36.8547227, -1.2606716 ], [ 36.8547852, -1.2607288 ], [ 36.8548121, -1.2607771 ], [ 36.8548572, -1.2608562 ], [ 36.8548997, -1.2609308 ], [ 36.854973, -1.2610291 ], [ 36.8550874, -1.2611525 ], [ 36.8551304, -1.2612133 ], [ 36.855252, -1.2613497 ] ] } },
{ "type": "Feature", "properties": { "fid": 648, "osm_id": "1433257852", "code": 8102, "fclass": "stream", "width": 0, "name": null }, "geometry": { "type": "LineString", "coordinates": [ [ 36.8053933, -1.3333759 ], [ 36.8055073, -1.3336346 ], [ 36.8055443, -1.3336808 ], [ 36.8055658, -1.3337085 ], [ 36.8055566, -1.3338009 ], [ 36.805763, -1.3339457 ], [ 36.8058431, -1.3341151 ], [ 36.8059571, -1.3341059 ], [ 36.8059972, -1.3341367 ], [ 36.8060372, -1.3342568 ], [ 36.8060896, -1.3342845 ], [ 36.8060896, -1.3343369 ], [ 36.8060989, -1.3343954 ], [ 36.8061266, -1.3344509 ], [ 36.8062467, -1.3345556 ], [ 36.8063145, -1.3346942 ], [ 36.8063977, -1.3348297 ], [ 36.806407, -1.3348944 ], [ 36.8064963, -1.3350176 ], [ 36.8063916, -1.335224 ], [ 36.8064902, -1.3353903 ], [ 36.8064871, -1.3356214 ], [ 36.8065703, -1.3356922 ], [ 36.8066011, -1.3358092 ], [ 36.806635, -1.3358277 ], [ 36.8067274, -1.3359294 ], [ 36.8068784, -1.3359941 ], [ 36.8069431, -1.3360803 ], [ 36.8069831, -1.3361881 ], [ 36.8070447, -1.3362312 ], [ 36.8071033, -1.3362466 ], [ 36.8071248, -1.3363483 ], [ 36.8071834, -1.3363298 ], [ 36.807208, -1.3364006 ], [ 36.8072758, -1.3364684 ], [ 36.8073436, -1.3365177 ], [ 36.8073837, -1.3365208 ], [ 36.8074699, -1.3365947 ], [ 36.8075131, -1.3366563 ], [ 36.8075808, -1.3366809 ], [ 36.8076271, -1.3366902 ], [ 36.8076764, -1.3367703 ], [ 36.8076918, -1.3368442 ], [ 36.8077347, -1.336839 ], [ 36.8077931, -1.3368408 ], [ 36.8078126, -1.3368231 ], [ 36.8078674, -1.3368549 ], [ 36.8079223, -1.3368956 ], [ 36.8079559, -1.3369841 ], [ 36.8079842, -1.3369894 ], [ 36.8080037, -1.3370248 ], [ 36.8080285, -1.3370301 ], [ 36.8080922, -1.3371079 ], [ 36.8081152, -1.3372282 ], [ 36.8081399, -1.3372441 ], [ 36.80817, -1.3372955 ], [ 36.8081506, -1.3373432 ], [ 36.808255, -1.3374724 ], [ 36.8083045, -1.3375449 ], [ 36.8083788, -1.3375378 ], [ 36.8084372, -1.3375962 ], [ 36.8085169, -1.3376723 ], [ 36.8085434, -1.337789 ], [ 36.8085328, -1.3378333 ], [ 36.8085452, -1.3379058 ], [ 36.8085965, -1.3380155 ], [ 36.8087434, -1.3381588 ], [ 36.8087841, -1.338249 ] ] } },
{ "type": "Feature", "properties": { "fid": 649, "osm_id": "1466245237", "code": 8102, "fclass": "stream", "width": 0, "name": null }, "geometry": { "type": "LineString", "coordinates": [ [ 36.7558612, -1.2430069 ], [ 36.7558638, -1.2430512 ], [ 36.7559235, -1.2432565 ], [ 36.7562105, -1.243337 ], [ 36.7567804, -1.2434308 ], [ 36.7574134, -1.2434777 ], [ 36.7581095, -1.2435984 ], [ 36.7585386, -1.2437338 ], [ 36.7589597, -1.2439081 ] ] } },
{ "type": "Feature", "properties": { "fid": 650, "osm_id": "1502060939", "code": 8104, "fclass": "drain", "width": 0, "name": null }, "geometry": { "type": "LineString", "coordinates": [ [ 36.7760634, -1.3127111 ], [ 36.7760585, -1.3127112 ] ] } },
{ "type": "Feature", "properties": { "fid": 651, "osm_id": "1502060940", "code": 8104, "fclass": "drain", "width": 0, "name": null }, "geometry": { "type": "LineString", "coordinates": [ [ 36.7761137, -1.3127106 ], [ 36.7760634, -1.3127111 ] ] } },
{ "type": "Feature", "properties": { "fid": 652, "osm_id": "1502060941", "code": 8104, "fclass": "drain", "width": 0, "name": null }, "geometry": { "type": "LineString", "coordinates": [ [ 36.7761891, -1.3126801 ], [ 36.7761244, -1.3127105 ], [ 36.7761137, -1.3127106 ] ] } },
{ "type": "Feature", "properties": { "fid": 653, "osm_id": "1502060942", "code": 8104, "fclass": "drain", "width": 0, "name": null }, "geometry": { "type": "LineString", "coordinates": [ [ 36.7762645, -1.3126677 ], [ 36.7761891, -1.3126801 ] ] } },
{ "type": "Feature", "properties": { "fid": 654, "osm_id": "1502060943", "code": 8102, "fclass": "stream", "width": 0, "name": null }, "geometry": { "type": "LineString", "coordinates": [ [ 36.7800271, -1.3103481 ], [ 36.780156, -1.3105691 ], [ 36.7802518, -1.310772 ], [ 36.780311, -1.310874 ], [ 36.7803334, -1.3109903 ], [ 36.7804089, -1.3111698 ], [ 36.7804831, -1.3113548 ], [ 36.7805612, -1.3113985 ], [ 36.7806277, -1.3113982 ], [ 36.7810462, -1.3115236 ], [ 36.781232, -1.311643 ], [ 36.781282, -1.3116945 ], [ 36.7813333, -1.3117468 ], [ 36.7813552, -1.3117904 ], [ 36.7813538, -1.311856 ], [ 36.7813831, -1.3118781 ], [ 36.7814379, -1.3119061 ], [ 36.7814717, -1.3119434 ], [ 36.7815417, -1.3119866 ], [ 36.7816115, -1.312108 ], [ 36.7818661, -1.3122592 ], [ 36.7826901, -1.3127609 ], [ 36.7830763, -1.3130315 ], [ 36.7833286, -1.313221 ] ] } },
{ "type": "Feature", "properties": { "fid": 655, "osm_id": "1502060944", "code": 8102, "fclass": "stream", "width": 0, "name": null }, "geometry": { "type": "LineString", "coordinates": [ [ 36.7833286, -1.313221 ], [ 36.7833976, -1.3132728 ] ] } },
{ "type": "Feature", "properties": { "fid": 656, "osm_id": "1502060945", "code": 8102, "fclass": "stream", "width": 0, "name": "Ngong river" }, "geometry": { "type": "LineString", "coordinates": [ [ 36.7896548, -1.3101371 ], [ 36.789658, -1.3101427 ], [ 36.7896798, -1.3102153 ], [ 36.7897184, -1.3102973 ], [ 36.7897656, -1.310407 ], [ 36.7897775, -1.3104472 ], [ 36.7896726, -1.3105217 ], [ 36.789649, -1.3105371 ], [ 36.7896442, -1.3105524 ], [ 36.7896433, -1.3105636 ], [ 36.7896449, -1.3105746 ], [ 36.7896481, -1.3106111 ], [ 36.7896459, -1.3106376 ], [ 36.7896631, -1.3106842 ], [ 36.7896794, -1.310718 ], [ 36.7896887, -1.3107315 ], [ 36.7897207, -1.3107824 ], [ 36.7897651, -1.310829 ], [ 36.7897951, -1.3108123 ], [ 36.7898521, -1.310874 ], [ 36.7899005, -1.3109009 ], [ 36.7899188, -1.310942 ], [ 36.789993, -1.3109875 ], [ 36.7900254, -1.3110221 ], [ 36.7900258, -1.3110382 ], [ 36.7900375, -1.3110529 ], [ 36.7900965, -1.3111213 ], [ 36.7901448, -1.3111723 ], [ 36.7901967, -1.3112049 ], [ 36.7902239, -1.3112554 ], [ 36.790248, -1.3112779 ], [ 36.79024, -1.3112966 ], [ 36.7902487, -1.3113171 ], [ 36.7902651, -1.3113298 ], [ 36.790294, -1.3113615 ], [ 36.7902775, -1.3113811 ], [ 36.7903228, -1.311424 ], [ 36.7903161, -1.3114394 ], [ 36.7903499, -1.3114765 ], [ 36.7903879, -1.3115028 ], [ 36.7904073, -1.3114882 ], [ 36.7904804, -1.311539 ], [ 36.7904646, -1.3115695 ], [ 36.7906002, -1.3116568 ], [ 36.7907782, -1.3118089 ], [ 36.7908046, -1.3118898 ], [ 36.7909371, -1.3120506 ], [ 36.7910068, -1.3121299 ] ] } },
{ "type": "Feature", "properties": { "fid": 657, "osm_id": "1502060946", "code": 8102, "fclass": "stream", "width": 0, "name": "Ngong river" }, "geometry": { "type": "LineString", "coordinates": [ [ 36.7896139, -1.310067 ], [ 36.7896548, -1.3101371 ] ] } },
{ "type": "Feature", "properties": { "fid": 658, "osm_id": "1502060947", "code": 8102, "fclass": "stream", "width": 0, "name": "waterscape" }, "geometry": { "type": "LineString", "coordinates": [ [ 36.792957, -1.3094398 ], [ 36.792932, -1.3093369 ], [ 36.7928875, -1.3092174 ], [ 36.7928403, -1.3091062 ], [ 36.7927652, -1.3089534 ], [ 36.7927374, -1.3088561 ], [ 36.7926846, -1.308731 ], [ 36.7926401, -1.3086532 ], [ 36.7925929, -1.3086087 ], [ 36.7925512, -1.3085614 ], [ 36.7925234, -1.3084808 ], [ 36.7924956, -1.3084503 ], [ 36.7924706, -1.3084169 ], [ 36.7924706, -1.3083863 ], [ 36.7925095, -1.3083808 ], [ 36.7925345, -1.308353 ], [ 36.7925317, -1.3083168 ] ] } },
{ "type": "Feature", "properties": { "fid": 659, "osm_id": "1502060948", "code": 8102, "fclass": "stream", "width": 0, "name": "waterscape" }, "geometry": { "type": "LineString", "coordinates": [ [ 36.7929502, -1.3094983 ], [ 36.792957, -1.3094398 ] ] } },
{ "type": "Feature", "properties": { "fid": 660, "osm_id": "1513510247", "code": 8104, "fclass": "drain", "width": 0, "name": null }, "geometry": { "type": "LineString", "coordinates": [ [ 36.8654789, -1.2612759 ], [ 36.8654101, -1.2611333 ] ] } },
{ "type": "Feature", "properties": { "fid": 661, "osm_id": "1513510248", "code": 8104, "fclass": "drain", "width": 0, "name": null }, "geometry": { "type": "LineString", "coordinates": [ [ 36.8654101, -1.2611333 ], [ 36.865367, -1.261044 ] ] } },
{ "type": "Feature", "properties": { "fid": 662, "osm_id": "1515320981", "code": 8102, "fclass": "stream", "width": 0, "name": null }, "geometry": { "type": "LineString", "coordinates": [ [ 36.8841739, -1.272142 ], [ 36.8841524, -1.2721276 ], [ 36.8841279, -1.2721089 ], [ 36.8841136, -1.2720687 ], [ 36.8841078, -1.2720112 ], [ 36.8841009, -1.2718454 ], [ 36.8840902, -1.2715853 ], [ 36.8840982, -1.2714083 ], [ 36.8841385, -1.2712233 ], [ 36.8841546, -1.2711026 ], [ 36.8841814, -1.2710302 ], [ 36.8842779, -1.2709283 ], [ 36.8846642, -1.2705609 ], [ 36.8849136, -1.2702713 ], [ 36.8851872, -1.2697886 ], [ 36.8853052, -1.2695714 ], [ 36.88556, -1.2692389 ], [ 36.8859275, -1.2687697 ], [ 36.8861972, -1.2684158 ] ] } },
{ "type": "Feature", "properties": { "fid": 663, "osm_id": "1515320982", "code": 8102, "fclass": "stream", "width": 0, "name": null }, "geometry": { "type": "LineString", "coordinates": [ [ 36.8842171, -1.2722023 ], [ 36.8841739, -1.272142 ] ] } },
{ "type": "Feature", "properties": { "fid": 664, "osm_id": "1527338296", "code": 8102, "fclass": "stream", "width": 0, "name": null }, "geometry": { "type": "LineString", "coordinates": [ [ 36.9098966, -1.2483335 ], [ 36.9101151, -1.2481306 ] ] } },
{ "type": "Feature", "properties": { "fid": 665, "osm_id": "1527338297", "code": 8102, "fclass": "stream", "width": 0, "name": null }, "geometry": { "type": "LineString", "coordinates": [ [ 36.9101151, -1.2481306 ], [ 36.9102298, -1.2480213 ], [ 36.9103876, -1.2478481 ], [ 36.9105139, -1.2477154 ], [ 36.9106598, -1.2475266 ], [ 36.9107713, -1.247355 ], [ 36.9109173, -1.2472691 ], [ 36.9111061, -1.2472863 ], [ 36.9112091, -1.2473378 ], [ 36.9113979, -1.247415 ], [ 36.9116382, -1.247415 ], [ 36.9118957, -1.2473979 ], [ 36.9120331, -1.2473292 ], [ 36.9121446, -1.2472434 ], [ 36.9124107, -1.2472434 ], [ 36.9125309, -1.2472434 ], [ 36.912651, -1.2471576 ], [ 36.9127197, -1.2470289 ], [ 36.912797, -1.2468229 ], [ 36.9128656, -1.2466856 ], [ 36.91296, -1.2465569 ], [ 36.9130974, -1.2465054 ], [ 36.9132519, -1.2465054 ], [ 36.9133978, -1.2465998 ], [ 36.9135694, -1.2468058 ], [ 36.9137153, -1.2469002 ], [ 36.913887, -1.2468315 ], [ 36.9140844, -1.2467972 ], [ 36.9142132, -1.2466513 ], [ 36.9142818, -1.2465569 ], [ 36.9143419, -1.2464711 ], [ 36.9143762, -1.2463853 ], [ 36.9144621, -1.246248 ], [ 36.9145994, -1.2461708 ], [ 36.9148397, -1.2461193 ], [ 36.9149685, -1.2461193 ], [ 36.915123, -1.246145 ], [ 36.915329, -1.2461965 ], [ 36.9154663, -1.2461708 ], [ 36.9155178, -1.2460935 ], [ 36.9154835, -1.2459648 ], [ 36.9154577, -1.2457932 ], [ 36.915535, -1.2456559 ], [ 36.9157409, -1.24551 ], [ 36.9158611, -1.2454328 ], [ 36.9159469, -1.2453041 ], [ 36.9160414, -1.2452011 ], [ 36.9160843, -1.2450896 ], [ 36.9162645, -1.2449608 ], [ 36.9164619, -1.2448579 ], [ 36.9165563, -1.2446605 ], [ 36.9165563, -1.2444975 ], [ 36.9164705, -1.2442829 ], [ 36.9164705, -1.2441628 ], [ 36.9165735, -1.2440341 ], [ 36.9167194, -1.2439654 ], [ 36.9169082, -1.2439054 ], [ 36.9170112, -1.243811 ], [ 36.9171142, -1.2437423 ], [ 36.9173546, -1.2436565 ], [ 36.9176464, -1.2435707 ], [ 36.9179296, -1.2433905 ], [ 36.9180736, -1.2431201 ], [ 36.9182366, -1.2429426 ], [ 36.9182119, -1.2427845 ], [ 36.9182624, -1.2427425 ], [ 36.9182917, -1.2426652 ], [ 36.9182976, -1.2426562 ], [ 36.9183396, -1.2425881 ], [ 36.9184512, -1.2424336 ], [ 36.9185456, -1.242365 ], [ 36.9187001, -1.2423564 ], [ 36.9187774, -1.2423821 ], [ 36.9188718, -1.242425 ], [ 36.9189748, -1.2424422 ], [ 36.9190606, -1.2423907 ], [ 36.9191636, -1.2424422 ], [ 36.9193267, -1.2424508 ], [ 36.9194659, -1.2423523 ], [ 36.9195457, -1.242322 ], [ 36.9196291, -1.2423094 ], [ 36.9197902, -1.2423306 ], [ 36.9198674, -1.2422792 ], [ 36.9199704, -1.2422792 ], [ 36.9200648, -1.2423221 ], [ 36.9202193, -1.2422877 ], [ 36.9202279, -1.2421933 ], [ 36.9203052, -1.2421161 ], [ 36.9204511, -1.2420818 ], [ 36.9205496, -1.2419789 ], [ 36.9206485, -1.241893 ], [ 36.9207, -1.2418158 ], [ 36.9208631, -1.2417557 ], [ 36.9209146, -1.2416785 ], [ 36.9209489, -1.2415927 ], [ 36.9210877, -1.2415491 ], [ 36.9211611, -1.241464 ], [ 36.9212323, -1.2414017 ], [ 36.9211652, -1.2412743 ] ] } },
{ "type": "Feature", "properties": { "fid": 666, "osm_id": "1528592621", "code": 8101, "fclass": "river", "width": 0, "name": null }, "geometry": { "type": "MultiLineString", "coordinates": [ [ [ 37.0755529, -1.2793557 ], [ 37.0757192, -1.2791304 ], [ 37.0759499, -1.2788193 ], [ 37.0761001, -1.2786424 ], [ 37.0763697, -1.2784774 ], [ 37.0765561, -1.2783756 ], [ 37.0767425, -1.2782535 ], [ 37.0769021, -1.2781825 ], [ 37.0771167, -1.2780926 ], [ 37.0772253, -1.2780256 ], [ 37.0772494, -1.2779143 ], [ 37.0772079, -1.2778151 ], [ 37.0771891, -1.2777387 ], [ 37.0772226, -1.2776864 ], [ 37.0773366, -1.2776448 ], [ 37.0775324, -1.2775335 ], [ 37.0776746, -1.2774276 ], [ 37.0777859, -1.277315 ], [ 37.0778409, -1.2771662 ], [ 37.077869, -1.2770924 ], [ 37.0779549, -1.2770334 ], [ 37.0781024, -1.2769879 ], [ 37.0782472, -1.2769718 ], [ 37.078329, -1.2769128 ], [ 37.0785114, -1.2768377 ], [ 37.0785731, -1.2767841 ], [ 37.0786133, -1.2766982 ], [ 37.0786898, -1.2766647 ], [ 37.0788051, -1.2766755 ], [ 37.0789526, -1.2767318 ], [ 37.0789942, -1.2766996 ], [ 37.0790532, -1.2766795 ], [ 37.0791216, -1.2766982 ], [ 37.0792463, -1.2768256 ], [ 37.079414, -1.2770375 ], [ 37.0794582, -1.2771876 ], [ 37.0795199, -1.2772533 ], [ 37.0795964, -1.2773887 ], [ 37.0796581, -1.2774571 ], [ 37.0797506, -1.2774759 ], [ 37.0798056, -1.2775282 ], [ 37.0798445, -1.2775429 ], [ 37.0798847, -1.2775617 ], [ 37.0799276, -1.2776958 ], [ 37.0799585, -1.2777762 ], [ 37.0799933, -1.2777896 ], [ 37.0800403, -1.2777695 ], [ 37.0800993, -1.2778808 ], [ 37.0801811, -1.277909 ], [ 37.0802669, -1.2779291 ], [ 37.0803353, -1.2779948 ], [ 37.0804037, -1.2780578 ], [ 37.0804815, -1.2782737 ], [ 37.0805338, -1.2783554 ], [ 37.0806169, -1.2784024 ], [ 37.0806693, -1.2783903 ], [ 37.0807175, -1.2783058 ], [ 37.0807591, -1.2782589 ], [ 37.0808141, -1.2782535 ], [ 37.0809361, -1.2782857 ], [ 37.0809925, -1.2782924 ], [ 37.0810488, -1.2783528 ], [ 37.0810971, -1.2784466 ], [ 37.0811051, -1.2785163 ], [ 37.0810394, -1.2786182 ], [ 37.0810018, -1.2786638 ], [ 37.0810434, -1.278751 ], [ 37.0810622, -1.2788582 ], [ 37.0810568, -1.2790138 ], [ 37.0810689, -1.2790701 ], [ 37.08114, -1.2790888 ], [ 37.0812915, -1.2791022 ], [ 37.0813572, -1.2790728 ], [ 37.0813988, -1.2789977 ], [ 37.0814686, -1.2789548 ], [ 37.0815624, -1.2789588 ], [ 37.0816684, -1.2789735 ], [ 37.0816952, -1.2789534 ], [ 37.0817006, -1.278818 ], [ 37.0817193, -1.2787429 ], [ 37.0817891, -1.2786947 ], [ 37.0818669, -1.278692 ], [ 37.0819701, -1.2788274 ], [ 37.0820573, -1.2788663 ], [ 37.0821378, -1.2788837 ], [ 37.0821713, -1.2788542 ], [ 37.0821498, -1.2787536 ], [ 37.0821284, -1.2787027 ], [ 37.0821914, -1.2786678 ], [ 37.0822933, -1.2786812 ], [ 37.0823269, -1.2786437 ], [ 37.0823014, -1.2785284 ], [ 37.0823644, -1.2784278 ], [ 37.0823725, -1.2783849 ], [ 37.0823148, -1.2783407 ], [ 37.0822451, -1.2783742 ], [ 37.0821927, -1.2783528 ], [ 37.0822115, -1.278283 ], [ 37.0821914, -1.2782361 ], [ 37.0821525, -1.2781235 ], [ 37.0821109, -1.2779559 ], [ 37.0821592, -1.2778567 ], [ 37.0822343, -1.277787 ], [ 37.0823416, -1.2777172 ], [ 37.0825173, -1.2776381 ], [ 37.0826487, -1.2776247 ], [ 37.0828673, -1.2777092 ], [ 37.0830604, -1.2777373 ], [ 37.0831892, -1.2778017 ], [ 37.0833126, -1.2779197 ], [ 37.0833166, -1.2779639 ], [ 37.0832321, -1.2779894 ], [ 37.0831543, -1.278043 ], [ 37.0830926, -1.2781302 ], [ 37.0829116, -1.2783139 ], [ 37.0828056, -1.2785056 ], [ 37.0828164, -1.2785793 ], [ 37.0828633, -1.2786464 ], [ 37.0829478, -1.2786477 ], [ 37.0831369, -1.2787054 ], [ 37.0833555, -1.2787738 ], [ 37.0835768, -1.2787536 ], [ 37.083635950163121, -1.278729620204142 ] ], [ [ 37.083839123838317, -1.277730248286154 ], [ 37.0837873, -1.2777293 ], [ 37.0837525, -1.2776958 ], [ 37.0837525, -1.2776033 ], [ 37.083786, -1.2774678 ], [ 37.0839067, -1.2772801 ], [ 37.0840019, -1.2770643 ], [ 37.0840636, -1.2769168 ], [ 37.0841682, -1.2768846 ], [ 37.0843399, -1.2769369 ], [ 37.084370600371827, -1.276955401756256 ] ] ] } },
{ "type": "Feature", "properties": { "fid": 667, "osm_id": "1534314521", "code": 8102, "fclass": "stream", "width": 0, "name": null }, "geometry": { "type": "LineString", "coordinates": [ [ 36.9008798, -1.2446928 ], [ 36.9009136, -1.2446734 ], [ 36.9009123, -1.2446643 ], [ 36.9009046, -1.2446509 ], [ 36.9008868, -1.2446348 ], [ 36.9008724, -1.2446047 ], [ 36.9008724, -1.2445748 ], [ 36.9008912, -1.2445504 ], [ 36.9009136, -1.2445259 ], [ 36.900913, -1.2445145 ], [ 36.9009143, -1.2444994 ], [ 36.900918, -1.2444884 ], [ 36.9009287, -1.244482 ], [ 36.9009606, -1.2444867 ], [ 36.900975, -1.24448 ], [ 36.9009824, -1.2444686 ], [ 36.9010055, -1.2444488 ], [ 36.9010099, -1.2444404 ], [ 36.9010068, -1.2444317 ], [ 36.9009981, -1.2444213 ], [ 36.9009726, -1.2444163 ], [ 36.9009411, -1.2444076 ], [ 36.9009237, -1.2443781 ], [ 36.9008888, -1.244246 ], [ 36.9009002, -1.2441951 ], [ 36.9009454, -1.2441607 ], [ 36.9009678, -1.2441313 ], [ 36.9009655, -1.2441128 ], [ 36.9009717, -1.2440941 ], [ 36.9009837, -1.2440602 ], [ 36.9009733, -1.2440113 ], [ 36.9009571, -1.2439926 ], [ 36.900928, -1.2439832 ], [ 36.9007842, -1.2439775 ], [ 36.9007676, -1.2439717 ], [ 36.9007582, -1.2439488 ], [ 36.9007532, -1.2439099 ], [ 36.9007764, -1.2438103 ], [ 36.9007801, -1.2437661 ], [ 36.9007691, -1.2436973 ], [ 36.9007868, -1.2436307 ], [ 36.9008009, -1.2435615 ], [ 36.9007848, -1.2434776 ], [ 36.90079, -1.2433662 ], [ 36.9007863, -1.2432938 ], [ 36.9007894, -1.2432441 ], [ 36.9008048, -1.243202 ], [ 36.9008087, -1.2431481 ], [ 36.9007905, -1.2430778 ], [ 36.9007889, -1.2429763 ], [ 36.90079, -1.2428877 ], [ 36.9007978, -1.2428602 ], [ 36.9008281, -1.2428285 ], [ 36.9008842, -1.2427675 ], [ 36.9009103, -1.2426675 ], [ 36.9009103, -1.2425977 ], [ 36.9008405, -1.2424603 ], [ 36.9008321, -1.2423749 ], [ 36.900803, -1.2422781 ], [ 36.9007568, -1.242216 ], [ 36.9006125, -1.2421197 ] ] } },
{ "type": "Feature", "properties": { "fid": 668, "osm_id": "1534557663", "code": 8102, "fclass": "stream", "width": 0, "name": null }, "geometry": { "type": "LineString", "coordinates": [ [ 36.89833, -1.2465183 ], [ 36.898387, -1.2464824 ], [ 36.8984064, -1.2464905 ], [ 36.8984192, -1.2464848 ], [ 36.8984339, -1.2464643 ], [ 36.8984544, -1.246468 ], [ 36.8984564, -1.246455 ], [ 36.8984705, -1.2464426 ], [ 36.8984745, -1.2464221 ], [ 36.8984648, -1.2464161 ], [ 36.8984755, -1.2463893 ], [ 36.8984923, -1.2463497 ], [ 36.8984815, -1.2463303 ], [ 36.8984527, -1.2463222 ], [ 36.8984172, -1.2462773 ], [ 36.8984145, -1.246215 ], [ 36.898393, -1.2461948 ], [ 36.8982884, -1.2462579 ], [ 36.8982334, -1.2463075 ], [ 36.8981912, -1.2463222 ], [ 36.8981771, -1.2463102 ], [ 36.8981295, -1.2462491 ], [ 36.8980946, -1.2461241 ], [ 36.8980946, -1.2461053 ], [ 36.8981027, -1.2460879 ], [ 36.8980993, -1.2460815 ], [ 36.8980819, -1.2460678 ], [ 36.8980765, -1.2460601 ], [ 36.898069, -1.2460512 ], [ 36.8980578, -1.2460447 ], [ 36.8980336, -1.246046 ], [ 36.8980252, -1.2460427 ], [ 36.8980162, -1.2460249 ], [ 36.8980175, -1.245975 ], [ 36.8980108, -1.2459548 ], [ 36.8979887, -1.2459428 ], [ 36.8979756, -1.2459341 ], [ 36.8979723, -1.2459217 ], [ 36.8979739, -1.2458962 ], [ 36.8979454, -1.2458117 ], [ 36.8979451, -1.2457765 ], [ 36.8978351, -1.2454735 ], [ 36.8977734, -1.2453051 ], [ 36.8977709, -1.2452965 ], [ 36.8977718, -1.2452901 ], [ 36.8977743, -1.2452736 ], [ 36.8977704, -1.245263 ], [ 36.8977449, -1.2452281 ], [ 36.8977312, -1.2452137 ], [ 36.8977268, -1.2452023 ], [ 36.8977265, -1.2451919 ], [ 36.8977265, -1.2451634 ], [ 36.8977158, -1.2451396 ], [ 36.8977034, -1.2451179 ], [ 36.8976846, -1.2451011 ], [ 36.8976373, -1.245021 ], [ 36.8976283, -1.2450032 ], [ 36.8976259, -1.2449871 ], [ 36.8976199, -1.244966 ], [ 36.8975867, -1.2449063 ], [ 36.8975505, -1.2448728 ], [ 36.8975433, -1.2448681 ], [ 36.8975369, -1.2448651 ], [ 36.8975284, -1.2448648 ], [ 36.8975195, -1.2448574 ], [ 36.8975072, -1.2448413 ], [ 36.8975054, -1.2448351 ], [ 36.8975039, -1.2448294 ], [ 36.8974837, -1.2448066 ], [ 36.8974843, -1.2448011 ], [ 36.897488, -1.2447932 ], [ 36.8974878, -1.2447791 ], [ 36.8974967, -1.2447617 ], [ 36.8974987, -1.2447545 ], [ 36.8974977, -1.2447481 ], [ 36.8974717, -1.2447069 ], [ 36.8974662, -1.244702 ], [ 36.897464, -1.2446984 ], [ 36.8974615, -1.244694 ], [ 36.8974583, -1.2446906 ], [ 36.897442, -1.2446855 ], [ 36.8974323, -1.2446833 ], [ 36.8974234, -1.2446796 ], [ 36.897408, -1.2446764 ], [ 36.8973922, -1.2446663 ], [ 36.8973778, -1.2446539 ], [ 36.8973681, -1.2446441 ], [ 36.8973443, -1.244637 ], [ 36.8973091, -1.2446099 ], [ 36.8972911, -1.2445846 ], [ 36.897288, -1.2445727 ], [ 36.8972844, -1.2445596 ], [ 36.8972724, -1.2445482 ], [ 36.8972699, -1.244541 ], [ 36.8972635, -1.2445338 ], [ 36.8972068, -1.2444976 ], [ 36.8971973, -1.2444885 ], [ 36.8971921, -1.2444813 ], [ 36.8971817, -1.2444761 ], [ 36.8971673, -1.2444672 ], [ 36.8971592, -1.2444632 ], [ 36.8971523, -1.2444624 ], [ 36.897145, -1.2444654 ], [ 36.8971409, -1.2444647 ], [ 36.8971314, -1.2444615 ], [ 36.8971213, -1.2444595 ], [ 36.897113, -1.2444592 ], [ 36.8971081, -1.244453 ], [ 36.8970821, -1.2444334 ], [ 36.8970543, -1.2444124 ], [ 36.8970474, -1.2444057 ], [ 36.8970422, -1.2444004 ], [ 36.8970352, -1.2444 ], [ 36.8970306, -1.244396 ], [ 36.8970275, -1.2443886 ], [ 36.8970216, -1.2443793 ], [ 36.8970035, -1.2443682 ], [ 36.8969944, -1.2443632 ], [ 36.8969882, -1.2443618 ], [ 36.8969854, -1.2443575 ], [ 36.8969859, -1.2443328 ], [ 36.8969839, -1.2443258 ], [ 36.8969793, -1.2443187 ], [ 36.8969532, -1.2443008 ], [ 36.8969388, -1.2442898 ], [ 36.896926, -1.2442864 ], [ 36.8969133, -1.244277 ], [ 36.8969024, -1.2442614 ], [ 36.8968922, -1.2442581 ], [ 36.8968664, -1.2442366 ], [ 36.8968571, -1.2442211 ], [ 36.8968461, -1.2442044 ], [ 36.896836, -1.2441967 ], [ 36.8968213, -1.2442008 ], [ 36.8967287, -1.2441743 ], [ 36.8966938, -1.2441253 ], [ 36.8966248, -1.2440301 ], [ 36.8965799, -1.2439137 ] ] } },
{ "type": "Feature", "properties": { "fid": 669, "osm_id": "1539191984", "code": 8102, "fclass": "stream", "width": 0, "name": null }, "geometry": { "type": "LineString", "coordinates": [ [ 36.985263, -1.2751228 ], [ 36.9850997, -1.2750766 ], [ 36.9850104, -1.2749626 ], [ 36.9849488, -1.2748579 ], [ 36.9849303, -1.2747686 ], [ 36.9848717, -1.274707 ], [ 36.9847023, -1.2745653 ], [ 36.9846874, -1.2745532 ] ] } },
{ "type": "Feature", "properties": { "fid": 670, "osm_id": "1539191985", "code": 8102, "fclass": "stream", "width": 0, "name": null }, "geometry": { "type": "LineString", "coordinates": [ [ 36.9846874, -1.2745532 ], [ 36.9846383, -1.2745133 ] ] } },
{ "type": "Feature", "properties": { "fid": 671, "osm_id": "1539229921", "code": 8102, "fclass": "stream", "width": 0, "name": null }, "geometry": { "type": "LineString", "coordinates": [ [ 36.954084, -1.2635907 ], [ 36.9541987, -1.2634078 ], [ 36.9544289, -1.2630937 ], [ 36.9547924, -1.2626193 ], [ 36.9551005, -1.2622312 ], [ 36.9554235, -1.2619001 ], [ 36.9555779, -1.2617457 ], [ 36.9556972, -1.2616081 ], [ 36.9557646, -1.2615028 ], [ 36.9558018, -1.2614639 ], [ 36.9559186, -1.2613138 ], [ 36.9560188, -1.2611821 ], [ 36.9561146, -1.2610485 ], [ 36.9561959, -1.2609133 ], [ 36.9562303, -1.2607846 ], [ 36.9562599, -1.2606387 ], [ 36.9562455, -1.2604954 ], [ 36.9562693, -1.2602349 ], [ 36.9563148, -1.2600626 ], [ 36.9563075, -1.259815 ], [ 36.9562474, -1.2596433 ], [ 36.9561779, -1.2594601 ], [ 36.9561764, -1.2592072 ], [ 36.956189, -1.2590735 ], [ 36.9562079, -1.2589681 ], [ 36.9562446, -1.2588022 ], [ 36.9562898, -1.2586591 ], [ 36.9563932, -1.2584737 ], [ 36.9565605, -1.2584661 ], [ 36.9566056, -1.2584729 ], [ 36.9566594, -1.2584849 ], [ 36.956771, -1.2584849 ], [ 36.9568568, -1.2585278 ], [ 36.9569512, -1.2584849 ], [ 36.9570199, -1.2583819 ], [ 36.9570972, -1.2582618 ], [ 36.9570542, -1.2581331 ], [ 36.956977, -1.2580301 ], [ 36.9569684, -1.2579186 ], [ 36.9569341, -1.2577899 ], [ 36.9568826, -1.2576955 ], [ 36.9568482, -1.2575839 ], [ 36.9567967, -1.2574809 ], [ 36.9567967, -1.257378 ], [ 36.9567796, -1.2572578 ], [ 36.9567624, -1.2570948 ], [ 36.9566937, -1.2569403 ], [ 36.9566251, -1.2568374 ], [ 36.9565478, -1.256743 ], [ 36.956462, -1.2566314 ], [ 36.9564019, -1.2565199 ], [ 36.9564277, -1.2563997 ], [ 36.9564448, -1.256271 ], [ 36.9564277, -1.2561423 ], [ 36.9563762, -1.256005 ], [ 36.9563247, -1.2558763 ], [ 36.9563418, -1.255739 ], [ 36.9563933, -1.255576 ], [ 36.9564363, -1.2554129 ], [ 36.9564448, -1.2552928 ], [ 36.9564792, -1.2551641 ], [ 36.9564963, -1.2550697 ], [ 36.9565135, -1.2549152 ], [ 36.956462, -1.2547693 ], [ 36.9563231, -1.2546519 ], [ 36.956306, -1.2544805 ], [ 36.9563507, -1.2544221 ], [ 36.9563247, -1.2543403 ], [ 36.9562458, -1.2543337 ], [ 36.9559283, -1.2543393 ], [ 36.9559205, -1.2538835 ], [ 36.9559087, -1.2535783 ], [ 36.9559344, -1.2532712 ], [ 36.9559883, -1.2528869 ], [ 36.9559866, -1.252772 ], [ 36.9559568, -1.2526951 ], [ 36.9558906, -1.252593 ], [ 36.9559012, -1.2525699 ], [ 36.9559777, -1.2524031 ], [ 36.9559574, -1.2522446 ], [ 36.9558721, -1.2520663 ] ] } },
{ "type": "Feature", "properties": { "fid": 672, "osm_id": "1539229922", "code": 8102, "fclass": "stream", "width": 0, "name": null }, "geometry": { "type": "LineString", "coordinates": [ [ 36.9540857, -1.2637175 ], [ 36.954084, -1.2635907 ] ] } },
{ "type": "Feature", "properties": { "fid": 673, "osm_id": "1545459858", "code": 8101, "fclass": "river", "width": 0, "name": null }, "geometry": { "type": "LineString", "coordinates": [ [ 37.0598873, -1.2863338 ], [ 37.059883, -1.2860789 ], [ 37.0598771, -1.2856121 ], [ 37.0600743, -1.2853472 ], [ 37.0603885, -1.2851562 ], [ 37.060598, -1.284879 ], [ 37.0607336, -1.2845217 ], [ 37.0608137, -1.2842568 ], [ 37.0608919, -1.2839071 ], [ 37.0610301, -1.2836429 ], [ 37.061083, -1.283395 ], [ 37.0612415, -1.2831552 ], [ 37.0614123, -1.2828463 ], [ 37.0615192, -1.2826337 ], [ 37.0616412, -1.2825321 ], [ 37.0617021, -1.2824284 ], [ 37.0617081, -1.282418 ] ] } },
{ "type": "Feature", "properties": { "fid": 674, "osm_id": "1545459859", "code": 8101, "fclass": "river", "width": 0, "name": null }, "geometry": { "type": "LineString", "coordinates": [ [ 37.0617674, -1.2823135 ], [ 37.0618619, -1.282147 ], [ 37.0618578, -1.2821015 ], [ 37.0618462, -1.2820659 ], [ 37.0619833, -1.2818507 ], [ 37.0621418, -1.2816028 ], [ 37.0622475, -1.2814239 ], [ 37.0623488, -1.2812119 ], [ 37.06244, -1.2810805 ], [ 37.0625419, -1.2808955 ] ] } },
{ "type": "Feature", "properties": { "fid": 675, "osm_id": "1547867496", "code": 8104, "fclass": "drain", "width": 0, "name": "Kayole Drain" }, "geometry": { "type": "LineString", "coordinates": [ [ 36.9222778, -1.2628846 ], [ 36.9221558, -1.2628337 ], [ 36.9221541, -1.2628324 ], [ 36.9221537, -1.2628326 ], [ 36.9221495, -1.2628306 ], [ 36.9221479, -1.2628297 ], [ 36.9221424, -1.2628264 ], [ 36.9221292, -1.2628161 ], [ 36.922101, -1.2628013 ], [ 36.922043, -1.2627774 ], [ 36.9220407, -1.2627778 ], [ 36.9220318, -1.2627752 ], [ 36.9219998, -1.2627705 ], [ 36.9219904, -1.2627701 ], [ 36.9219787, -1.2627571 ], [ 36.9219619, -1.2627544 ], [ 36.9219577, -1.2627587 ], [ 36.9217741, -1.2626829 ], [ 36.9216873, -1.2626388 ], [ 36.9216032, -1.262587 ], [ 36.9212542, -1.2623985 ], [ 36.9213266, -1.2623225 ], [ 36.9213796, -1.2622239 ], [ 36.9217293, -1.2614412 ], [ 36.9218741, -1.2612803 ], [ 36.9222942, -1.261108 ], [ 36.9224156, -1.261024 ], [ 36.922481, -1.2610473 ], [ 36.9226678, -1.2609539 ], [ 36.9227706, -1.2609166 ], [ 36.9227891, -1.260928 ], [ 36.9228213, -1.2609092 ], [ 36.9229313, -1.2609843 ], [ 36.9230252, -1.2609414 ], [ 36.9230815, -1.2609119 ], [ 36.9231405, -1.2609146 ], [ 36.9233167, -1.260827 ], [ 36.9233106, -1.2607843 ], [ 36.923335, -1.2607417 ], [ 36.9234366, -1.2606299 ], [ 36.9235404, -1.2605103 ], [ 36.9236522, -1.2602685 ] ] } },
{ "type": "Feature", "properties": { "fid": 676, "osm_id": "1547867497", "code": 8104, "fclass": "drain", "width": 0, "name": "Kayole Drain" }, "geometry": { "type": "LineString", "coordinates": [ [ 36.9223349, -1.2629084 ], [ 36.9222778, -1.2628846 ] ] } },
{ "type": "Feature", "properties": { "fid": 677, "osm_id": "1549860027", "code": 8102, "fclass": "stream", "width": 0, "name": "Katina stream" }, "geometry": { "type": "LineString", "coordinates": [ [ 36.7651863, -1.2750433 ], [ 36.7654716, -1.2749462 ], [ 36.7657366, -1.274748 ], [ 36.7659805, -1.2745666 ], [ 36.7662139, -1.274273 ], [ 36.766218, -1.2738131 ], [ 36.7665664, -1.2735574 ], [ 36.7666535, -1.2732956 ], [ 36.7667578, -1.2729641 ], [ 36.7671607, -1.2724088 ], [ 36.7674034, -1.2721711 ], [ 36.7675663, -1.2714085 ], [ 36.7674963, -1.2712617 ], [ 36.7674714, -1.2708819 ], [ 36.7674582, -1.270292 ], [ 36.7674474, -1.2701226 ], [ 36.7674867, -1.2700332 ], [ 36.7675307, -1.2698563 ] ] } },
{ "type": "Feature", "properties": { "fid": 678, "osm_id": "1549864690", "code": 8102, "fclass": "stream", "width": 0, "name": "Kivuli stream" }, "geometry": { "type": "LineString", "coordinates": [ [ 36.7371934, -1.288644 ], [ 36.737207, -1.2887063 ], [ 36.7373032, -1.2887219 ], [ 36.7374021, -1.2887409 ], [ 36.7375952, -1.2888459 ], [ 36.7376006, -1.289083 ], [ 36.7376284, -1.2892422 ], [ 36.7378654, -1.2894938 ], [ 36.7380678, -1.2897024 ], [ 36.7382795, -1.2898891 ], [ 36.7384538, -1.2898611 ], [ 36.7393007, -1.2905459 ], [ 36.7394719, -1.2908665 ], [ 36.7398735, -1.2910314 ], [ 36.7399373, -1.2913294 ], [ 36.7403235, -1.2914331 ], [ 36.740817, -1.2915797 ], [ 36.7413105, -1.2916726 ], [ 36.7417433, -1.291644 ], [ 36.742058, -1.2917942 ], [ 36.7424657, -1.2918943 ], [ 36.7427554, -1.2920766 ], [ 36.7430129, -1.292191 ], [ 36.743299, -1.2923555 ], [ 36.7435922, -1.2925986 ], [ 36.7437746, -1.2925986 ], [ 36.7438712, -1.2928239 ], [ 36.744143, -1.2930205 ], [ 36.7443218, -1.2929097 ], [ 36.7444756, -1.2930241 ], [ 36.7448117, -1.2931421 ], [ 36.745198, -1.2933566 ], [ 36.745459, -1.2936283 ], [ 36.7457201, -1.2937606 ], [ 36.7459686, -1.2935548 ], [ 36.7463142, -1.2934956 ], [ 36.746666, -1.2936201 ], [ 36.7467937, -1.293866 ], [ 36.7469369, -1.2940652 ], [ 36.7470925, -1.2938816 ], [ 36.7472295, -1.2938069 ], [ 36.7474132, -1.293617 ], [ 36.7473603, -1.2934769 ], [ 36.747407, -1.2934147 ], [ 36.7476685, -1.2932435 ], [ 36.7478552, -1.2931086 ], [ 36.7480197, -1.2930085 ], [ 36.7482486, -1.2929549 ], [ 36.7485705, -1.29303 ], [ 36.7489496, -1.2930729 ], [ 36.7493108, -1.2930192 ], [ 36.749697, -1.2927904 ], [ 36.7500511, -1.2925437 ], [ 36.7501941, -1.2926796 ], [ 36.7504266, -1.2927332 ], [ 36.7505482, -1.2929406 ], [ 36.7506841, -1.2929942 ], [ 36.750938, -1.2930479 ], [ 36.7512849, -1.2929442 ], [ 36.7515424, -1.2930014 ], [ 36.7517335, -1.2931988 ], [ 36.7520512, -1.2934012 ] ] } },
{ "type": "Feature", "properties": { "fid": 679, "osm_id": "1549866834", "code": 8102, "fclass": "stream", "width": 0, "name": "Kirimiri stream" }, "geometry": { "type": "LineString", "coordinates": [ [ 36.7915487, -1.2947829 ], [ 36.791757, -1.2948187 ], [ 36.7919626, -1.2948812 ], [ 36.7921736, -1.2949536 ], [ 36.7923481, -1.2949367 ], [ 36.7925341, -1.2949725 ], [ 36.792704, -1.2950628 ], [ 36.7929338, -1.2950762 ], [ 36.7932994, -1.2950735 ], [ 36.7934899, -1.2950806 ], [ 36.7937518, -1.2951155 ], [ 36.7938706, -1.2951164 ], [ 36.7940647, -1.2951468 ], [ 36.7941728, -1.2951235 ], [ 36.7943589, -1.2951092 ], [ 36.7946066, -1.2952576 ], [ 36.7947121, -1.2952415 ], [ 36.7948911, -1.2952713 ], [ 36.7949617, -1.295424 ], [ 36.7952652, -1.2957615 ], [ 36.79548, -1.2958144 ], [ 36.7958847, -1.2957677 ], [ 36.7963431, -1.2958476 ] ] } },
{ "type": "Feature", "properties": { "fid": 680, "osm_id": "1549977984", "code": 8102, "fclass": "stream", "width": 0, "name": "Kivuli stream" }, "geometry": { "type": "LineString", "coordinates": [ [ 36.7265426, -1.2885528 ], [ 36.7266537, -1.2884824 ], [ 36.7268949, -1.2883577 ], [ 36.7272256, -1.2882575 ], [ 36.7274966, -1.2882033 ], [ 36.727746, -1.2881139 ], [ 36.7279194, -1.2879648 ], [ 36.7280197, -1.2879703 ], [ 36.7280685, -1.2878944 ], [ 36.7281634, -1.2879404 ], [ 36.7284994, -1.2879404 ], [ 36.7288545, -1.2879296 ], [ 36.7291743, -1.2878808 ], [ 36.7295077, -1.2878971 ], [ 36.7296974, -1.287954 ], [ 36.7301554, -1.2881247 ], [ 36.730337, -1.2880624 ], [ 36.7304292, -1.2880136 ], [ 36.7305105, -1.2880813 ], [ 36.7306785, -1.2881464 ], [ 36.7307653, -1.2881247 ], [ 36.7309035, -1.288206 ], [ 36.7310498, -1.2881789 ], [ 36.731245, -1.2881924 ], [ 36.7315811, -1.2884607 ], [ 36.7318602, -1.2885474 ], [ 36.7321746, -1.2885149 ], [ 36.7323671, -1.2886151 ], [ 36.7324755, -1.2886016 ], [ 36.7328088, -1.2887371 ], [ 36.7329145, -1.2886504 ], [ 36.7331449, -1.2886124 ], [ 36.7333455, -1.2885013 ], [ 36.7335596, -1.2883523 ], [ 36.7337766, -1.2884021 ], [ 36.7338506, -1.2884239 ], [ 36.7339323, -1.2883998 ], [ 36.7340164, -1.2883375 ], [ 36.7340599, -1.2882223 ], [ 36.7341404, -1.2881606 ], [ 36.7341979, -1.2880764 ], [ 36.7342822, -1.2880415 ], [ 36.7346396, -1.2880497 ], [ 36.7351777, -1.2880641 ], [ 36.7353092, -1.2879573 ], [ 36.7353544, -1.2880025 ], [ 36.7354324, -1.2880046 ], [ 36.7354735, -1.2880518 ], [ 36.7356152, -1.2880662 ], [ 36.7357097, -1.2881011 ], [ 36.7357713, -1.2880292 ], [ 36.735909, -1.2879963 ], [ 36.7360709, -1.2881064 ], [ 36.7362068, -1.2882079 ], [ 36.736404, -1.2882325 ], [ 36.7366238, -1.2881483 ], [ 36.7368004, -1.2880949 ], [ 36.7369011, -1.2881483 ], [ 36.7369935, -1.288368 ], [ 36.737088, -1.2885077 ] ] } },
{ "type": "Feature", "properties": { "fid": 681, "osm_id": "1549980155", "code": 8102, "fclass": "stream", "width": 0, "name": "Kivuli stream" }, "geometry": { "type": "LineString", "coordinates": [ [ 36.737088, -1.2885077 ], [ 36.7371601, -1.288601 ] ] } },
{ "type": "Feature", "properties": { "fid": 682, "osm_id": "1549980156", "code": 8102, "fclass": "stream", "width": 0, "name": "Kivuli stream" }, "geometry": { "type": "LineString", "coordinates": [ [ 36.7371601, -1.288601 ], [ 36.7371934, -1.288644 ] ] } },
{ "type": "Feature", "properties": { "fid": 683, "osm_id": "1549980157", "code": 8102, "fclass": "stream", "width": 0, "name": "Kagondo Stream" }, "geometry": { "type": "LineString", "coordinates": [ [ 36.7143096, -1.2705206 ], [ 36.7144491, -1.2705849 ], [ 36.7145099, -1.2706922 ], [ 36.7146315, -1.2707816 ], [ 36.7148604, -1.2708674 ], [ 36.7153468, -1.271275 ], [ 36.7155972, -1.2716801 ], [ 36.7157402, -1.2722368 ], [ 36.7159465, -1.272479 ], [ 36.7164769, -1.2724263 ], [ 36.7168416, -1.2724191 ], [ 36.7170539, -1.2724862 ], [ 36.7173388, -1.2727829 ] ] } },
{ "type": "Feature", "properties": { "fid": 684, "osm_id": "1549980158", "code": 8102, "fclass": "stream", "width": 0, "name": "Kagondo Stream" }, "geometry": { "type": "LineString", "coordinates": [ [ 36.696652905239823, -1.261746679323793 ], [ 36.6970684, -1.2619074 ], [ 36.6973938, -1.2619718 ], [ 36.6977264, -1.2620397 ], [ 36.6979124, -1.2621827 ], [ 36.6981449, -1.262383 ], [ 36.698245, -1.2626726 ], [ 36.6984918, -1.2629514 ], [ 36.6986455, -1.2633876 ], [ 36.6986205, -1.2640384 ], [ 36.6985454, -1.2641135 ], [ 36.698549, -1.2643637 ], [ 36.6985955, -1.2647821 ], [ 36.6985597, -1.2654971 ], [ 36.6986491, -1.265751 ], [ 36.6988851, -1.265894 ], [ 36.6991605, -1.2660406 ], [ 36.6995754, -1.2664518 ], [ 36.6999343, -1.2667325 ], [ 36.7005338, -1.2668951 ], [ 36.7008771, -1.2670632 ], [ 36.7011704, -1.2673099 ], [ 36.7014576, -1.2675922 ], [ 36.7019929, -1.2679391 ], [ 36.702279, -1.267982 ], [ 36.7026331, -1.2681608 ], [ 36.7031767, -1.2682895 ], [ 36.7038919, -1.2684111 ], [ 36.7044391, -1.2685005 ], [ 36.7049684, -1.2684433 ], [ 36.7051615, -1.2683682 ], [ 36.7054154, -1.2682466 ], [ 36.7057945, -1.2682252 ], [ 36.706288, -1.2682216 ], [ 36.7066993, -1.2679999 ], [ 36.7071034, -1.2678927 ], [ 36.7076148, -1.2679213 ], [ 36.7080047, -1.2678891 ], [ 36.7081334, -1.2678712 ], [ 36.7085411, -1.2677139 ], [ 36.708981, -1.2677747 ], [ 36.7092492, -1.2677282 ], [ 36.7094924, -1.267721 ], [ 36.7096748, -1.267814 ], [ 36.7098894, -1.2678176 ], [ 36.7107226, -1.2678319 ], [ 36.7111625, -1.2681465 ], [ 36.7113521, -1.2682395 ], [ 36.7114808, -1.2683324 ], [ 36.7114951, -1.2684504 ], [ 36.7116739, -1.2685648 ], [ 36.7117812, -1.2686757 ], [ 36.7119672, -1.2688366 ], [ 36.7124822, -1.2692227 ], [ 36.7125716, -1.2693371 ], [ 36.7127647, -1.2693764 ], [ 36.7128148, -1.2694909 ], [ 36.7129006, -1.2694909 ], [ 36.7131581, -1.2697054 ], [ 36.7135264, -1.2699986 ], [ 36.7136623, -1.2700307 ], [ 36.7137374, -1.2701809 ], [ 36.7139019, -1.2702024 ], [ 36.7140736, -1.270349 ], [ 36.7143096, -1.2705206 ] ] } },
{ "type": "Feature", "properties": { "fid": 685, "osm_id": "1549989748", "code": 8102, "fclass": "stream", "width": 0, "name": null }, "geometry": { "type": "LineString", "coordinates": [ [ 36.7283714, -1.2688947 ], [ 36.7284702, -1.2688884 ], [ 36.728627, -1.2688806 ], [ 36.7288104, -1.2688398 ], [ 36.7289499, -1.2688194 ], [ 36.7292306, -1.268763 ], [ 36.729394, -1.2687645 ], [ 36.7295049, -1.268716 ], [ 36.729697, -1.2686561 ], [ 36.7298467, -1.2686125 ], [ 36.729925, -1.2686831 ], [ 36.7301613, -1.2687699 ], [ 36.7303267, -1.2687564 ], [ 36.7304509, -1.268803 ], [ 36.7305398, -1.268835 ], [ 36.7306224, -1.2688933 ], [ 36.7306949, -1.2688933 ], [ 36.7308173, -1.268872 ], [ 36.7309278, -1.2689325 ], [ 36.73103, -1.2689408 ], [ 36.7310917, -1.2689313 ], [ 36.7312343, -1.2689587 ], [ 36.7313686, -1.2689919 ], [ 36.7314422, -1.2690264 ], [ 36.7314874, -1.2690394 ], [ 36.7315278, -1.2690763 ], [ 36.7315943, -1.2691155 ], [ 36.7316276, -1.2691677 ], [ 36.7317214, -1.2692746 ], [ 36.731763, -1.2693209 ], [ 36.7318034, -1.2693613 ], [ 36.7318723, -1.2694219 ], [ 36.7319008, -1.2694718 ], [ 36.731965, -1.2695751 ], [ 36.7319911, -1.2695941 ], [ 36.7320137, -1.2696298 ], [ 36.7320458, -1.2696559 ], [ 36.7320541, -1.2696927 ], [ 36.7320814, -1.2697474 ], [ 36.7321539, -1.2697949 ], [ 36.7321729, -1.2698317 ], [ 36.7321884, -1.2698816 ], [ 36.7322169, -1.2699362 ], [ 36.7322228, -1.2699826 ], [ 36.7322597, -1.2700408 ], [ 36.7322715, -1.270093 ], [ 36.732306, -1.2701762 ], [ 36.7323488, -1.2702059 ], [ 36.7323832, -1.2702534 ], [ 36.7323773, -1.2703175 ], [ 36.7323428, -1.2703579 ], [ 36.7323725, -1.2704042 ], [ 36.7323844, -1.2704565 ], [ 36.7323333, -1.2705586 ], [ 36.7323143, -1.2706513 ], [ 36.7323107, -1.270719 ], [ 36.7323393, -1.2708117 ], [ 36.732388, -1.270953 ], [ 36.7324331, -1.2710326 ], [ 36.7324533, -1.2710979 ], [ 36.7324664, -1.2711989 ], [ 36.7324533, -1.2712844 ], [ 36.7324652, -1.2713759 ], [ 36.7324854, -1.27144 ], [ 36.7324901, -1.2715493 ], [ 36.7324569, -1.2716514 ], [ 36.7324652, -1.2717488 ], [ 36.7325127, -1.2718534 ], [ 36.7325519, -1.2719329 ], [ 36.7326078, -1.2720553 ], [ 36.7326458, -1.2721135 ], [ 36.7326838, -1.2721895 ], [ 36.7327159, -1.2722537 ], [ 36.7327575, -1.2723225 ], [ 36.7327907, -1.2724223 ], [ 36.7328466, -1.2724924 ], [ 36.7329345, -1.2726338 ], [ 36.732988, -1.2727133 ], [ 36.7329796, -1.2728155 ], [ 36.7330224, -1.2728654 ], [ 36.7330937, -1.2729521 ], [ 36.7331674, -1.2730982 ], [ 36.7332161, -1.2732585 ], [ 36.7333983, -1.2738406 ], [ 36.7333963, -1.2738902 ], [ 36.7334237, -1.2740209 ], [ 36.7334664, -1.2741254 ], [ 36.7334783, -1.2742489 ], [ 36.7335068, -1.274319 ], [ 36.7336595, -1.2746872 ], [ 36.7336702, -1.2748274 ], [ 36.7337715, -1.2752162 ], [ 36.7340777, -1.2756339 ], [ 36.7341894, -1.2757539 ], [ 36.7343546, -1.2758536 ] ] } },
{ "type": "Feature", "properties": { "fid": 686, "osm_id": "1549989749", "code": 8102, "fclass": "stream", "width": 0, "name": null }, "geometry": { "type": "LineString", "coordinates": [ [ 36.7533503, -1.2713502 ], [ 36.7534115, -1.271334 ], [ 36.7535916, -1.2712944 ], [ 36.7537735, -1.2712476 ], [ 36.7539194, -1.2711972 ], [ 36.7540959, -1.271145 ], [ 36.7542381, -1.2711054 ], [ 36.7544794, -1.2709091 ], [ 36.7546073, -1.2707741 ], [ 36.7546325, -1.2707237 ], [ 36.7547478, -1.2707039 ], [ 36.754935, -1.2706535 ], [ 36.7550575, -1.2705724 ], [ 36.75518, -1.2705436 ], [ 36.7553042, -1.2705382 ], [ 36.7553835, -1.270504 ], [ 36.7554987, -1.2705382 ], [ 36.7555923, -1.2705454 ], [ 36.7557076, -1.270558 ], [ 36.7559093, -1.270558 ], [ 36.7561056, -1.2705184 ], [ 36.7564892, -1.2705598 ], [ 36.7567251, -1.2706589 ], [ 36.7569412, -1.2707237 ], [ 36.7572257, -1.2706985 ], [ 36.7576273, -1.2706553 ], [ 36.7579118, -1.2706859 ], [ 36.7580775, -1.2706895 ], [ 36.7582664, -1.2707614 ] ] } },
{ "type": "Feature", "properties": { "fid": 687, "osm_id": "1549989750", "code": 8102, "fclass": "stream", "width": 0, "name": null }, "geometry": { "type": "LineString", "coordinates": [ [ 36.7556144, -1.2660016 ], [ 36.755707, -1.26608 ], [ 36.7558567, -1.2660966 ], [ 36.7559542, -1.2661584 ], [ 36.7561799, -1.2663152 ], [ 36.7563035, -1.266365 ], [ 36.756408, -1.2664411 ], [ 36.7564959, -1.2665503 ], [ 36.7566266, -1.2666454 ], [ 36.7566979, -1.2667594 ], [ 36.7567429, -1.2668301 ], [ 36.7569569, -1.2668449 ], [ 36.7571066, -1.2668972 ], [ 36.7572658, -1.2668948 ], [ 36.7574512, -1.2669114 ], [ 36.7576128, -1.2669447 ], [ 36.7578409, -1.2669851 ], [ 36.7580286, -1.2669851 ], [ 36.7582306, -1.2669851 ], [ 36.758385, -1.2669803 ], [ 36.7585285, -1.266967 ], [ 36.7586963, -1.2669946 ], [ 36.758789, -1.2669875 ], [ 36.7588745, -1.2670017 ], [ 36.7590405, -1.2670441 ], [ 36.7592428, -1.2670777 ], [ 36.7595684, -1.2672488 ], [ 36.7597442, -1.2673367 ], [ 36.7599272, -1.2674222 ], [ 36.760065, -1.267465 ], [ 36.7603176, -1.2675127 ], [ 36.7604476, -1.2676526 ], [ 36.7606733, -1.2678807 ], [ 36.7607018, -1.2680494 ], [ 36.760709, -1.26818 ], [ 36.7608682, -1.2684746 ], [ 36.7610701, -1.2688452 ], [ 36.7612484, -1.268983 ], [ 36.7614979, -1.269211 ], [ 36.7616713, -1.2692823 ], [ 36.761819, -1.2695211 ], [ 36.7619826, -1.2696173 ], [ 36.7621537, -1.2696315 ], [ 36.7623699, -1.2695816 ], [ 36.7625291, -1.2694985 ], [ 36.7626028, -1.2695294 ], [ 36.762743, -1.269641 ], [ 36.762838, -1.2697883 ], [ 36.763156, -1.2698684 ] ] } },
{ "type": "Feature", "properties": { "fid": 688, "osm_id": "1549989751", "code": 8102, "fclass": "stream", "width": 0, "name": null }, "geometry": { "type": "LineString", "coordinates": [ [ 36.7535588, -1.2656253 ], [ 36.7536748, -1.2656284 ], [ 36.7538253, -1.2656395 ], [ 36.7539624, -1.2656495 ], [ 36.7540785, -1.2656739 ], [ 36.7542141, -1.2656864 ], [ 36.7542815, -1.2656974 ], [ 36.7542917, -1.2656715 ], [ 36.7543174, -1.2656354 ], [ 36.7544067, -1.2656258 ], [ 36.7544626, -1.2656347 ], [ 36.754465, -1.2656817 ], [ 36.7544806, -1.2657084 ], [ 36.7545151, -1.2657037 ], [ 36.7545622, -1.2656998 ], [ 36.7547354, -1.2657076 ], [ 36.754766, -1.2657131 ], [ 36.7548498, -1.2657483 ], [ 36.7549447, -1.2657444 ], [ 36.7550262, -1.2657154 ], [ 36.7550638, -1.2657413 ], [ 36.7551618, -1.2657844 ], [ 36.755219, -1.2658314 ], [ 36.7552723, -1.2658635 ], [ 36.7553946, -1.2659074 ], [ 36.7554346, -1.2659388 ], [ 36.7555044, -1.2659842 ], [ 36.7556144, -1.2660016 ] ] } },
{ "type": "Feature", "properties": { "fid": 689, "osm_id": "1549990084", "code": 8102, "fclass": "stream", "width": 0, "name": "Gitathuru stream" }, "geometry": { "type": "LineString", "coordinates": [ [ 36.7679753, -1.2632125 ], [ 36.7681828, -1.2631488 ], [ 36.7684251, -1.2631077 ], [ 36.7687476, -1.2629722 ], [ 36.7689345, -1.2628839 ], [ 36.7690763, -1.2627751 ], [ 36.7692652, -1.2627011 ], [ 36.7695713, -1.2625266 ], [ 36.7697048, -1.2624547 ], [ 36.7699841, -1.262274 ], [ 36.7705469, -1.2621754 ], [ 36.7707955, -1.2621508 ], [ 36.7709639, -1.2621836 ], [ 36.7711221, -1.2622268 ], [ 36.7713553, -1.2622691 ], [ 36.7716724, -1.2623965 ], [ 36.7718702, -1.2624967 ], [ 36.772041, -1.2625509 ], [ 36.7722849, -1.2627054 ], [ 36.7723526, -1.262784 ], [ 36.7726657, -1.2630038 ], [ 36.7730444, -1.2631356 ], [ 36.7732997, -1.2632383 ], [ 36.7735176, -1.2633753 ], [ 36.7737573, -1.2634064 ], [ 36.7740064, -1.2633721 ], [ 36.7741932, -1.2633566 ], [ 36.7744672, -1.2633566 ], [ 36.7745263, -1.2634904 ], [ 36.7746882, -1.2635029 ], [ 36.7748906, -1.2635682 ], [ 36.7752272, -1.2637038 ], [ 36.7754961, -1.2638562 ], [ 36.7755926, -1.2639044 ], [ 36.7757016, -1.2638935 ], [ 36.7757327, -1.26392 ], [ 36.7758463, -1.2639153 ], [ 36.7761748, -1.2638167 ], [ 36.7765051, -1.2637271 ], [ 36.7769298, -1.263661 ], [ 36.7772413, -1.2636091 ], [ 36.7776566, -1.2635053 ], [ 36.7780476, -1.2633657 ], [ 36.7782069, -1.2634178 ], [ 36.778657, -1.2634487 ], [ 36.779077, -1.2635478 ], [ 36.779445, -1.2635478 ], [ 36.7797659, -1.2634063 ], [ 36.7800538, -1.2634818 ], [ 36.7802473, -1.2637554 ], [ 36.7804974, -1.2639441 ], [ 36.7809268, -1.2643781 ], [ 36.7810825, -1.2645999 ], [ 36.7813515, -1.2646706 ], [ 36.7816393, -1.2646612 ], [ 36.781913, -1.2648877 ], [ 36.7821466, -1.2651445 ], [ 36.7823283, -1.2651441 ] ] } },
{ "type": "Feature", "properties": { "fid": 690, "osm_id": "1549991401", "code": 8102, "fclass": "stream", "width": 0, "name": "Kavuthi stream" }, "geometry": { "type": "LineString", "coordinates": [ [ 36.687205197688073, -1.281523815205675 ], [ 36.6873791, -1.281632 ], [ 36.687676, -1.2818537 ], [ 36.6880515, -1.2821111 ], [ 36.6881516, -1.2822398 ], [ 36.6883769, -1.2823864 ], [ 36.6884556, -1.2825223 ], [ 36.6887023, -1.2826402 ], [ 36.6889813, -1.2829155 ], [ 36.6891565, -1.2830621 ], [ 36.6895821, -1.283459 ], [ 36.6897752, -1.28367 ], [ 36.689981, -1.2838709 ], [ 36.6900919, -1.2839839 ], [ 36.6901689, -1.284066 ], [ 36.6902367, -1.2841451 ], [ 36.6903394, -1.2842436 ], [ 36.6903938, -1.2843042 ], [ 36.6903877, -1.2843597 ], [ 36.6904472, -1.2844069 ], [ 36.6905007, -1.2844469 ], [ 36.6905654, -1.284449 ], [ 36.6906485, -1.2844921 ], [ 36.6906794, -1.284566 ], [ 36.6907307, -1.2846061 ], [ 36.6908283, -1.2846451 ], [ 36.6910152, -1.2847396 ], [ 36.6911056, -1.2848073 ], [ 36.6912155, -1.2848884 ], [ 36.6912832, -1.2849603 ], [ 36.691426, -1.2850466 ], [ 36.6915338, -1.2851359 ], [ 36.6916324, -1.2851903 ], [ 36.6917259, -1.2852365 ], [ 36.6918337, -1.2852683 ], [ 36.6918984, -1.2852755 ], [ 36.6919501, -1.2852721 ], [ 36.6919908, -1.2853364 ], [ 36.6920522, -1.2853328 ], [ 36.692133, -1.2853423 ], [ 36.6921802, -1.2853771 ], [ 36.6925955, -1.2853836 ], [ 36.6927096, -1.285382 ], [ 36.692908, -1.2854035 ], [ 36.6930511, -1.2854017 ], [ 36.6932549, -1.2853892 ], [ 36.6933533, -1.285407 ], [ 36.6935196, -1.2853981 ], [ 36.6936358, -1.2854231 ], [ 36.6937914, -1.2853892 ], [ 36.6940292, -1.2853284 ], [ 36.694217, -1.2852926 ], [ 36.6943242, -1.2852783 ], [ 36.6944137, -1.2852944 ], [ 36.6944315, -1.2854392 ], [ 36.6945102, -1.2854374 ], [ 36.694605, -1.2853838 ], [ 36.6947534, -1.2854088 ], [ 36.6949483, -1.2854106 ], [ 36.6951075, -1.2854249 ], [ 36.6953238, -1.2853731 ], [ 36.6954847, -1.2853552 ], [ 36.6956153, -1.2853713 ], [ 36.6957744, -1.2853856 ], [ 36.6958817, -1.285441 ], [ 36.6959944, -1.2855232 ], [ 36.6960695, -1.2855983 ], [ 36.6961875, -1.2856198 ], [ 36.6962984, -1.2856216 ], [ 36.6964235, -1.2856734 ], [ 36.6965076, -1.2857056 ], [ 36.6966202, -1.2856555 ], [ 36.6967472, -1.2855518 ], [ 36.6969188, -1.2854642 ], [ 36.6970583, -1.2853391 ], [ 36.6972335, -1.2851621 ], [ 36.6974535, -1.2849118 ], [ 36.6976181, -1.2845976 ], [ 36.6977185, -1.2844097 ], [ 36.697838, -1.2841953 ], [ 36.6979541, -1.2840658 ], [ 36.6980542, -1.2840139 ], [ 36.698174, -1.2839674 ], [ 36.698326, -1.2838888 ], [ 36.6983689, -1.2838655 ], [ 36.6984029, -1.2837851 ], [ 36.6984673, -1.2837511 ], [ 36.6985728, -1.2837046 ], [ 36.698664, -1.283685 ], [ 36.698807, -1.2837422 ], [ 36.6988911, -1.2838012 ], [ 36.6990091, -1.2838101 ], [ 36.6991039, -1.2837833 ], [ 36.6992129, -1.2837207 ], [ 36.699356, -1.2837029 ], [ 36.6995205, -1.2836939 ], [ 36.6996546, -1.2836814 ], [ 36.6997583, -1.2836528 ], [ 36.6999085, -1.2835616 ], [ 36.6999926, -1.2835348 ], [ 36.7000748, -1.2834687 ], [ 36.7001589, -1.2834258 ], [ 36.7001928, -1.2833721 ], [ 36.7001928, -1.2832845 ], [ 36.700293, -1.2832041 ], [ 36.7003699, -1.2831433 ], [ 36.7004754, -1.2830361 ], [ 36.7005666, -1.2829788 ], [ 36.7006846, -1.2829663 ], [ 36.7009689, -1.2829377 ], [ 36.7010655, -1.2828984 ], [ 36.7012085, -1.2828644 ], [ 36.7013194, -1.2828734 ], [ 36.7013802, -1.2828555 ], [ 36.701466, -1.2828019 ], [ 36.7016341, -1.2827804 ], [ 36.7017807, -1.2827447 ], [ 36.7018934, -1.2827053 ], [ 36.7020954, -1.2825927 ], [ 36.7022313, -1.2825069 ], [ 36.7022653, -1.2824407 ], [ 36.7023744, -1.2823049 ], [ 36.7024423, -1.2822048 ], [ 36.7024978, -1.2822227 ], [ 36.7026158, -1.2821905 ], [ 36.7028017, -1.2820939 ], [ 36.7029412, -1.2820421 ], [ 36.7031701, -1.2819634 ], [ 36.7032863, -1.2819634 ], [ 36.7034616, -1.2820349 ], [ 36.7036457, -1.2820635 ], [ 36.7037995, -1.2821404 ], [ 36.7040266, -1.2822745 ], [ 36.7042358, -1.2824318 ], [ 36.7044111, -1.2826195 ], [ 36.7045702, -1.2827643 ], [ 36.7048379, -1.2827965 ], [ 36.7050125, -1.2828507 ], [ 36.7051517, -1.2829038 ], [ 36.7053452, -1.2829581 ], [ 36.7057074, -1.2828224 ], [ 36.7058089, -1.2828413 ], [ 36.7059575, -1.2828342 ], [ 36.7060778, -1.2827918 ], [ 36.706184, -1.2827198 ], [ 36.706307, -1.2826651 ], [ 36.7063925, -1.2826175 ], [ 36.7065294, -1.2825958 ], [ 36.7066581, -1.2825972 ], [ 36.7068167, -1.2825498 ], [ 36.706898, -1.2824509 ], [ 36.7069631, -1.282337 ], [ 36.707043, -1.2822327 ], [ 36.707165, -1.2821271 ], [ 36.7072639, -1.2820647 ], [ 36.7073561, -1.2820065 ], [ 36.707478, -1.2819902 ], [ 36.7076759, -1.2819292 ], [ 36.7078209, -1.2818967 ], [ 36.7079076, -1.2818656 ], [ 36.7080228, -1.2818195 ], [ 36.7081136, -1.2817613 ], [ 36.7081881, -1.2817138 ], [ 36.7083006, -1.2816935 ], [ 36.7084212, -1.2816827 ], [ 36.7085486, -1.28168 ], [ 36.7086326, -1.2816068 ], [ 36.7087071, -1.2814822 ], [ 36.7087749, -1.2813792 ], [ 36.7088684, -1.2812518 ], [ 36.7090202, -1.2811855 ], [ 36.7092302, -1.2811042 ], [ 36.7095541, -1.2810784 ], [ 36.7097547, -1.2810066 ], [ 36.7098346, -1.2808982 ], [ 36.709939, -1.2808007 ], [ 36.7099729, -1.280714 ], [ 36.7100379, -1.2806435 ], [ 36.710103, -1.2806029 ], [ 36.7102493, -1.280527 ], [ 36.7103699, -1.2804755 ], [ 36.7104973, -1.2804389 ], [ 36.7106396, -1.2804918 ], [ 36.7107263, -1.2805162 ], [ 36.7109377, -1.2804864 ], [ 36.7111884, -1.2803414 ], [ 36.711286, -1.2802425 ], [ 36.7113253, -1.2800908 ], [ 36.7113706, -1.2800038 ], [ 36.7113909, -1.2799089 ], [ 36.7114281, -1.2797836 ], [ 36.7115379, -1.2794889 ], [ 36.7115711, -1.2794022 ], [ 36.7116091, -1.2792837 ], [ 36.7116131, -1.2791665 ], [ 36.7116219, -1.2790594 ], [ 36.7116557, -1.2788547 ], [ 36.7116458, -1.2786306 ], [ 36.7117328, -1.2785511 ] ] } },
{ "type": "Feature", "properties": { "fid": 691, "osm_id": "1549991794", "code": 8101, "fclass": "river", "width": 0, "name": "Rungiri River" }, "geometry": { "type": "LineString", "coordinates": [ [ 36.7173388, -1.2727829 ], [ 36.7174781, -1.2728348 ], [ 36.717697, -1.2728471 ], [ 36.7179977, -1.272837 ], [ 36.7183965, -1.2729113 ], [ 36.7186736, -1.2730667 ], [ 36.7188865, -1.2733167 ], [ 36.7193157, -1.2735803 ], [ 36.7195759, -1.2736411 ], [ 36.7199071, -1.2735972 ], [ 36.7201245, -1.2735374 ], [ 36.7202497, -1.2735511 ], [ 36.720485, -1.2735769 ], [ 36.7207737, -1.2735561 ] ] } },
{ "type": "Feature", "properties": { "fid": 692, "osm_id": "1549995588", "code": 8102, "fclass": "stream", "width": 0, "name": "Nyongara River" }, "geometry": { "type": "LineString", "coordinates": [ [ 36.7030639, -1.2801332 ], [ 36.7031685, -1.2802298 ], [ 36.7032704, -1.2802459 ], [ 36.703434, -1.2802539 ], [ 36.7036057, -1.2801788 ], [ 36.7037451, -1.2801118 ], [ 36.7038766, -1.2799965 ], [ 36.704059, -1.2798651 ], [ 36.7042521, -1.2797498 ], [ 36.7043996, -1.2796023 ], [ 36.704464, -1.279487 ], [ 36.704582, -1.279436 ], [ 36.7046651, -1.279436 ], [ 36.7047617, -1.2794923 ], [ 36.7048368, -1.2794119 ], [ 36.7051077, -1.2793583 ], [ 36.7053706, -1.2793449 ], [ 36.7055959, -1.279302 ], [ 36.7057997, -1.2792751 ], [ 36.7058775, -1.2792135 ], [ 36.7059714, -1.279133 ], [ 36.7061109, -1.2790418 ], [ 36.706186, -1.2790553 ], [ 36.7063335, -1.279015 ], [ 36.7064247, -1.2790499 ], [ 36.7066071, -1.2790713 ], [ 36.7067734, -1.2790365 ], [ 36.7070121, -1.2790874 ], [ 36.7076209, -1.2790338 ], [ 36.707924, -1.2789668 ], [ 36.7079556, -1.2789421 ], [ 36.7081332, -1.2788032 ], [ 36.7082995, -1.2787925 ], [ 36.7085624, -1.2786584 ], [ 36.7089889, -1.2785887 ], [ 36.7091283, -1.2786369 ], [ 36.7092061, -1.2786289 ], [ 36.7093966, -1.2785484 ], [ 36.7095334, -1.2784197 ], [ 36.709638, -1.2783581 ], [ 36.7097667, -1.2782079 ], [ 36.7097763, -1.2780535 ], [ 36.7098257, -1.2779156 ], [ 36.7100213, -1.2779406 ], [ 36.7101154, -1.2779424 ], [ 36.7102334, -1.27798 ], [ 36.7103514, -1.2780416 ], [ 36.7104507, -1.278055 ], [ 36.7106062, -1.2781382 ], [ 36.7106787, -1.2782025 ], [ 36.7107479, -1.2782298 ], [ 36.710853, -1.2782749 ], [ 36.7109657, -1.2784224 ], [ 36.7111695, -1.2785806 ], [ 36.7114002, -1.2785458 ], [ 36.7114592, -1.2784519 ], [ 36.7115799, -1.2785216 ], [ 36.7117328, -1.2785511 ] ] } },
{ "type": "Feature", "properties": { "fid": 693, "osm_id": "1549997141", "code": 8101, "fclass": "river", "width": 0, "name": "Nairobi River" }, "geometry": { "type": "LineString", "coordinates": [ [ 36.7234406, -1.2742903 ], [ 36.7235559, -1.2741991 ], [ 36.7237571, -1.2741803 ], [ 36.7238215, -1.2740007 ], [ 36.723859, -1.273872 ], [ 36.7240012, -1.2737567 ], [ 36.7241192, -1.273703 ], [ 36.7242667, -1.2736172 ], [ 36.7244196, -1.273569 ], [ 36.7245564, -1.2734966 ], [ 36.7246825, -1.2734456 ], [ 36.7248112, -1.2734617 ], [ 36.7250151, -1.2735582 ], [ 36.7252591, -1.2735824 ], [ 36.7255381, -1.2736333 ], [ 36.7256335, -1.2736142 ], [ 36.7256722, -1.2736065 ], [ 36.7257688, -1.273636 ], [ 36.7259512, -1.2737647 ], [ 36.7260631, -1.273934 ], [ 36.7262006, -1.2741803 ], [ 36.7263508, -1.2742554 ], [ 36.7265922, -1.2743626 ], [ 36.7267451, -1.2744966 ], [ 36.7269033, -1.2745851 ], [ 36.7270428, -1.2746414 ], [ 36.7271662, -1.2747112 ], [ 36.7272279, -1.2748291 ], [ 36.7273619, -1.2748881 ], [ 36.7274182, -1.2750115 ], [ 36.7275174, -1.2751402 ], [ 36.7276086, -1.275226 ], [ 36.7276921, -1.2752911 ], [ 36.7277669, -1.2753494 ], [ 36.7278795, -1.2753896 ], [ 36.728027, -1.2754647 ], [ 36.7280995, -1.2754405 ], [ 36.7282041, -1.2754405 ], [ 36.7282926, -1.2755451 ], [ 36.7284589, -1.27558 ], [ 36.7285233, -1.2755022 ], [ 36.7286171, -1.2754325 ], [ 36.7287861, -1.2754539 ], [ 36.7289953, -1.2754754 ], [ 36.7291563, -1.275521 ], [ 36.7293252, -1.2755612 ], [ 36.7294728, -1.2756014 ], [ 36.7296176, -1.2755424 ], [ 36.7297624, -1.2755773 ], [ 36.729851, -1.2755237 ], [ 36.7300253, -1.2755129 ], [ 36.7301835, -1.2754459 ], [ 36.7302989, -1.2754432 ], [ 36.7304115, -1.2755263 ], [ 36.7305939, -1.275588 ], [ 36.7307012, -1.2755853 ], [ 36.7307951, -1.275588 ], [ 36.730897, -1.2756738 ], [ 36.7310311, -1.2756738 ], [ 36.7311599, -1.275757 ], [ 36.7312537, -1.2758347 ], [ 36.7313852, -1.2759232 ], [ 36.7314844, -1.2759634 ], [ 36.7315702, -1.2759903 ], [ 36.731699, -1.2760761 ], [ 36.7318653, -1.2761646 ], [ 36.7319753, -1.2762182 ], [ 36.732045, -1.276178 ], [ 36.732104, -1.2760653 ], [ 36.7321979, -1.2759876 ], [ 36.7323266, -1.2760144 ], [ 36.7324742, -1.2760358 ], [ 36.7326109, -1.2759527 ], [ 36.7327075, -1.2758991 ], [ 36.7328443, -1.2759286 ], [ 36.7329865, -1.2759286 ], [ 36.7331742, -1.2759822 ], [ 36.7332815, -1.2760412 ], [ 36.7334097, -1.2760632 ], [ 36.7335116, -1.2761168 ], [ 36.7336516, -1.2762289 ], [ 36.7337643, -1.2763201 ], [ 36.7338657, -1.2763206 ], [ 36.734193, -1.2761284 ] ] } },
{ "type": "Feature", "properties": { "fid": 694, "osm_id": "1550002522", "code": 8102, "fclass": "stream", "width": 0, "name": "Kivuli stream" }, "geometry": { "type": "LineString", "coordinates": [ [ 36.7136316, -1.2872429 ], [ 36.7140519, -1.2875012 ], [ 36.7145937, -1.2878312 ], [ 36.7149704, -1.2881113 ], [ 36.7156525, -1.2881304 ], [ 36.7160756, -1.2880521 ], [ 36.7163776, -1.2879619 ], [ 36.7168072, -1.2878685 ], [ 36.7171373, -1.2876755 ], [ 36.7177879, -1.2873705 ], [ 36.7181553, -1.2872304 ], [ 36.7184698, -1.2870966 ], [ 36.7186752, -1.2869192 ], [ 36.7189056, -1.2868974 ], [ 36.7196466, -1.2868071 ], [ 36.7200077, -1.286804 ], [ 36.7204526, -1.2867945 ], [ 36.7212543, -1.2868346 ], [ 36.7221054, -1.2868359 ], [ 36.7224767, -1.2868346 ], [ 36.7229063, -1.2869226 ], [ 36.7232207, -1.2869985 ], [ 36.7234754, -1.2870635 ], [ 36.7238291, -1.2871652 ], [ 36.7243333, -1.2872979 ], [ 36.7249817, -1.2874438 ], [ 36.725901, -1.2877079 ], [ 36.7263054, -1.2878023 ], [ 36.7263545, -1.2878044 ], [ 36.726373, -1.2880052 ], [ 36.7264005, -1.2884158 ], [ 36.7264121, -1.2885418 ], [ 36.7265426, -1.2885528 ] ] } },
{ "type": "Feature", "properties": { "fid": 695, "osm_id": "1550004313", "code": 8102, "fclass": "stream", "width": 0, "name": "Kagisu stream" }, "geometry": { "type": "LineString", "coordinates": [ [ 36.7107172, -1.2918228 ], [ 36.7109062, -1.29179 ], [ 36.7112389, -1.2918516 ], [ 36.7115744, -1.2919015 ], [ 36.7121878, -1.2919731 ], [ 36.7123933, -1.29197 ], [ 36.7125832, -1.292026 ], [ 36.7127762, -1.2920447 ], [ 36.7130782, -1.2921225 ], [ 36.7133708, -1.2922594 ], [ 36.7135452, -1.2922937 ], [ 36.7135608, -1.2923933 ], [ 36.7135172, -1.29258 ], [ 36.7134674, -1.2927014 ], [ 36.7135296, -1.292885 ], [ 36.7135981, -1.292994 ], [ 36.713542, -1.2932626 ], [ 36.7135749, -1.2933078 ], [ 36.7137659, -1.2934104 ], [ 36.7139343, -1.2934433 ], [ 36.7141294, -1.2934412 ], [ 36.7143677, -1.2934002 ], [ 36.7146614, -1.2933529 ], [ 36.7148915, -1.2933057 ], [ 36.7151334, -1.2934964 ], [ 36.7155346, -1.2936338 ], [ 36.715656, -1.2936548 ], [ 36.7158973, -1.2936968 ], [ 36.7162103, -1.294274 ], [ 36.7168283, -1.2945531 ], [ 36.7172267, -1.2946994 ], [ 36.7177705, -1.2949087 ], [ 36.7182307, -1.2950114 ], [ 36.7185634, -1.2950319 ], [ 36.7188181, -1.2951469 ], [ 36.7192618, -1.2952003 ], [ 36.7197547, -1.2953194 ], [ 36.7205928, -1.2955329 ], [ 36.7211022, -1.2956438 ], [ 36.7218992, -1.2958081 ], [ 36.7224414, -1.295882 ], [ 36.7228522, -1.2959601 ], [ 36.7231768, -1.2958903 ], [ 36.7235752, -1.2959847 ], [ 36.7239285, -1.2960299 ], [ 36.7242695, -1.2960381 ], [ 36.7250829, -1.296071 ], [ 36.7252267, -1.2962722 ], [ 36.7254362, -1.2963338 ], [ 36.7258922, -1.2964488 ], [ 36.7260935, -1.2966213 ], [ 36.7263482, -1.2967938 ], [ 36.7265372, -1.29688 ], [ 36.7268535, -1.2969334 ], [ 36.7268822, -1.29711 ], [ 36.7272989, -1.2970871 ], [ 36.727786, -1.297262 ], [ 36.7279503, -1.2973811 ], [ 36.7281516, -1.2973195 ], [ 36.7282872, -1.2974263 ], [ 36.7284553, -1.2977929 ], [ 36.7286228, -1.2978896 ], [ 36.7287385, -1.2978801 ], [ 36.7288234, -1.2979509 ], [ 36.7288423, -1.2981986 ], [ 36.7289036, -1.2984298 ], [ 36.7290853, -1.2985736 ], [ 36.7292009, -1.2987317 ], [ 36.7294581, -1.2987694 ], [ 36.7300569, -1.2988387 ], [ 36.730357, -1.2989039 ], [ 36.7306024, -1.299095 ], [ 36.7307761, -1.2993044 ] ] } },
{ "type": "Feature", "properties": { "fid": 696, "osm_id": "1550005122", "code": 8102, "fclass": "stream", "width": 0, "name": null }, "geometry": { "type": "LineString", "coordinates": [ [ 36.7295534, -1.3014632 ], [ 36.7295908, -1.3014554 ], [ 36.7296826, -1.3014912 ], [ 36.7302321, -1.3014959 ], [ 36.7304252, -1.3014539 ], [ 36.7307801, -1.3013683 ], [ 36.7310525, -1.3012543 ] ] } },
{ "type": "Feature", "properties": { "fid": 697, "osm_id": "1550005123", "code": 8102, "fclass": "stream", "width": 0, "name": null }, "geometry": { "type": "LineString", "coordinates": [ [ 36.7291004, -1.3016826 ], [ 36.7291093, -1.3016826 ], [ 36.7291565, -1.3016826 ] ] } },
{ "type": "Feature", "properties": { "fid": 698, "osm_id": "1550005125", "code": 8102, "fclass": "stream", "width": 0, "name": null }, "geometry": { "type": "LineString", "coordinates": [ [ 36.7285165, -1.3016069 ], [ 36.7285469, -1.3015604 ], [ 36.7287329, -1.3015265 ], [ 36.7289609, -1.3015488 ], [ 36.7290315, -1.301615 ], [ 36.7291093, -1.3016826 ] ] } },
{ "type": "Feature", "properties": { "fid": 699, "osm_id": "1550005127", "code": 8102, "fclass": "stream", "width": 0, "name": null }, "geometry": { "type": "LineString", "coordinates": [ [ 36.7252927, -1.3029336 ], [ 36.7254199, -1.3029515 ], [ 36.7256354, -1.3029903 ], [ 36.7261239, -1.3028826 ], [ 36.7262511, -1.3028418 ], [ 36.726603, -1.3027444 ], [ 36.726687, -1.3027024 ], [ 36.7267391, -1.3026319 ], [ 36.7267978, -1.3025112 ], [ 36.7268293, -1.302445 ], [ 36.7269051, -1.3023147 ], [ 36.7269887, -1.302208 ], [ 36.7270662, -1.3021198 ], [ 36.7271023, -1.3020907 ], [ 36.7271388, -1.302037 ], [ 36.7271719, -1.302023 ], [ 36.7272758, -1.301979 ], [ 36.7273118, -1.3019667 ], [ 36.7274043, -1.301935 ], [ 36.727424, -1.3019064 ], [ 36.7275331, -1.3018411 ], [ 36.7276475, -1.3017937 ], [ 36.7277968, -1.3017669 ], [ 36.727964, -1.3017187 ], [ 36.7280507, -1.3017115 ], [ 36.7281196, -1.3017097 ], [ 36.7281974, -1.3016954 ], [ 36.7282519, -1.3017061 ], [ 36.7283029, -1.3016775 ], [ 36.7283776, -1.301678 ] ] } },
{ "type": "Feature", "properties": { "fid": 700, "osm_id": "1550006921", "code": 8102, "fclass": "stream", "width": 0, "name": null }, "geometry": { "type": "LineString", "coordinates": [ [ 36.7399857, -1.3124285 ], [ 36.74027, -1.3125617 ] ] } },
{ "type": "Feature", "properties": { "fid": 701, "osm_id": "1550006922", "code": 8102, "fclass": "stream", "width": 0, "name": null }, "geometry": { "type": "LineString", "coordinates": [ [ 36.738114, -1.3120054 ], [ 36.7382713, -1.3120756 ] ] } },
{ "type": "Feature", "properties": { "fid": 702, "osm_id": "1550006923", "code": 8102, "fclass": "stream", "width": 0, "name": "Motoine River" }, "geometry": { "type": "LineString", "coordinates": [ [ 36.723787, -1.3088417 ], [ 36.723985, -1.3088652 ], [ 36.7244141, -1.3089439 ], [ 36.7247217, -1.3089654 ], [ 36.7253325, -1.3090115 ], [ 36.7255407, -1.3091835 ], [ 36.7266799, -1.3092632 ], [ 36.7281835, -1.3091656 ], [ 36.7286556, -1.3090333 ], [ 36.7292323, -1.3090659 ], [ 36.7299262, -1.3088819 ], [ 36.7303517, -1.3088744 ] ] } },
{ "type": "Feature", "properties": { "fid": 703, "osm_id": "1550006924", "code": 8102, "fclass": "stream", "width": 0, "name": "Motoine River" }, "geometry": { "type": "LineString", "coordinates": [ [ 36.6993828, -1.3003836 ], [ 36.6996416, -1.3004097 ], [ 36.7001039, -1.3005497 ], [ 36.700264, -1.300657 ], [ 36.7006407, -1.3007275 ], [ 36.700951, -1.3008318 ], [ 36.701592, -1.301119 ], [ 36.7019918, -1.3013602 ], [ 36.7020689, -1.3015949 ], [ 36.7022149, -1.3016708 ], [ 36.7024805, -1.3018848 ], [ 36.7026079, -1.3020068 ], [ 36.7027488, -1.302172 ], [ 36.7028879, -1.3023429 ], [ 36.7030153, -1.3024681 ], [ 36.7031241, -1.3025523 ], [ 36.7032741, -1.3027782 ], [ 36.7033583, -1.3028337 ], [ 36.7034856, -1.3028953 ], [ 36.7036787, -1.3029651 ], [ 36.7037301, -1.3030678 ], [ 36.7038782, -1.3034025 ], [ 36.704173, -1.3035546 ], [ 36.7043948, -1.303837 ], [ 36.7047238, -1.3040515 ], [ 36.7048311, -1.3042232 ], [ 36.7049491, -1.3044591 ], [ 36.7051815, -1.3046486 ], [ 36.7053916, -1.3049048 ], [ 36.7061512, -1.3051538 ], [ 36.7068883, -1.3053884 ], [ 36.7074339, -1.3055398 ], [ 36.7084053, -1.3057203 ], [ 36.7093458, -1.3056775 ], [ 36.7097525, -1.3052915 ], [ 36.7105782, -1.3051395 ], [ 36.7111739, -1.305119 ], [ 36.7122196, -1.3050447 ], [ 36.7124055, -1.3051591 ], [ 36.7127775, -1.3054273 ], [ 36.7138146, -1.3060458 ], [ 36.7142414, -1.3061309 ], [ 36.7144297, -1.3064319 ], [ 36.7150877, -1.3070397 ], [ 36.7155956, -1.3072864 ], [ 36.7159603, -1.3073794 ], [ 36.7163323, -1.3076046 ], [ 36.7170318, -1.3078456 ], [ 36.7173079, -1.3079305 ], [ 36.7176359, -1.3079683 ], [ 36.7185537, -1.3082065 ], [ 36.7188769, -1.3081947 ], [ 36.7197004, -1.3081169 ], [ 36.7197334, -1.3084282 ], [ 36.7197495, -1.3087454 ], [ 36.7200453, -1.3088994 ], [ 36.7201768, -1.3089056 ], [ 36.7204716, -1.3089168 ], [ 36.7207727, -1.3089144 ] ] } },
{ "type": "Feature", "properties": { "fid": 704, "osm_id": "1550006925", "code": 8102, "fclass": "stream", "width": 0, "name": "Motoine River" }, "geometry": { "type": "LineString", "coordinates": [ [ 36.6851813, -1.2953302 ], [ 36.6854306, -1.2954765 ], [ 36.6857586, -1.2956662 ], [ 36.6860296, -1.2957421 ], [ 36.6861533, -1.2957845 ], [ 36.6862605, -1.2958596 ], [ 36.686679, -1.2960097 ], [ 36.6869025, -1.2961502 ], [ 36.6870041, -1.2961934 ], [ 36.6873307, -1.2963515 ], [ 36.6875936, -1.2963977 ], [ 36.6876838, -1.2963657 ], [ 36.6878925, -1.2964335 ], [ 36.6880632, -1.2966123 ], [ 36.6883148, -1.2967649 ], [ 36.6885321, -1.2969366 ], [ 36.6888119, -1.2970223 ], [ 36.6892804, -1.2972583 ], [ 36.6896452, -1.2975014 ], [ 36.6900529, -1.2976516 ], [ 36.6901709, -1.2979054 ], [ 36.6903068, -1.2978911 ], [ 36.6906179, -1.297884 ], [ 36.6908121, -1.2978537 ], [ 36.6911425, -1.2978537 ], [ 36.6912982, -1.297908 ], [ 36.6914799, -1.2978985 ], [ 36.6916073, -1.2978254 ], [ 36.69194, -1.2979575 ], [ 36.6920438, -1.2978042 ], [ 36.6922892, -1.2977947 ], [ 36.6925652, -1.2976957 ], [ 36.6926997, -1.2976933 ], [ 36.6928625, -1.2979905 ], [ 36.6930678, -1.298 ], [ 36.6931976, -1.2981439 ], [ 36.6933651, -1.2981792 ], [ 36.6934665, -1.2981486 ], [ 36.6936105, -1.2981698 ], [ 36.6938252, -1.2981792 ], [ 36.6939219, -1.2981179 ], [ 36.6941201, -1.2980259 ], [ 36.694198, -1.2979693 ], [ 36.6942735, -1.297875 ], [ 36.6943749, -1.2978254 ], [ 36.6944622, -1.2977499 ], [ 36.6946817, -1.2977782 ], [ 36.6947147, -1.297849 ], [ 36.6948256, -1.297875 ], [ 36.6949978, -1.297941 ], [ 36.6951535, -1.2980188 ], [ 36.6955075, -1.2982382 ], [ 36.695649, -1.2983963 ], [ 36.6961398, -1.2986203 ], [ 36.6965834, -1.2988916 ], [ 36.6971237, -1.299144 ], [ 36.6974941, -1.2992431 ], [ 36.6977773, -1.299446 ], [ 36.6980958, -1.2996394 ], [ 36.6982941, -1.2998916 ] ] } },
{ "type": "Feature", "properties": { "fid": 705, "osm_id": "1550006926", "code": 8102, "fclass": "stream", "width": 0, "name": null }, "geometry": { "type": "LineString", "coordinates": [ [ 36.7712415, -1.3083838 ], [ 36.7714067, -1.3085886 ], [ 36.7715546, -1.3087723 ], [ 36.7715915, -1.3090747 ], [ 36.77168, -1.3092581 ], [ 36.771746, -1.3094351 ], [ 36.771735, -1.3096452 ] ] } },
{ "type": "Feature", "properties": { "fid": 706, "osm_id": "1550009822", "code": 8102, "fclass": "stream", "width": 0, "name": "Uhuru park stream" }, "geometry": { "type": "LineString", "coordinates": [ [ 36.8217092, -1.2957366 ], [ 36.8219521, -1.2961506 ], [ 36.8221544, -1.2964089 ], [ 36.8225514, -1.2963559 ] ] } },
{ "type": "Feature", "properties": { "fid": 707, "osm_id": "1550009823", "code": 8102, "fclass": "stream", "width": 0, "name": "Uhuru park stream" }, "geometry": { "type": "LineString", "coordinates": [ [ 36.8227195, -1.2963334 ], [ 36.8232608, -1.296261 ] ] } },
{ "type": "Feature", "properties": { "fid": 708, "osm_id": "1550009824", "code": 8102, "fclass": "stream", "width": 0, "name": "Uhuru park stream" }, "geometry": { "type": "LineString", "coordinates": [ [ 36.8225514, -1.2963559 ], [ 36.8227195, -1.2963334 ] ] } },
{ "type": "Feature", "properties": { "fid": 709, "osm_id": "1550009825", "code": 8102, "fclass": "stream", "width": 0, "name": "Uhuru park stream" }, "geometry": { "type": "LineString", "coordinates": [ [ 36.8200643, -1.292856 ], [ 36.8201423, -1.2929909 ], [ 36.8203867, -1.293262 ], [ 36.8205018, -1.2934899 ], [ 36.8207359, -1.2939253 ], [ 36.8209085, -1.2942682 ], [ 36.8211734, -1.2946789 ], [ 36.821348, -1.2950075 ], [ 36.8217092, -1.2957366 ] ] } },
{ "type": "Feature", "properties": { "fid": 710, "osm_id": "1550009826", "code": 8102, "fclass": "stream", "width": 0, "name": "Uhuru park stream" }, "geometry": { "type": "LineString", "coordinates": [ [ 36.8185071, -1.29039 ], [ 36.8187808, -1.2907449 ], [ 36.8189705, -1.2909509 ], [ 36.8192817, -1.2915124 ], [ 36.8194994, -1.2919067 ], [ 36.8196267, -1.2921551 ], [ 36.8198917, -1.2925576 ], [ 36.8199921, -1.2927312 ] ] } },
{ "type": "Feature", "properties": { "fid": 711, "osm_id": "1550009827", "code": 8102, "fclass": "stream", "width": 0, "name": null }, "geometry": { "type": "LineString", "coordinates": [ [ 36.8199921, -1.2927312 ], [ 36.8200643, -1.292856 ] ] } },
{ "type": "Feature", "properties": { "fid": 712, "osm_id": "1550210243", "code": 8102, "fclass": "stream", "width": 0, "name": null }, "geometry": { "type": "LineString", "coordinates": [ [ 36.6882237, -1.3424588 ], [ 36.6883429, -1.3425733 ] ] } },
{ "type": "Feature", "properties": { "fid": 713, "osm_id": "1550210244", "code": 8102, "fclass": "stream", "width": 0, "name": null }, "geometry": { "type": "LineString", "coordinates": [ [ 36.6898543, -1.3443551 ], [ 36.6898955, -1.3444525 ], [ 36.6898504, -1.3445598 ], [ 36.6899345, -1.344605 ], [ 36.6900823, -1.344619 ], [ 36.6903361, -1.3446221 ], [ 36.690361, -1.3447684 ], [ 36.6903392, -1.3449458 ], [ 36.6902637, -1.3451584 ], [ 36.6902966, -1.3452816 ], [ 36.6903109, -1.3453535 ], [ 36.6902452, -1.3453945 ], [ 36.690163, -1.345413 ], [ 36.6901261, -1.3454705 ], [ 36.6900645, -1.3455752 ], [ 36.6900645, -1.3456923 ], [ 36.6901405, -1.3457477 ], [ 36.6902, -1.3458894 ], [ 36.6902493, -1.3459757 ], [ 36.690313, -1.3462159 ], [ 36.6902966, -1.3464048 ], [ 36.6902452, -1.346563 ], [ 36.6902986, -1.3466944 ], [ 36.6904095, -1.3468135 ], [ 36.6904979, -1.3469737 ], [ 36.6904794, -1.347255 ], [ 36.6904527, -1.3473885 ] ] } }
]
}
