{
"type": "FeatureCollection",
"name": "study_areas",
"crs": { "type": "name", "properties": { "name": "urn:ogc:def:crs:OGC:1.3:CRS84" } },
"features": [
{ "type": "Feature", "properties": { "fid": 1, "adm2_name": "Dagoretti", "adm2_name1": null, "adm2_name2": null, "adm2_name3": null, "adm2_pcode": "KE047276", "adm1_name": "Nairobi", "adm1_name1": null, "adm1_name2": null, "adm1_name3": null, "adm1_pcode": "KE047", "adm0_name": "Kenya", "adm0_name1": null, "adm0_name2": null, "adm0_name3": null, "adm0_pcode": "KE", "valid_on": "2019-10-31", "valid_to": null, "area_sqkm": 24.44505771, "cod_versio": "V_01", "lang": "en", "lang1": null, "lang2": null, "lang3": null, "adm2_ref_n": "Dagoretti", "center_lat": -1.28105809, "center_lon": 36.7121554 }, "geometry": { "type": "MultiPolygon", "coordinates": [ [ [ [ 36.717479706000063, -1.25983202499998 ], [ 36.718535614000189, -1.260810756999945 ], [ 36.719630838000057, -1.262191594999877 ], [ 36.720438186000024, -1.263259743999868 ], [ 36.721562986000038, -1.264061395999875 ], [ 36.722299376000194, -1.264714883999943 ], [ 36.723014193000097, -1.265350450999961 ], [ 36.723814141000048, -1.266018765999888 ], [ 36.724538111000072, -1.266494459999933 ], [ 36.725497843000085, -1.267086669999969 ], [ 36.726665067000056, -1.26785319999982 ], [ 36.72773148400006, -1.26872705999989 ], [ 36.728920616000039, -1.269735964999882 ], [ 36.729756849000069, -1.270243741999877 ], [ 36.730816760999971, -1.270583159999831 ], [ 36.731816823000145, -1.271191396999882 ], [ 36.732218650000107, -1.272017090999896 ], [ 36.733408059000169, -1.272898545999908 ], [ 36.734285320000026, -1.274284258999899 ], [ 36.734814512000128, -1.275369293999972 ], [ 36.735012483000048, -1.276420063999979 ], [ 36.735149540000123, -1.277288090999946 ], [ 36.735740916, -1.278349012999968 ], [ 36.736093710000091, -1.279450544999975 ], [ 36.73654502100004, -1.280824223999957 ], [ 36.736937883, -1.282081719999894 ], [ 36.737895966000167, -1.2825962309999 ], [ 36.73998260500008, -1.28403925899994 ], [ 36.742828369000165, -1.286244034999925 ], [ 36.744110107000154, -1.28723275699997 ], [ 36.747077942000146, -1.28911673999994 ], [ 36.748626709000121, -1.289530992999858 ], [ 36.750217438, -1.289931773999967 ], [ 36.751724243000069, -1.290369867999971 ], [ 36.752840043000049, -1.29090976699996 ], [ 36.753807068000185, -1.291785954999909 ], [ 36.754699707000043, -1.292931198999895 ], [ 36.755371094000111, -1.294056295999894 ], [ 36.756216049000102, -1.295071660999895 ], [ 36.757575989000031, -1.295546531999946 ], [ 36.760300435000033, -1.296163054999965 ], [ 36.758586884000067, -1.296938061999867 ], [ 36.747425842000155, -1.30109002599994 ], [ 36.743251800999985, -1.302780746999872 ], [ 36.742103577000023, -1.303125142999932 ], [ 36.740039825000167, -1.303512453999929 ], [ 36.737957001000154, -1.303684830999885 ], [ 36.735431671000072, -1.30460560299997 ], [ 36.731197357000042, -1.30594181999993 ], [ 36.730924606000144, -1.301190196999869 ], [ 36.730270385999972, -1.299619554999879 ], [ 36.736999512000068, -1.298000215999934 ], [ 36.737068176000037, -1.296603321999896 ], [ 36.737035751000121, -1.295609354999897 ], [ 36.736373901999968, -1.294427275999965 ], [ 36.733974457000159, -1.293719887999885 ], [ 36.73255920400004, -1.293397545999937 ], [ 36.726961136000114, -1.294223188999979 ], [ 36.725177765000069, -1.297099351999975 ], [ 36.723419189000026, -1.300824641999952 ], [ 36.722263336000083, -1.300535678999893 ], [ 36.718986511000082, -1.299716591999925 ], [ 36.717880249000075, -1.299391865999951 ], [ 36.715873718000012, -1.298704146999967 ], [ 36.708480835000046, -1.295112609999933 ], [ 36.706527710000159, -1.302671908999912 ], [ 36.705471039000031, -1.302503763999937 ], [ 36.704631805000076, -1.302137016999893 ], [ 36.703945159999989, -1.301449298999842 ], [ 36.702476501000092, -1.299890398999821 ], [ 36.701354981000179, -1.29860669399983 ], [ 36.70056533800016, -1.298224607999941 ], [ 36.699642182000161, -1.297896026999979 ], [ 36.69867897, -1.297368764999874 ], [ 36.69750976600011, -1.296681045999946 ], [ 36.696310044000143, -1.296207307999964 ], [ 36.694969177000132, -1.295630335999931 ], [ 36.693678537999972, -1.295025427999974 ], [ 36.692886353000063, -1.295313238999825 ], [ 36.691978455000083, -1.295193552999933 ], [ 36.69110965699997, -1.294847130999869 ], [ 36.689721426000119, -1.294984658999965 ], [ 36.688923836000072, -1.294801234999909 ], [ 36.688156128000116, -1.294281601999899 ], [ 36.687136650000127, -1.29386666399995 ], [ 36.684597015000065, -1.298161625999967 ], [ 36.678290939000192, -1.297938620999957 ], [ 36.679927826000039, -1.296601891999956 ], [ 36.680805206000116, -1.296204863999947 ], [ 36.681304932000103, -1.294974565999951 ], [ 36.681789398000035, -1.294081329999926 ], [ 36.682415009000181, -1.292866467999943 ], [ 36.682844162000094, -1.291955291999898 ], [ 36.683395386000029, -1.290383219999853 ], [ 36.68378830000006, -1.289275526999859 ], [ 36.684743881000145, -1.2867051959999 ], [ 36.685352326000157, -1.285710870999878 ], [ 36.685571671000048, -1.284609972999931 ], [ 36.685920715000179, -1.283223986999928 ], [ 36.686336517000143, -1.282303928999966 ], [ 36.687461853000173, -1.281291961999898 ], [ 36.68851470900006, -1.280225395999935 ], [ 36.689291001000129, -1.279256342999872 ], [ 36.68939590500014, -1.278048753999883 ], [ 36.68931579600013, -1.27715182299994 ], [ 36.688526153999987, -1.27630647999996 ], [ 36.688381195000034, -1.275311707999833 ], [ 36.688510895000093, -1.274173139999959 ], [ 36.68794631999998, -1.273310660999925 ], [ 36.687660853000068, -1.272497911999892 ], [ 36.688865662000012, -1.272804617999952 ], [ 36.689899445000037, -1.273287653999944 ], [ 36.691026688000136, -1.273396849999926 ], [ 36.691394806000062, -1.272459625999943 ], [ 36.690258026000151, -1.270435511999949 ], [ 36.690097809000122, -1.269434928999942 ], [ 36.690820694000138, -1.268606900999828 ], [ 36.691947937000066, -1.268296360999955 ], [ 36.693096161000028, -1.268296360999955 ], [ 36.694359462000193, -1.268185217999928 ], [ 36.693651200000033, -1.267054378999887 ], [ 36.693180909000148, -1.266334660999917 ], [ 36.694755554000096, -1.266410350999877 ], [ 36.695869446000074, -1.266479372999925 ], [ 36.696571350000056, -1.265996336999933 ], [ 36.696720124000137, -1.265076279999903 ], [ 36.695823670000038, -1.264064191999921 ], [ 36.694984436000027, -1.263581275999854 ], [ 36.693347295000024, -1.26164149199991 ], [ 36.694133759000067, -1.260982155999898 ], [ 36.694931030000077, -1.259395082999959 ], [ 36.694477081000059, -1.258705019999979 ], [ 36.693941752000114, -1.257903853999949 ], [ 36.695306778000088, -1.257566510999936 ], [ 36.696365356000058, -1.25760102299995 ], [ 36.697490692000088, -1.25810706599998 ], [ 36.70067596500013, -1.259820579999882 ], [ 36.700975418000155, -1.258923529999947 ], [ 36.701377869000112, -1.25806105099997 ], [ 36.70259857200017, -1.255783915999871 ], [ 36.703472137000063, -1.256022333999965 ], [ 36.704620361000025, -1.256335973999967 ], [ 36.706531525000059, -1.2568879129999 ], [ 36.713245391999976, -1.258038043999932 ], [ 36.715856553000151, -1.258417545999976 ], [ 36.717479706000063, -1.25983202499998 ] ] ] ] } },
{ "type": "Feature", "properties": { "fid": 2, "adm2_name": "Embakasi Central", "adm2_name1": null, "adm2_name2": null, "adm2_name3": null, "adm2_pcode": "KE047284", "adm1_name": "Nairobi", "adm1_name1": null, "adm1_name2": null, "adm1_name3": null, "adm1_pcode": "KE047", "adm0_name": "Kenya", "adm0_name1": null, "adm0_name2": null, "adm0_name3": null, "adm0_pcode": "KE", "valid_on": "2019-10-31", "valid_to": null, "area_sqkm": 8.18237804, "cod_versio": "V_01", "lang": "en", "lang1": null, "lang2": null, "lang3": null, "adm2_ref_n": "Embakasi Central", "center_lat": -1.26961166, "center_lon": 36.90936602 }, "geometry": { "type": "MultiPolygon", "coordinates": [ [ [ [ 36.93616714500007, -1.257594775999962 ], [ 36.938005447000137, -1.263093709999907 ], [ 36.937063217000173, -1.263668536999944 ], [ 36.935836792000032, -1.263506650999886 ], [ 36.9349136350001, -1.26343727099993 ], [ 36.933931351000183, -1.26346039799995 ], [ 36.933263779000185, -1.263906716999941 ], [ 36.932634354000072, -1.264609634999943 ], [ 36.931682587000125, -1.26417493799994 ], [ 36.930683136000084, -1.263971447999893 ], [ 36.929401398000095, -1.264088630999822 ], [ 36.928544362000082, -1.264680583999962 ], [ 36.927787781000063, -1.264461695999955 ], [ 36.926822662000063, -1.264464735999923 ], [ 36.925521850999985, -1.264970421999863 ], [ 36.924661637000042, -1.265451370999926 ], [ 36.924689293000029, -1.266640006999978 ], [ 36.92456754300008, -1.267735553999955 ], [ 36.92398834200003, -1.26830029499996 ], [ 36.922821045000035, -1.268799781999974 ], [ 36.921821594000164, -1.269206881999821 ], [ 36.920600891000163, -1.269872783999915 ], [ 36.920084000000145, -1.270908831999975 ], [ 36.919990540000185, -1.271889328999976 ], [ 36.920064927000055, -1.272712468999885 ], [ 36.920336405000114, -1.273788610999929 ], [ 36.920600891000163, -1.274661162999905 ], [ 36.919288636000033, -1.275089740999931 ], [ 36.918279648000066, -1.275607763999972 ], [ 36.917715073000124, -1.276384650999944 ], [ 36.917640686000084, -1.277981797999928 ], [ 36.917243958000142, -1.278891384999895 ], [ 36.917862892000187, -1.279722352999897 ], [ 36.917919159000121, -1.280843138999899 ], [ 36.917650223000123, -1.281832872999928 ], [ 36.91708755500008, -1.282563566999954 ], [ 36.916280746000041, -1.283701299999962 ], [ 36.915605545, -1.28476500499994 ], [ 36.914772034000066, -1.285098075999883 ], [ 36.914672852000024, -1.28593981299997 ], [ 36.915069580000193, -1.28659653699998 ], [ 36.915468216000136, -1.28732722999996 ], [ 36.914764405000085, -1.288233696999896 ], [ 36.913414002000138, -1.288853465999921 ], [ 36.912143708000031, -1.288525044999915 ], [ 36.905994415000066, -1.277365087999897 ], [ 36.903697968000074, -1.278782605999936 ], [ 36.90207805700004, -1.279478816999926 ], [ 36.899598439000044, -1.27425601799996 ], [ 36.897543062000068, -1.269350530999873 ], [ 36.900314331000118, -1.267032622999977 ], [ 36.902030945000035, -1.265033363999919 ], [ 36.903244019000056, -1.263357281999959 ], [ 36.905544281000118, -1.260913729999913 ], [ 36.908351897999978, -1.258328914999936 ], [ 36.909339905000138, -1.257662534999952 ], [ 36.910755157000153, -1.257056593999835 ], [ 36.912654877000136, -1.25667297799987 ], [ 36.91367721600011, -1.256402015999925 ], [ 36.916549682999971, -1.255945920999864 ], [ 36.920227051000154, -1.255118011999912 ], [ 36.924083710000104, -1.254269837999914 ], [ 36.925945282000157, -1.253692745999956 ], [ 36.926689148000037, -1.253462075999948 ], [ 36.930503845000089, -1.251866697999958 ], [ 36.932214737000095, -1.251158475999944 ], [ 36.933589934999986, -1.250588893999975 ], [ 36.93616714500007, -1.257594775999962 ] ] ] ] } },
{ "type": "Feature", "properties": { "fid": 3, "adm2_name": "Embakasi East", "adm2_name1": null, "adm2_name2": null, "adm2_name3": null, "adm2_pcode": "KE047285", "adm1_name": "Nairobi", "adm1_name1": null, "adm1_name2": null, "adm1_name3": null, "adm1_pcode": "KE047", "adm0_name": "Kenya", "adm0_name1": null, "adm0_name2": null, "adm0_name3": null, "adm0_pcode": "KE", "valid_on": "2019-10-31", "valid_to": null, "area_sqkm": 85.84392988, "cod_versio": "V_01", "lang": "en", "lang1": null, "lang2": null, "lang3": null, "adm2_ref_n": "Embakasi East", "center_lat": -1.3105678, "center_lon": 36.93772427 }, "geometry": { "type": "MultiPolygon", "coordinates": [ [ [ [ 36.970432281000114, -1.260173081999937 ], [ 36.979961395000032, -1.266341447999878 ], [ 36.981811523000033, -1.26887273799997 ], [ 36.983894348000149, -1.271786689999942 ], [ 36.990249634000179, -1.280838965999919 ], [ 36.986717224000074, -1.282214402999955 ], [ 36.984340668000129, -1.283137201999921 ], [ 36.973838806000174, -1.287217378999912 ], [ 36.976367950000167, -1.293694018999872 ], [ 36.976860046000013, -1.294959067999912 ], [ 36.982158661000142, -1.308682322999914 ], [ 36.983566284000176, -1.312453269999935 ], [ 36.979820251000092, -1.320639490999952 ], [ 36.973449707000043, -1.334672927999861 ], [ 36.966436386000169, -1.350404798999875 ], [ 36.965770721000069, -1.351785778999954 ], [ 36.963111877000188, -1.348922132999974 ], [ 36.960414886000024, -1.346018194999942 ], [ 36.95721435500019, -1.344905733999894 ], [ 36.94461822500017, -1.340353369999946 ], [ 36.93392181400003, -1.336382746999845 ], [ 36.925262451000037, -1.344204067999954 ], [ 36.915199280000081, -1.35347163699987 ], [ 36.907223407000174, -1.359906978999959 ], [ 36.90442085300009, -1.357471524999823 ], [ 36.901650675000042, -1.354998641999941 ], [ 36.899499894000144, -1.353078364999931 ], [ 36.89788330500005, -1.351239845999885 ], [ 36.895656586000143, -1.348707436999973 ], [ 36.89409828200013, -1.347126602999822 ], [ 36.885046006000096, -1.337630330999957 ], [ 36.881346819000157, -1.333744031999913 ], [ 36.88826561000019, -1.328374504999886 ], [ 36.890914917000089, -1.326328574999934 ], [ 36.897976023000126, -1.322179581999819 ], [ 36.899292715000172, -1.32140353099993 ], [ 36.898711470000137, -1.320455504999813 ], [ 36.895273209000095, -1.314899264999895 ], [ 36.888640621000036, -1.304208013999926 ], [ 36.887943268000186, -1.30258512499995 ], [ 36.887645721000126, -1.301738261999958 ], [ 36.887203217000149, -1.300199508999924 ], [ 36.886951447000058, -1.299114107999969 ], [ 36.886749268000131, -1.298141240999939 ], [ 36.88614273100012, -1.294965266999895 ], [ 36.885898590000124, -1.293711304999874 ], [ 36.885729323000021, -1.292383450999978 ], [ 36.887249056000087, -1.291749140999968 ], [ 36.888018649000117, -1.291407595999942 ], [ 36.889236451000158, -1.290781079999817 ], [ 36.892103206000115, -1.288981595999871 ], [ 36.898427963000188, -1.283546625999975 ], [ 36.898667636000027, -1.282478189999949 ], [ 36.899063305000027, -1.281738559999837 ], [ 36.90207805700004, -1.279478816999926 ], [ 36.903697968000074, -1.278782605999936 ], [ 36.905994415000066, -1.277365087999897 ], [ 36.912143708000031, -1.288525044999915 ], [ 36.913414002000138, -1.288853465999921 ], [ 36.914764405000085, -1.288233696999896 ], [ 36.915468216000136, -1.28732722999996 ], [ 36.915069580000193, -1.28659653699998 ], [ 36.914672852000024, -1.28593981299997 ], [ 36.914772034000066, -1.285098075999883 ], [ 36.915605545, -1.28476500499994 ], [ 36.916280746000041, -1.283701299999962 ], [ 36.91708755500008, -1.282563566999954 ], [ 36.917650223000123, -1.281832872999928 ], [ 36.917919159000121, -1.280843138999899 ], [ 36.917862892000187, -1.279722352999897 ], [ 36.917243958000142, -1.278891384999895 ], [ 36.917640686000084, -1.277981797999928 ], [ 36.917715073000124, -1.276384650999944 ], [ 36.918279648000066, -1.275607763999972 ], [ 36.919288636000033, -1.275089740999931 ], [ 36.920600891000163, -1.274661162999905 ], [ 36.920336405000114, -1.273788610999929 ], [ 36.920064927000055, -1.272712468999885 ], [ 36.919990540000185, -1.271889328999976 ], [ 36.920084000000145, -1.270908831999975 ], [ 36.920600891000163, -1.269872783999915 ], [ 36.921821594000164, -1.269206881999821 ], [ 36.922821045000035, -1.268799781999974 ], [ 36.92398834200003, -1.26830029499996 ], [ 36.92456754300008, -1.267735553999955 ], [ 36.924689293000029, -1.266640006999978 ], [ 36.924661637000042, -1.265451370999926 ], [ 36.925521850999985, -1.264970421999863 ], [ 36.926822662000063, -1.264464735999923 ], [ 36.927787781000063, -1.264461695999955 ], [ 36.928544362000082, -1.264680583999962 ], [ 36.929401398000095, -1.264088630999822 ], [ 36.930683136000084, -1.263971447999893 ], [ 36.931682587000125, -1.26417493799994 ], [ 36.932634354000072, -1.264609634999943 ], [ 36.933263779000185, -1.263906716999941 ], [ 36.933931351000183, -1.26346039799995 ], [ 36.9349136350001, -1.26343727099993 ], [ 36.935836792000032, -1.263506650999886 ], [ 36.937063217000173, -1.263668536999944 ], [ 36.938005447000137, -1.263093709999907 ], [ 36.93616714500007, -1.257594775999962 ], [ 36.94148635900018, -1.257567404999975 ], [ 36.955516815000067, -1.258000015999926 ], [ 36.967475891000106, -1.258365153999932 ], [ 36.970432281000114, -1.260173081999937 ] ] ] ] } },
{ "type": "Feature", "properties": { "fid": 4, "adm2_name": "Embakasi North", "adm2_name1": null, "adm2_name2": null, "adm2_name3": null, "adm2_pcode": "KE047283", "adm1_name": "Nairobi", "adm1_name1": null, "adm1_name2": null, "adm1_name3": null, "adm1_pcode": "KE047", "adm0_name": "Kenya", "adm0_name1": null, "adm0_name2": null, "adm0_name3": null, "adm0_pcode": "KE", "valid_on": "2019-10-31", "valid_to": null, "area_sqkm": 5.42927986, "cod_versio": "V_01", "lang": "en", "lang1": null, "lang2": null, "lang3": null, "adm2_ref_n": "Embakasi North", "center_lat": -1.24745449, "center_lon": 36.89945166 }, "geometry": { "type": "MultiPolygon", "coordinates": [ [ [ [ 36.913147926000192, -1.235187321999945 ], [ 36.914273262, -1.235637246999943 ], [ 36.916233063000107, -1.236909388999948 ], [ 36.917343140000185, -1.23733985399997 ], [ 36.918020249000165, -1.237968742999954 ], [ 36.918676377000111, -1.238500832999932 ], [ 36.91952896100014, -1.238539576999926 ], [ 36.92048645, -1.238423406999971 ], [ 36.92125129700014, -1.237968742999954 ], [ 36.921916962000068, -1.237562357999877 ], [ 36.922798157000045, -1.237533409999969 ], [ 36.923475266000025, -1.238084792999928 ], [ 36.924451828000031, -1.239090978999968 ], [ 36.925623576000191, -1.239139397999907 ], [ 36.926331838000124, -1.238784590999956 ], [ 36.92717170700007, -1.238520204999929 ], [ 36.927743912000096, -1.23792427799998 ], [ 36.928960800000084, -1.237601041999881 ], [ 36.930165217000138, -1.23760819599994 ], [ 36.926727295000092, -1.240022301999943 ], [ 36.925563812000178, -1.240317820999962 ], [ 36.924041748000036, -1.240123629999971 ], [ 36.921947479000039, -1.239785789999928 ], [ 36.920902252000133, -1.239667653999902 ], [ 36.919795990000068, -1.239971577999938 ], [ 36.918680191000078, -1.240275620999967 ], [ 36.91769409200009, -1.240241765999883 ], [ 36.916816712000127, -1.240492402999962 ], [ 36.915693283000167, -1.241360484999916 ], [ 36.915122986000142, -1.242032765999852 ], [ 36.914432526000041, -1.242866872999855 ], [ 36.91341686200002, -1.243568956999923 ], [ 36.91224288900014, -1.243644117999963 ], [ 36.911470413000188, -1.244164704999946 ], [ 36.91027545999998, -1.244458257999895 ], [ 36.909412384000177, -1.245062589999975 ], [ 36.908731363000072, -1.245668503999923 ], [ 36.907878876000098, -1.246407150999858 ], [ 36.907037735000074, -1.246883749999938 ], [ 36.906501770000034, -1.247522115999914 ], [ 36.905071259000067, -1.248500823999962 ], [ 36.904031753000027, -1.249020635999898 ], [ 36.903110504000097, -1.249981611999942 ], [ 36.90258789100011, -1.251151829999856 ], [ 36.902263641000104, -1.252143263999926 ], [ 36.901953697000067, -1.253015576999871 ], [ 36.901012421000132, -1.253453909999905 ], [ 36.899950028000092, -1.253943591999928 ], [ 36.898410797, -1.254204033999883 ], [ 36.897106171000075, -1.254356025999925 ], [ 36.896137238000108, -1.254713415999845 ], [ 36.894937521000031, -1.255127736999953 ], [ 36.893871307000097, -1.255513429999951 ], [ 36.893005371000072, -1.255819797999891 ], [ 36.892118454000126, -1.256330430999981 ], [ 36.89084243800005, -1.257232546999887 ], [ 36.890094757000099, -1.25767517099996 ], [ 36.888389587000063, -1.25828790699984 ], [ 36.886363983000138, -1.258815526999967 ], [ 36.883914948000097, -1.259172915999955 ], [ 36.882389069000055, -1.259534716999951 ], [ 36.878261566000049, -1.259923457999889 ], [ 36.877769470000032, -1.249861955999961 ], [ 36.877306196000063, -1.246514372999911 ], [ 36.87854894000003, -1.246265967999875 ], [ 36.879322052000077, -1.246687947999817 ], [ 36.880191803000173, -1.246794700999942 ], [ 36.880832672000167, -1.246001570999965 ], [ 36.882083893000015, -1.246405779999918 ], [ 36.883203507000133, -1.246802329999866 ], [ 36.883956909000119, -1.246504842999855 ], [ 36.884933472000171, -1.246087987999829 ], [ 36.885879516000102, -1.246611674999883 ], [ 36.889353752000147, -1.252040326999918 ], [ 36.890077591000079, -1.251367925999887 ], [ 36.89094924900013, -1.250995456999874 ], [ 36.892058055000177, -1.250722964999966 ], [ 36.892778397000086, -1.250158607999936 ], [ 36.892992020000122, -1.24942338399984 ], [ 36.892322540000123, -1.247386872999925 ], [ 36.89288902300018, -1.246148496999922 ], [ 36.894045194, -1.245508372999893 ], [ 36.894550323000146, -1.244179784999858 ], [ 36.894672394000054, -1.243421951999949 ], [ 36.89567432399997, -1.242859184999929 ], [ 36.895696322000049, -1.24146766399997 ], [ 36.896675110000047, -1.240938782999933 ], [ 36.897567749000075, -1.240842043999919 ], [ 36.898736954000071, -1.240406691999965 ], [ 36.89946060200009, -1.239607 ], [ 36.900363922000054, -1.239197432999902 ], [ 36.901583481000159, -1.239273515999969 ], [ 36.90165583300012, -1.238159020999944 ], [ 36.901812235000079, -1.237288315999933 ], [ 36.90270328600019, -1.236860990999958 ], [ 36.903545380000025, -1.23621765799993 ], [ 36.904388428000175, -1.236546575999967 ], [ 36.905316353000103, -1.236464380999905 ], [ 36.906070709000176, -1.235956429999874 ], [ 36.906854248000059, -1.235552071999905 ], [ 36.907842636000169, -1.235434054999928 ], [ 36.90861511200012, -1.235733985999957 ], [ 36.909437180000111, -1.235995112999888 ], [ 36.910299301000123, -1.23568552699993 ], [ 36.911277771000073, -1.23530355399987 ], [ 36.912349701000096, -1.234979271999862 ], [ 36.913147926000192, -1.235187321999945 ] ] ] ] } },
{ "type": "Feature", "properties": { "fid": 5, "adm2_name": "Embakasi South", "adm2_name1": null, "adm2_name2": null, "adm2_name3": null, "adm2_pcode": "KE047282", "adm1_name": "Nairobi", "adm1_name1": null, "adm1_name2": null, "adm1_name3": null, "adm1_pcode": "KE047", "adm0_name": "Kenya", "adm0_name1": null, "adm0_name2": null, "adm0_name3": null, "adm0_pcode": "KE", "valid_on": "2019-10-31", "valid_to": null, "area_sqkm": 17.54934931, "cod_versio": "V_01", "lang": "en", "lang1": null, "lang2": null, "lang3": null, "adm2_ref_n": "Embakasi South", "center_lat": -1.33572978, "center_lon": 36.87388975 }, "geometry": { "type": "MultiPolygon", "coordinates": [ [ [ [ 36.907223407000174, -1.359906978999959 ], [ 36.906497193000121, -1.361047362999841 ], [ 36.905645371000162, -1.361825226999883 ], [ 36.913506982000058, -1.370835022999927 ], [ 36.907416026000192, -1.370333393999886 ], [ 36.902188318000185, -1.36466865999995 ], [ 36.900117874000102, -1.362424134999969 ], [ 36.8958664540001, -1.357612139999901 ], [ 36.894906998000124, -1.356526016999908 ], [ 36.892316288000131, -1.358568819999846 ], [ 36.88953673200001, -1.355414425999868 ], [ 36.884508133000054, -1.349669574999893 ], [ 36.88368549300003, -1.348856731999888 ], [ 36.883145896000087, -1.348266911999929 ], [ 36.882249833000117, -1.347241520999887 ], [ 36.881020876000093, -1.34643771199984 ], [ 36.873050690000014, -1.341034113999854 ], [ 36.861494064000055, -1.333829223999942 ], [ 36.851058960000103, -1.326910077999969 ], [ 36.851818085000161, -1.325628319999964 ], [ 36.850506282000026, -1.324874644999966 ], [ 36.849447251000072, -1.324211358999889 ], [ 36.842063904000156, -1.319704293999905 ], [ 36.840254723000157, -1.318529793999971 ], [ 36.841375090000042, -1.318078882999885 ], [ 36.842377734000024, -1.3176409269999 ], [ 36.843168894000087, -1.317674835999867 ], [ 36.844083786000112, -1.317762533999939 ], [ 36.845302903, -1.317412607999927 ], [ 36.846359128000131, -1.316905482999971 ], [ 36.847550018000049, -1.316694232999907 ], [ 36.848222733, -1.315674503999901 ], [ 36.849360466000121, -1.315011441999957 ], [ 36.850529202000189, -1.31458454899996 ], [ 36.851342280000097, -1.314416688999927 ], [ 36.852264358000014, -1.31382323899993 ], [ 36.85373043400017, -1.314143801999933 ], [ 36.854799271000047, -1.313789784999926 ], [ 36.855943219000039, -1.313875776999964 ], [ 36.856753031999972, -1.314538955999922 ], [ 36.857727160000138, -1.314925093999875 ], [ 36.858816783000123, -1.314522623999892 ], [ 36.860474646000057, -1.314410260999921 ], [ 36.861486085000024, -1.314023698999904 ], [ 36.8622934280001, -1.312518704999945 ], [ 36.862958486000082, -1.311903574999917 ], [ 36.864113968000083, -1.311595344999887 ], [ 36.865577080000037, -1.311063771999954 ], [ 36.866233566000176, -1.310222132999968 ], [ 36.867381783000042, -1.309851485999957 ], [ 36.868355805000135, -1.309825443999841 ], [ 36.869354248000093, -1.30990785299997 ], [ 36.870540867000102, -1.310330012999941 ], [ 36.871682975000112, -1.310204688999931 ], [ 36.871951455000101, -1.310954373999891 ], [ 36.872732338000162, -1.310889587999952 ], [ 36.87378126699997, -1.310428237999872 ], [ 36.87508010900018, -1.309705733999976 ], [ 36.876216889000091, -1.308891295999899 ], [ 36.877357787000165, -1.308206271999893 ], [ 36.878496170000119, -1.308125972999903 ], [ 36.879253388000052, -1.30822801599993 ], [ 36.880436732000078, -1.308291863999955 ], [ 36.881496430000027, -1.308150529999978 ], [ 36.882205615000146, -1.307849687999976 ], [ 36.883538845000146, -1.30693642499989 ], [ 36.884682973000167, -1.306150992999903 ], [ 36.885772055000189, -1.305820842999879 ], [ 36.886614742, -1.304978301999881 ], [ 36.88771083600011, -1.304794294999851 ], [ 36.888640621000036, -1.304208013999926 ], [ 36.895273209000095, -1.314899264999895 ], [ 36.898711470000137, -1.320455504999813 ], [ 36.899292715000172, -1.32140353099993 ], [ 36.897976023000126, -1.322179581999819 ], [ 36.890914917000089, -1.326328574999934 ], [ 36.88826561000019, -1.328374504999886 ], [ 36.881346819000157, -1.333744031999913 ], [ 36.885046006000096, -1.337630330999957 ], [ 36.89409828200013, -1.347126602999822 ], [ 36.895656586000143, -1.348707436999973 ], [ 36.89788330500005, -1.351239845999885 ], [ 36.899499894000144, -1.353078364999931 ], [ 36.901650675000042, -1.354998641999941 ], [ 36.90442085300009, -1.357471524999823 ], [ 36.907223407000174, -1.359906978999959 ] ] ] ] } },
{ "type": "Feature", "properties": { "fid": 6, "adm2_name": "Embakasi West", "adm2_name1": null, "adm2_name2": null, "adm2_name3": null, "adm2_pcode": "KE047286", "adm1_name": "Nairobi", "adm1_name1": null, "adm1_name2": null, "adm1_name3": null, "adm1_pcode": "KE047", "adm0_name": "Kenya", "adm0_name1": null, "adm0_name2": null, "adm0_name3": null, "adm0_pcode": "KE", "valid_on": "2019-10-31", "valid_to": null, "area_sqkm": 9.76080445, "cod_versio": "V_01", "lang": "en", "lang1": null, "lang2": null, "lang3": null, "adm2_ref_n": "Embakasi West", "center_lat": -1.27342368, "center_lon": 36.88551542 }, "geometry": { "type": "MultiPolygon", "coordinates": [ [ [ [ 36.902048111000056, -1.255179165999834 ], [ 36.903038025000058, -1.255029320999938 ], [ 36.904100418000155, -1.254556953999952 ], [ 36.905136108000193, -1.254407166999897 ], [ 36.906311035000158, -1.254407166999897 ], [ 36.907417297000052, -1.254430174999925 ], [ 36.909053802000187, -1.254637598999977 ], [ 36.91050720200019, -1.25500631299991 ], [ 36.912578583000027, -1.255859016999864 ], [ 36.91367721600011, -1.256402015999925 ], [ 36.912654877000136, -1.25667297799987 ], [ 36.910755157000153, -1.257056593999835 ], [ 36.909339905000138, -1.257662534999952 ], [ 36.908351897999978, -1.258328914999936 ], [ 36.905544281000118, -1.260913729999913 ], [ 36.903244019000056, -1.263357281999959 ], [ 36.902030945000035, -1.265033363999919 ], [ 36.900314331000118, -1.267032622999977 ], [ 36.897543062000068, -1.269350530999873 ], [ 36.899598439000044, -1.27425601799996 ], [ 36.90207805700004, -1.279478816999926 ], [ 36.899063305000027, -1.281738559999837 ], [ 36.898667636000027, -1.282478189999949 ], [ 36.898427963000188, -1.283546625999975 ], [ 36.892103206000115, -1.288981595999871 ], [ 36.889236451000158, -1.290781079999817 ], [ 36.888018649000117, -1.291407595999942 ], [ 36.887249056000087, -1.291749140999968 ], [ 36.885729323000021, -1.292383450999978 ], [ 36.885265350000111, -1.290232478999883 ], [ 36.885008493999976, -1.288909395999951 ], [ 36.884067536000146, -1.285401641999954 ], [ 36.883796165000149, -1.284476362999953 ], [ 36.883445514000186, -1.283193048999919 ], [ 36.882844525999985, -1.280939369999885 ], [ 36.882457733000081, -1.279529571999944 ], [ 36.882258341000068, -1.278256025999895 ], [ 36.88198089600013, -1.276786326999968 ], [ 36.881652832000157, -1.274634420999917 ], [ 36.880546570000092, -1.274863957999912 ], [ 36.878691673000048, -1.275758653999958 ], [ 36.879125595000062, -1.276955126999894 ], [ 36.879592896000077, -1.277896284999883 ], [ 36.879989624000018, -1.278589844999885 ], [ 36.880496978999986, -1.279679893999855 ], [ 36.879165649000186, -1.279600500999948 ], [ 36.877677916999971, -1.279481529999941 ], [ 36.875495911000087, -1.281287312999893 ], [ 36.873924255000077, -1.278678297999932 ], [ 36.871715546000075, -1.280746697999916 ], [ 36.866641998000034, -1.285011767999947 ], [ 36.864515686000118, -1.280843924999886 ], [ 36.865504265000141, -1.280054836999966 ], [ 36.866699219000054, -1.279966592999926 ], [ 36.867904663000104, -1.279617934999976 ], [ 36.868509293000045, -1.278775035999956 ], [ 36.869656563000149, -1.278311699999961 ], [ 36.87027072900014, -1.276634722999972 ], [ 36.871262868000088, -1.275933066999926 ], [ 36.871501923000039, -1.274909257999923 ], [ 36.871705055000177, -1.273938416999954 ], [ 36.871857261000116, -1.272908934999975 ], [ 36.871963501000039, -1.272002497999949 ], [ 36.872371674000135, -1.270774214999904 ], [ 36.873063087000105, -1.269648879999977 ], [ 36.874044417999983, -1.268783986999892 ], [ 36.874219894000134, -1.267914592999944 ], [ 36.87439727800006, -1.266833364999968 ], [ 36.874907494000183, -1.266001063999965 ], [ 36.876131058000169, -1.266074329999981 ], [ 36.877101898000035, -1.265571265999938 ], [ 36.877536138000096, -1.264570950999939 ], [ 36.878083547000188, -1.263764857999945 ], [ 36.878412247000028, -1.263055860999884 ], [ 36.878704071000186, -1.262257535999936 ], [ 36.878261566000049, -1.259923457999889 ], [ 36.882389069000055, -1.259534716999951 ], [ 36.883914948000097, -1.259172915999955 ], [ 36.886363983000138, -1.258815526999967 ], [ 36.888389587000063, -1.25828790699984 ], [ 36.890094757000099, -1.25767517099996 ], [ 36.89084243800005, -1.257232546999887 ], [ 36.892118454000126, -1.256330430999981 ], [ 36.893005371000072, -1.255819797999891 ], [ 36.893871307000097, -1.255513429999951 ], [ 36.894937521000031, -1.255127736999953 ], [ 36.896137238000108, -1.254713415999845 ], [ 36.897106171000075, -1.254356025999925 ], [ 36.898410797, -1.254204033999883 ], [ 36.899950028000092, -1.253943591999928 ], [ 36.900787354000101, -1.254801988999873 ], [ 36.902048111000056, -1.255179165999834 ] ] ] ] } },
{ "type": "Feature", "properties": { "fid": 7, "adm2_name": "Kamukunji", "adm2_name1": null, "adm2_name2": null, "adm2_name3": null, "adm2_pcode": "KE047288", "adm1_name": "Nairobi", "adm1_name1": null, "adm1_name2": null, "adm1_name3": null, "adm1_pcode": "KE047", "adm0_name": "Kenya", "adm0_name1": null, "adm0_name2": null, "adm0_name3": null, "adm0_pcode": "KE", "valid_on": "2019-10-31", "valid_to": null, "area_sqkm": 8.8374547, "cod_versio": "V_01", "lang": "en", "lang1": null, "lang2": null, "lang3": null, "adm2_ref_n": "Kamukunji", "center_lat": -1.27542116, "center_lon": 36.85830597 }, "geometry": { "type": "MultiPolygon", "coordinates": [ [ [ [ 36.878261566000049, -1.259923457999889 ], [ 36.878704071000186, -1.262257535999936 ], [ 36.878412247000028, -1.263055860999884 ], [ 36.878083547000188, -1.263764857999945 ], [ 36.877536138000096, -1.264570950999939 ], [ 36.877101898000035, -1.265571265999938 ], [ 36.876131058000169, -1.266074329999981 ], [ 36.874907494000183, -1.266001063999965 ], [ 36.87439727800006, -1.266833364999968 ], [ 36.874219894000134, -1.267914592999944 ], [ 36.874044417999983, -1.268783986999892 ], [ 36.873063087000105, -1.269648879999977 ], [ 36.872371674000135, -1.270774214999904 ], [ 36.871963501000039, -1.272002497999949 ], [ 36.871857261000116, -1.272908934999975 ], [ 36.871705055000177, -1.273938416999954 ], [ 36.871501923000039, -1.274909257999923 ], [ 36.871262868000088, -1.275933066999926 ], [ 36.87027072900014, -1.276634722999972 ], [ 36.869656563000149, -1.278311699999961 ], [ 36.868509293000045, -1.278775035999956 ], [ 36.867904663000104, -1.279617934999976 ], [ 36.866699219000054, -1.279966592999926 ], [ 36.865504265000141, -1.280054836999966 ], [ 36.864515686000118, -1.280843924999886 ], [ 36.863655090000123, -1.281069874999844 ], [ 36.862507820000076, -1.281241952999949 ], [ 36.861259460000156, -1.281740664999916 ], [ 36.86022949200003, -1.282517313999961 ], [ 36.85969924900013, -1.283152818999952 ], [ 36.859005078000166, -1.28364355399998 ], [ 36.858041763000131, -1.284185468999965 ], [ 36.857009888000107, -1.284776806999957 ], [ 36.856002808000085, -1.285359322999909 ], [ 36.854811351000194, -1.285529970999903 ], [ 36.854114532000153, -1.286083042999962 ], [ 36.852884293000102, -1.287186353999914 ], [ 36.851629112000069, -1.287703068999974 ], [ 36.851707874000169, -1.288686763999976 ], [ 36.851649529000042, -1.289770372999953 ], [ 36.851518530000135, -1.290723910999873 ], [ 36.850419998000177, -1.291932701999883 ], [ 36.848690033000139, -1.291577219999965 ], [ 36.843051910000042, -1.290295958999934 ], [ 36.841140747000054, -1.289873003999901 ], [ 36.840188599000157, -1.289560293999955 ], [ 36.84041595500014, -1.288125872999956 ], [ 36.840208054000072, -1.287274658999934 ], [ 36.839561086, -1.286602545999926 ], [ 36.838084685000183, -1.285878733999937 ], [ 36.835743631000071, -1.285002887999838 ], [ 36.831549050000035, -1.283424752999906 ], [ 36.833978825000088, -1.283238963999906 ], [ 36.834810893, -1.283451119999938 ], [ 36.835907377000126, -1.283955105999894 ], [ 36.837017059000118, -1.284368991999941 ], [ 36.837955475000115, -1.284368991999941 ], [ 36.839007830000071, -1.284159668999962 ], [ 36.838684258000114, -1.283199948999936 ], [ 36.838160005000191, -1.282620424999948 ], [ 36.839204788000018, -1.282293378999896 ], [ 36.839969635000159, -1.281797408999978 ], [ 36.840906429000029, -1.281090459999859 ], [ 36.842838287, -1.28071224699994 ], [ 36.843606949000048, -1.280519663999883 ], [ 36.843713163000132, -1.279254098999957 ], [ 36.84377288800016, -1.277886509999973 ], [ 36.84575271600005, -1.277817725999967 ], [ 36.843372345000148, -1.266913651999971 ], [ 36.843048096000075, -1.265022396999882 ], [ 36.847591400000113, -1.264043330999868 ], [ 36.848482132000072, -1.263864933999969 ], [ 36.85022163400015, -1.263699650999968 ], [ 36.851455688000101, -1.26362383399993 ], [ 36.856090546000075, -1.263601779999931 ], [ 36.858430862000091, -1.26322954799997 ], [ 36.859279633000028, -1.262096702999941 ], [ 36.861507416000109, -1.261195897999926 ], [ 36.865295410000158, -1.260032176999914 ], [ 36.868972779000046, -1.258994340999948 ], [ 36.872035980000078, -1.259357571999942 ], [ 36.873493195000151, -1.259646534999888 ], [ 36.875175476000152, -1.259980201999952 ], [ 36.878261566000049, -1.259923457999889 ] ] ] ] } },
{ "type": "Feature", "properties": { "fid": 8, "adm2_name": "Kasarani", "adm2_name1": null, "adm2_name2": null, "adm2_name3": null, "adm2_pcode": "KE047280", "adm1_name": "Nairobi", "adm1_name1": null, "adm1_name2": null, "adm1_name3": null, "adm1_pcode": "KE047", "adm0_name": "Kenya", "adm0_name1": null, "adm0_name2": null, "adm0_name3": null, "adm0_pcode": "KE", "valid_on": "2019-10-31", "valid_to": null, "area_sqkm": 136.27420691, "cod_versio": "V_01", "lang": "en", "lang1": null, "lang2": null, "lang3": null, "adm2_ref_n": "Kasarani", "center_lat": -1.25200498, "center_lon": 37.01355654 }, "geometry": { "type": "MultiPolygon", "coordinates": [ [ [ [ 37.101759720000132, -1.25907536699998 ], [ 37.101720810000131, -1.260336040999903 ], [ 37.10268783600003, -1.261137917999918 ], [ 37.103446961000031, -1.26213022099995 ], [ 37.103670120000118, -1.26301991899993 ], [ 37.103549957000041, -1.263962983999818 ], [ 37.102534294000122, -1.265526800999965 ], [ 37.102184296000132, -1.266805499999975 ], [ 37.102241516000049, -1.267712175999975 ], [ 37.102062519000071, -1.268566928999974 ], [ 37.101537705000169, -1.269850670999972 ], [ 37.101264000000185, -1.27108237099992 ], [ 37.100805283000113, -1.272654870999929 ], [ 37.099533081000061, -1.272791355999914 ], [ 37.098690987000168, -1.271865843999933 ], [ 37.09784698500016, -1.270905375999916 ], [ 37.096752803000015, -1.271054982999942 ], [ 37.095949173000179, -1.271844624999915 ], [ 37.095191956000122, -1.272212981999928 ], [ 37.094047546000127, -1.272766907999937 ], [ 37.093110403000082, -1.273190736999936 ], [ 37.091944377000061, -1.273291527999902 ], [ 37.091037750000112, -1.273499766999919 ], [ 37.090124130000049, -1.274076441999853 ], [ 37.08912277200011, -1.274524806999977 ], [ 37.088291169000172, -1.274633228999903 ], [ 37.087387085000159, -1.274792133999938 ], [ 37.086472512000057, -1.27520051599987 ], [ 37.08565521200012, -1.275799393999932 ], [ 37.084597588000179, -1.276702075999935 ], [ 37.08386421300014, -1.277674673999854 ], [ 37.083618164000143, -1.278850554999963 ], [ 37.083475113000134, -1.279753088999939 ], [ 37.083169937000093, -1.280996649999906 ], [ 37.082567215000154, -1.282370566999816 ], [ 37.081436157000155, -1.282630621999942 ], [ 37.080386162000082, -1.282053678999887 ], [ 37.078962962000048, -1.281294981999906 ], [ 37.077998162000029, -1.281250774999876 ], [ 37.077175140000122, -1.281691113999898 ], [ 37.07644271900017, -1.282840131999933 ], [ 37.076160431000119, -1.283625005999966 ], [ 37.076096535000147, -1.28469002199995 ], [ 37.076155663000065, -1.286228775999916 ], [ 37.076077461000182, -1.287489741999877 ], [ 37.075934728000163, -1.288769125999977 ], [ 37.075148265, -1.289696335999963 ], [ 37.074236552000173, -1.290241121999884 ], [ 37.07330195100019, -1.291064380999899 ], [ 37.072636922000129, -1.291942357999972 ], [ 37.072402954000154, -1.292694627999936 ], [ 37.072563807000051, -1.293602585999963 ], [ 37.072685242000034, -1.294753948999926 ], [ 37.072319984000046, -1.29581162299985 ], [ 37.072386424, -1.297228534999931 ], [ 37.073472023000079, -1.298136382999928 ], [ 37.074505615000135, -1.297746514999972 ], [ 37.07548141500007, -1.29816571899994 ], [ 37.076034928000126, -1.299007176999908 ], [ 37.076206207000155, -1.299939552999888 ], [ 37.075730324000119, -1.301037638999958 ], [ 37.065441132000046, -1.298897742999941 ], [ 37.059455872000058, -1.297446488999924 ], [ 37.054065704000095, -1.296139478999976 ], [ 37.043548584000177, -1.293587684999977 ], [ 37.029964447000168, -1.290475367999932 ], [ 37.028377533000139, -1.290092944999969 ], [ 37.025959015000069, -1.289510130999929 ], [ 37.022960663000163, -1.290586471999973 ], [ 37.019653320000145, -1.29177343799995 ], [ 37.015338898000039, -1.293353914999955 ], [ 37.009346008000136, -1.295549511999923 ], [ 37.005653381000059, -1.296946405999961 ], [ 37.001937866000048, -1.298352002999877 ], [ 37.000198364000141, -1.293366431999857 ], [ 36.999557495000147, -1.291331409999941 ], [ 36.994808197000111, -1.279063939999958 ], [ 36.990249634000179, -1.280838965999919 ], [ 36.983894348000149, -1.271786689999942 ], [ 36.981811523000033, -1.26887273799997 ], [ 36.979961395000032, -1.266341447999878 ], [ 36.970432281000114, -1.260173081999937 ], [ 36.967475891000106, -1.258365153999932 ], [ 36.955516815000067, -1.258000015999926 ], [ 36.94148635900018, -1.257567404999975 ], [ 36.93616714500007, -1.257594775999962 ], [ 36.933589934999986, -1.250588893999975 ], [ 36.932214737000095, -1.251158475999944 ], [ 36.930503845000089, -1.251866697999958 ], [ 36.926689148000037, -1.253462075999948 ], [ 36.925945282000157, -1.253692745999956 ], [ 36.924083710000104, -1.254269837999914 ], [ 36.920227051000154, -1.255118011999912 ], [ 36.916549682999971, -1.255945920999864 ], [ 36.91367721600011, -1.256402015999925 ], [ 36.912578583000027, -1.255859016999864 ], [ 36.91050720200019, -1.25500631299991 ], [ 36.909053802000187, -1.254637598999977 ], [ 36.907417297000052, -1.254430174999925 ], [ 36.906311035000158, -1.254407166999897 ], [ 36.905136108000193, -1.254407166999897 ], [ 36.904100418000155, -1.254556953999952 ], [ 36.903038025000058, -1.255029320999938 ], [ 36.902048111000056, -1.255179165999834 ], [ 36.900787354000101, -1.254801988999873 ], [ 36.899950028000092, -1.253943591999928 ], [ 36.901012421000132, -1.253453909999905 ], [ 36.901953697000067, -1.253015576999871 ], [ 36.902263641000104, -1.252143263999926 ], [ 36.90258789100011, -1.251151829999856 ], [ 36.903110504000097, -1.249981611999942 ], [ 36.904031753000027, -1.249020635999898 ], [ 36.905071259000067, -1.248500823999962 ], [ 36.906501770000034, -1.247522115999914 ], [ 36.907037735000074, -1.246883749999938 ], [ 36.907878876000098, -1.246407150999858 ], [ 36.908731363000072, -1.245668503999923 ], [ 36.909412384000177, -1.245062589999975 ], [ 36.91027545999998, -1.244458257999895 ], [ 36.911470413000188, -1.244164704999946 ], [ 36.91224288900014, -1.243644117999963 ], [ 36.91341686200002, -1.243568956999923 ], [ 36.914432526000041, -1.242866872999855 ], [ 36.915122986000142, -1.242032765999852 ], [ 36.915693283000167, -1.241360484999916 ], [ 36.916816712000127, -1.240492402999962 ], [ 36.91769409200009, -1.240241765999883 ], [ 36.918680191000078, -1.240275620999967 ], [ 36.919795990000068, -1.239971577999938 ], [ 36.920902252000133, -1.239667653999902 ], [ 36.921947479000039, -1.239785789999928 ], [ 36.924041748000036, -1.240123629999971 ], [ 36.925563812000178, -1.240317820999962 ], [ 36.926727295000092, -1.240022301999943 ], [ 36.930165217000138, -1.23760819599994 ], [ 36.928960800000084, -1.237601041999881 ], [ 36.927743912000096, -1.23792427799998 ], [ 36.92717170700007, -1.238520204999929 ], [ 36.926331838000124, -1.238784590999956 ], [ 36.925623576000191, -1.239139397999907 ], [ 36.924451828000031, -1.239090978999968 ], [ 36.923475266000025, -1.238084792999928 ], [ 36.922798157000045, -1.237533409999969 ], [ 36.921916962000068, -1.237562357999877 ], [ 36.92125129700014, -1.237968742999954 ], [ 36.92048645, -1.238423406999971 ], [ 36.91952896100014, -1.238539576999926 ], [ 36.918676377000111, -1.238500832999932 ], [ 36.918020249000165, -1.237968742999954 ], [ 36.917343140000185, -1.23733985399997 ], [ 36.916233063000107, -1.236909388999948 ], [ 36.914273262, -1.235637246999943 ], [ 36.913147926000192, -1.235187321999945 ], [ 36.912349701000096, -1.234979271999862 ], [ 36.911277771000073, -1.23530355399987 ], [ 36.910940170000117, -1.234399079999889 ], [ 36.909861247000094, -1.233356713999967 ], [ 36.9091014870001, -1.233061849999842 ], [ 36.908320109000101, -1.23273912999997 ], [ 36.907233429000087, -1.232400202999884 ], [ 36.906332016000192, -1.231870829999878 ], [ 36.905770620000112, -1.231188296999903 ], [ 36.904865265000069, -1.231146513999818 ], [ 36.904100418000155, -1.231446027999823 ], [ 36.90317630800007, -1.231745480999905 ], [ 36.902072907000161, -1.23257777099991 ], [ 36.901298612000119, -1.232451449999871 ], [ 36.900255203000029, -1.232226072999879 ], [ 36.899352265000118, -1.232818054999939 ], [ 36.89799499500009, -1.23234909699994 ], [ 36.897061920000056, -1.231996225999978 ], [ 36.896711077000077, -1.232841951999944 ], [ 36.896090190000109, -1.233610887999873 ], [ 36.895117951000032, -1.234319662999894 ], [ 36.894241333000025, -1.234820424999953 ], [ 36.893683434000138, -1.235388039999918 ], [ 36.891470591000086, -1.235590060999925 ], [ 36.890628815000071, -1.235534279999968 ], [ 36.889236450000055, -1.235367178999979 ], [ 36.888149261000081, -1.235144257999934 ], [ 36.887006760000133, -1.234747289999916 ], [ 36.885725021000042, -1.234273641999835 ], [ 36.884534836000057, -1.234834342999932 ], [ 36.88359642000006, -1.235032796999917 ], [ 36.882517242000119, -1.235293054999886 ], [ 36.881479264000177, -1.236248909999915 ], [ 36.880775070000027, -1.236780452999938 ], [ 36.879776764000042, -1.236562036999885 ], [ 36.878934097000183, -1.237019466999925 ], [ 36.877549012000088, -1.236990883999965 ], [ 36.876202584000055, -1.236438333999956 ], [ 36.875507354999968, -1.237064241999974 ], [ 36.875211716000138, -1.237931608999872 ], [ 36.874464671000055, -1.238223194999932 ], [ 36.873725255000181, -1.237861036999902 ], [ 36.873146820000159, -1.237103628999932 ], [ 36.872044033000122, -1.236689076999937 ], [ 36.871017456, -1.236317594999946 ], [ 36.87023544300007, -1.236070572999893 ], [ 36.869213649000073, -1.236026967999862 ], [ 36.870166779000044, -1.234110474999909 ], [ 36.871959686000025, -1.232226013999878 ], [ 36.872749329000044, -1.231567620999954 ], [ 36.875511169000106, -1.229267119999918 ], [ 36.879684448000035, -1.226058959999932 ], [ 36.88175392200003, -1.224579512999924 ], [ 36.883934021000186, -1.223068952999938 ], [ 36.885833740000066, -1.221387028999914 ], [ 36.889656067000033, -1.217331528999921 ], [ 36.894248962000177, -1.213494061999938 ], [ 36.89592552199997, -1.211918293999929 ], [ 36.897651672000165, -1.211157440999955 ], [ 36.899593353000171, -1.210570215999951 ], [ 36.901424408000025, -1.209959148999928 ], [ 36.903556824000077, -1.209168314999943 ], [ 36.907657623000034, -1.20791006099995 ], [ 36.91026687599998, -1.206795691999957 ], [ 36.911060333000194, -1.206424235999918 ], [ 36.911743164000086, -1.205729245999976 ], [ 36.912433624000016, -1.205048083999941 ], [ 36.913085937000119, -1.205589293999935 ], [ 36.913682938000193, -1.206480025999952 ], [ 36.913806915000066, -1.207280635999837 ], [ 36.914190293000161, -1.20856600999997 ], [ 36.914867401000038, -1.209133465999912 ], [ 36.915520668, -1.210102199999881 ], [ 36.916820526000095, -1.210819522999884 ], [ 36.917842865000068, -1.211384891999955 ], [ 36.918430328000056, -1.211903571999869 ], [ 36.918997447000038, -1.212454516999912 ], [ 36.92000961399998, -1.212963520999836 ], [ 36.920698166000136, -1.21424895499996 ], [ 36.921344757000099, -1.214756189999946 ], [ 36.922241210999971, -1.215263783999887 ], [ 36.923595428000056, -1.215489267999828 ], [ 36.924495697, -1.215579509999941 ], [ 36.925331116000109, -1.215895175999947 ], [ 36.926521301000093, -1.216481287999841 ], [ 36.92726993600013, -1.217304676999845 ], [ 36.928550720000089, -1.217981158999862 ], [ 36.930377960000101, -1.219243645999939 ], [ 36.931175232000157, -1.21994598699996 ], [ 36.932125092000035, -1.219917217999978 ], [ 36.933065415000158, -1.21923279799995 ], [ 36.934329987000126, -1.219120025999928 ], [ 36.936763763000044, -1.219165086999965 ], [ 36.937622070000145, -1.219165086999965 ], [ 36.939495087000125, -1.220225095999979 ], [ 36.946125031000122, -1.223337172999891 ], [ 36.947463989000084, -1.223948955999902 ], [ 36.948986053000056, -1.224645137999971 ], [ 36.950115204000156, -1.224825500999941 ], [ 36.951129913000159, -1.224690198999951 ], [ 36.951999665000187, -1.224487244999921 ], [ 36.953136444, -1.224239229999853 ], [ 36.954933167000092, -1.225669264999965 ], [ 36.957050324000193, -1.227012871999932 ], [ 36.95812225300017, -1.226381539999977 ], [ 36.9592358270001, -1.225614706999977 ], [ 36.960198720000108, -1.225321133999842 ], [ 36.961166382000044, -1.225231408999946 ], [ 36.961963654000101, -1.225387155999954 ], [ 36.96310424800015, -1.225930571999925 ], [ 36.964412690000074, -1.226652204999937 ], [ 36.96949005100015, -1.226661323999963 ], [ 36.970012664000137, -1.22604751599988 ], [ 36.971181234000028, -1.225534796999909 ], [ 36.972034454000095, -1.225231408999946 ], [ 36.972757340000044, -1.224836766999886 ], [ 36.973752340000146, -1.224153398999931 ], [ 36.974922181000181, -1.223731695999959 ], [ 36.976343791000033, -1.223330993999923 ], [ 36.977689743000042, -1.222271560999957 ], [ 36.978834152000104, -1.222367405999876 ], [ 36.979894638000133, -1.222130595999886 ], [ 36.981018066000161, -1.22189382699986 ], [ 36.981971741000109, -1.221893866999949 ], [ 36.982610703000034, -1.221318780999979 ], [ 36.983427048000181, -1.221202313999925 ], [ 36.98430851500018, -1.220968825999876 ], [ 36.985092163000047, -1.221510370999908 ], [ 36.985757828000146, -1.221104561999937 ], [ 36.986743927000077, -1.221169908999912 ], [ 36.987796783000135, -1.221645831999922 ], [ 36.989128113000163, -1.22205173999987 ], [ 36.990436554000155, -1.222344874999976 ], [ 36.991249085000163, -1.222615479999945 ], [ 36.991846085000191, -1.223472415999822 ], [ 36.992488861000083, -1.224960803999977 ], [ 36.993347168000128, -1.226697325999908 ], [ 36.994058609000092, -1.228082735999976 ], [ 36.994462967000175, -1.22922301299991 ], [ 36.994981766000194, -1.230136334999884 ], [ 36.997066498000038, -1.230979799999943 ], [ 36.999275208000142, -1.231748699999969 ], [ 37.00043487500011, -1.232186595999963 ], [ 37.00123977700008, -1.232865034999975 ], [ 37.002499580000119, -1.233398089999866 ], [ 37.003758749000156, -1.2338901359999 ], [ 37.004890442000089, -1.234071492999874 ], [ 37.006032308000044, -1.234011371999884 ], [ 37.007536888000175, -1.233485221999956 ], [ 37.008682251000039, -1.233349918999977 ], [ 37.009685517000094, -1.233462690999943 ], [ 37.010801316000084, -1.23400384099989 ], [ 37.011449814000116, -1.233292400999915 ], [ 37.012199402000135, -1.233056783999871 ], [ 37.012741089000087, -1.232515453999952 ], [ 37.012741089000087, -1.231568335999896 ], [ 37.012647629000185, -1.23026949199982 ], [ 37.012874603000171, -1.22843372799997 ], [ 37.013439178000056, -1.22762191299995 ], [ 37.014793396000186, -1.226528107999968 ], [ 37.015830994000055, -1.226652025999897 ], [ 37.016573906000076, -1.226328133999914 ], [ 37.016997337000191, -1.224934706999932 ], [ 37.018733024000028, -1.224445461999949 ], [ 37.019954681000115, -1.22435188299994 ], [ 37.020847321000076, -1.22435188299994 ], [ 37.022004263000042, -1.224625610999908 ], [ 37.02241516100014, -1.223637699999927 ], [ 37.023010254000042, -1.221586644999945 ], [ 37.023746490000065, -1.221149682999908 ], [ 37.026473999000018, -1.219931840999948 ], [ 37.028377533000139, -1.218747913999891 ], [ 37.029239655000083, -1.21858435799993 ], [ 37.030155182000044, -1.21844482399996 ], [ 37.030893326000012, -1.217879712999888 ], [ 37.031375885000102, -1.216826378999883 ], [ 37.032281876000184, -1.215703486999871 ], [ 37.032888413000194, -1.214891671999965 ], [ 37.033361435000074, -1.213707744999965 ], [ 37.03429794300007, -1.212850808999917 ], [ 37.035854340000185, -1.211971282999968 ], [ 37.036988258, -1.211401879999926 ], [ 37.037765503000116, -1.210351466999896 ], [ 37.03862953200013, -1.210020601999872 ], [ 37.042823792000036, -1.207788049999976 ], [ 37.043590546000075, -1.207799314999932 ], [ 37.044743856000082, -1.207684714999971 ], [ 37.046012878000113, -1.207638024999937 ], [ 37.04712295500002, -1.207509755999979 ], [ 37.047784805999981, -1.206558942999891 ], [ 37.048393250000061, -1.205871163999916 ], [ 37.049496968000085, -1.205920854999931 ], [ 37.053693772000088, -1.204123377999906 ], [ 37.054684639000072, -1.204473435999887 ], [ 37.056215286000167, -1.205891190999978 ], [ 37.057302475000142, -1.206525146999923 ], [ 37.058242798000038, -1.206143299999951 ], [ 37.058879852000189, -1.205431460999932 ], [ 37.059490204000042, -1.204935311999918 ], [ 37.060440826, -1.204374074999862 ], [ 37.061461449000149, -1.203609287999825 ], [ 37.062713623000036, -1.202702760999955 ], [ 37.069683075000057, -1.215244054999971 ], [ 37.07295227100002, -1.22131884099997 ], [ 37.075115204000042, -1.225341319999927 ], [ 37.077285767000149, -1.229344725999965 ], [ 37.080287933000193, -1.234879970999884 ], [ 37.085792542000092, -1.232283234999898 ], [ 37.088153839000142, -1.231168030999925 ], [ 37.090606689000083, -1.234992145999968 ], [ 37.091148376000035, -1.235861539999917 ], [ 37.09487533600003, -1.242395519999945 ], [ 37.08624267600004, -1.246274470999879 ], [ 37.087409973000092, -1.247264503999929 ], [ 37.093708038000102, -1.252603291999947 ], [ 37.101759720000132, -1.25907536699998 ] ] ] ] } },
{ "type": "Feature", "properties": { "fid": 9, "adm2_name": "Kibra", "adm2_name1": null, "adm2_name2": null, "adm2_name3": null, "adm2_pcode": "KE047278", "adm1_name": "Nairobi", "adm1_name1": null, "adm1_name2": null, "adm1_name3": null, "adm1_pcode": "KE047", "adm0_name": "Kenya", "adm0_name1": null, "adm0_name2": null, "adm0_name3": null, "adm0_pcode": "KE", "valid_on": "2019-10-31", "valid_to": null, "area_sqkm": 12.33031869, "cod_versio": "V_01", "lang": "en", "lang1": null, "lang2": null, "lang3": null, "adm2_ref_n": "Kibra", "center_lat": -1.30420917, "center_lon": 36.77970908 }, "geometry": { "type": "MultiPolygon", "coordinates": [ [ [ [ 36.823287964000087, -1.297176002999947 ], [ 36.82215499900019, -1.297511100999941 ], [ 36.822662354000158, -1.298332452999944 ], [ 36.82300949100005, -1.300259828999913 ], [ 36.82275772100013, -1.301365613999906 ], [ 36.82215499900019, -1.30225026599993 ], [ 36.820987701000092, -1.302945374999979 ], [ 36.819156647000113, -1.303450822999878 ], [ 36.81808090200019, -1.30364048499996 ], [ 36.816974640000126, -1.303134917999955 ], [ 36.815773010000157, -1.30278742299987 ], [ 36.814668655, -1.302897989999963 ], [ 36.813564301000099, -1.303482412999927 ], [ 36.812644958000192, -1.30395638899995 ], [ 36.811321259000181, -1.304461955999955 ], [ 36.810436249000134, -1.304998993999902 ], [ 36.809581757000103, -1.305441379999934 ], [ 36.808635712000068, -1.305599212999937 ], [ 36.807590485000048, -1.305599212999937 ], [ 36.806770325, -1.305788874999962 ], [ 36.80600357100019, -1.30637872199992 ], [ 36.805414527000096, -1.307358086999955 ], [ 36.805065155000136, -1.309959411999898 ], [ 36.804653168000073, -1.31144440199995 ], [ 36.804084778000117, -1.312265872999944 ], [ 36.80342102100019, -1.312771319999968 ], [ 36.802471161000142, -1.312929272999952 ], [ 36.801681519000169, -1.312676548999946 ], [ 36.800987244000169, -1.312234162999914 ], [ 36.799598694000053, -1.310749291999969 ], [ 36.798587799000131, -1.309864639999887 ], [ 36.796249390000185, -1.308506011999896 ], [ 36.79435539200017, -1.307776390999948 ], [ 36.794384003000118, -1.308804991999978 ], [ 36.794347702000039, -1.309983723999949 ], [ 36.794166565000069, -1.311061501999973 ], [ 36.794442749000041, -1.311809944999879 ], [ 36.794910431000176, -1.312586068999906 ], [ 36.795794329000103, -1.313328051999918 ], [ 36.797080040000026, -1.31378960599983 ], [ 36.798137665000013, -1.313720881999927 ], [ 36.798885345000087, -1.314063310999927 ], [ 36.799930572000164, -1.314770936999935 ], [ 36.79985745700003, -1.315624017999824 ], [ 36.798835754000152, -1.316325008999911 ], [ 36.797607422000112, -1.316612481999869 ], [ 36.796718598000098, -1.316592871999944 ], [ 36.795746613000063, -1.31667776099988 ], [ 36.794883728000173, -1.316873668999904 ], [ 36.794197718000078, -1.317457138999885 ], [ 36.793312073000095, -1.316732465999962 ], [ 36.792349498000135, -1.315985997999917 ], [ 36.791414261000114, -1.315621315999863 ], [ 36.79046630900018, -1.314560015999973 ], [ 36.7895132700001, -1.314138193999895 ], [ 36.789425850000157, -1.312608748999935 ], [ 36.788422903000026, -1.312094449999904 ], [ 36.787673950000169, -1.312466441999959 ], [ 36.787004471000103, -1.313147603999823 ], [ 36.78588771800014, -1.313580274999936 ], [ 36.784467697000139, -1.313539474999914 ], [ 36.783395768, -1.31391096099992 ], [ 36.782693863000134, -1.314278303999856 ], [ 36.782005310000102, -1.314853190999884 ], [ 36.781040192000148, -1.314819215999933 ], [ 36.780141195000112, -1.314914464999902 ], [ 36.779180527000051, -1.315104960999861 ], [ 36.778366089000144, -1.315094768999927 ], [ 36.777854920000038, -1.314502775999927 ], [ 36.777079264000179, -1.313832719999937 ], [ 36.776007334000099, -1.313798268999903 ], [ 36.774559021000073, -1.31382930299992 ], [ 36.773323059000177, -1.313941597999872 ], [ 36.772541046000185, -1.313919424999824 ], [ 36.770671844000105, -1.310226916999909 ], [ 36.768222809000065, -1.311247348999871 ], [ 36.766588211000169, -1.307846426999959 ], [ 36.759254456000065, -1.308830141999977 ], [ 36.755455017000031, -1.309234618999881 ], [ 36.752704620000088, -1.304678201999934 ], [ 36.747608185000047, -1.306012808999924 ], [ 36.747357270000123, -1.303398925999943 ], [ 36.747425842000155, -1.30109002599994 ], [ 36.758586884000067, -1.296938061999867 ], [ 36.760300435000033, -1.296163054999965 ], [ 36.762874603, -1.296634077999954 ], [ 36.768409729000041, -1.297774195999978 ], [ 36.770950317000143, -1.297856568999919 ], [ 36.773498535000101, -1.297765850999895 ], [ 36.781749725000168, -1.297472 ], [ 36.792325974000107, -1.297191559999874 ], [ 36.795459747000166, -1.296867608999889 ], [ 36.797409058000028, -1.296524166999916 ], [ 36.800182343000074, -1.295892238999954 ], [ 36.802169800000115, -1.295574962999979 ], [ 36.806913376000068, -1.294566690999943 ], [ 36.809295654000152, -1.29307460799987 ], [ 36.810474396000188, -1.293135046999964 ], [ 36.811748504999969, -1.292995213999973 ], [ 36.812929154000074, -1.292645513999958 ], [ 36.814109803000122, -1.291774987999872 ], [ 36.815460205000136, -1.291425346999915 ], [ 36.819675446000133, -1.290576457999919 ], [ 36.820373535000044, -1.291518568999891 ], [ 36.821208954000156, -1.292954205999933 ], [ 36.821773529000097, -1.293927788999952 ], [ 36.822734833000027, -1.295637607999936 ], [ 36.823287964000087, -1.297176002999947 ] ] ] ] } },
{ "type": "Feature", "properties": { "fid": 10, "adm2_name": "Kilimani", "adm2_name1": null, "adm2_name2": null, "adm2_name3": null, "adm2_pcode": "KE047275", "adm1_name": "Nairobi", "adm1_name1": null, "adm1_name2": null, "adm1_name3": null, "adm1_pcode": "KE047", "adm0_name": "Kenya", "adm0_name1": null, "adm0_name2": null, "adm0_name3": null, "adm0_pcode": "KE", "valid_on": "2019-10-31", "valid_to": null, "area_sqkm": 29.35572497, "cod_versio": "V_01", "lang": "en", "lang1": null, "lang2": null, "lang3": null, "adm2_ref_n": "Kilimani", "center_lat": -1.27685408, "center_lon": 36.77420224 }, "geometry": { "type": "MultiPolygon", "coordinates": [ [ [ [ 36.811808692000056, -1.272080745999915 ], [ 36.812248230000193, -1.273439526999823 ], [ 36.812717438000107, -1.274394750999875 ], [ 36.813064575000169, -1.275384664999933 ], [ 36.813240051000093, -1.276409387999877 ], [ 36.813508987000148, -1.277843057999917 ], [ 36.814231873000097, -1.279475450999882 ], [ 36.815872192000029, -1.283019303999936 ], [ 36.819675446000133, -1.290576457999919 ], [ 36.815460205000136, -1.291425346999915 ], [ 36.814109803000122, -1.291774987999872 ], [ 36.812929154000074, -1.292645513999958 ], [ 36.811748504999969, -1.292995213999973 ], [ 36.810474396000188, -1.293135046999964 ], [ 36.809295654000152, -1.29307460799987 ], [ 36.806913376000068, -1.294566690999943 ], [ 36.802169800000115, -1.295574962999979 ], [ 36.800182343000074, -1.295892238999954 ], [ 36.797409058000028, -1.296524166999916 ], [ 36.795459747000166, -1.296867608999889 ], [ 36.792325974000107, -1.297191559999874 ], [ 36.781749725000168, -1.297472 ], [ 36.773498535000101, -1.297765850999895 ], [ 36.770950317000143, -1.297856568999919 ], [ 36.768409729000041, -1.297774195999978 ], [ 36.762874603, -1.296634077999954 ], [ 36.760300435000033, -1.296163054999965 ], [ 36.757575989000031, -1.295546531999946 ], [ 36.756216049000102, -1.295071660999895 ], [ 36.755371094000111, -1.294056295999894 ], [ 36.754699707000043, -1.292931198999895 ], [ 36.753807068000185, -1.291785954999909 ], [ 36.752840043000049, -1.29090976699996 ], [ 36.751724243000069, -1.290369867999971 ], [ 36.750217438, -1.289931773999967 ], [ 36.748626709000121, -1.289530992999858 ], [ 36.747077942000146, -1.28911673999994 ], [ 36.744110107000154, -1.28723275699997 ], [ 36.742828369000165, -1.286244034999925 ], [ 36.73998260500008, -1.28403925899994 ], [ 36.737895966000167, -1.2825962309999 ], [ 36.736937883, -1.282081719999894 ], [ 36.73654502100004, -1.280824223999957 ], [ 36.736093710000091, -1.279450544999975 ], [ 36.735740916, -1.278349012999968 ], [ 36.735149540000123, -1.277288090999946 ], [ 36.735012483000048, -1.276420063999979 ], [ 36.734814512000128, -1.275369293999972 ], [ 36.734285320000026, -1.274284258999899 ], [ 36.733408059000169, -1.272898545999908 ], [ 36.734439850000172, -1.273103653999897 ], [ 36.73517354300003, -1.273683189999929 ], [ 36.735942296000133, -1.27422179499996 ], [ 36.736729940000146, -1.275023221999959 ], [ 36.737600327000109, -1.275449811999977 ], [ 36.738620758000081, -1.275540232999901 ], [ 36.739603043000102, -1.275301128999843 ], [ 36.740669251000043, -1.27496504699991 ], [ 36.741512299000135, -1.274669925999945 ], [ 36.74250475600013, -1.274331668999935 ], [ 36.743474185000139, -1.27349255799993 ], [ 36.744400025000175, -1.272828965999906 ], [ 36.745336533, -1.272341012999959 ], [ 36.74627971700005, -1.272541403999924 ], [ 36.747461319000138, -1.272276341999941 ], [ 36.748567581000032, -1.271618604999958 ], [ 36.74962329900012, -1.272030631999939 ], [ 36.750576019000107, -1.272556900999973 ], [ 36.751411438000048, -1.272210120999887 ], [ 36.752227783000194, -1.271741032999955 ], [ 36.752954483000053, -1.271302401999833 ], [ 36.753677368000126, -1.270996450999917 ], [ 36.754538536000155, -1.271062760999882 ], [ 36.755690575000131, -1.271113722999928 ], [ 36.757061958, -1.271089523999876 ], [ 36.757831573000033, -1.270412563999912 ], [ 36.757913589000054, -1.269351422999875 ], [ 36.757891655000037, -1.268474608999895 ], [ 36.758805593000147, -1.268135308999888 ], [ 36.759775162000153, -1.267793893999965 ], [ 36.760456085000101, -1.268306254999914 ], [ 36.761465073000124, -1.267715990999932 ], [ 36.760950089000119, -1.266903817999946 ], [ 36.76022953800009, -1.266072241999893 ], [ 36.759432792999974, -1.265087216999916 ], [ 36.758074443000055, -1.264530459999946 ], [ 36.757225037000126, -1.264487742999961 ], [ 36.756292343000041, -1.264469444999975 ], [ 36.755504608000138, -1.264140009999892 ], [ 36.754232407000131, -1.263316392999968 ], [ 36.753364563000105, -1.262401222999927 ], [ 36.753282547000026, -1.261626600999932 ], [ 36.757816315000184, -1.261238336999952 ], [ 36.763824463000105, -1.260370552999916 ], [ 36.764942169000051, -1.259927510999944 ], [ 36.766689301000156, -1.258653163999952 ], [ 36.767417908000141, -1.25825262099994 ], [ 36.768520355000135, -1.258058428999959 ], [ 36.775133133000168, -1.256938039999966 ], [ 36.778911591000167, -1.256250023999883 ], [ 36.779767990000039, -1.256268202999877 ], [ 36.784634330000188, -1.256980022999869 ], [ 36.787906647000113, -1.257536529999925 ], [ 36.789520264000146, -1.25781571899995 ], [ 36.790962219000164, -1.25815373699993 ], [ 36.792274475000056, -1.258519529999887 ], [ 36.794326782000098, -1.258519529999887 ], [ 36.798683167000036, -1.259114384999918 ], [ 36.802520752000021, -1.263481020999905 ], [ 36.804679871000076, -1.265937327999836 ], [ 36.805529372000137, -1.266920606999918 ], [ 36.80730056800013, -1.268970727999886 ], [ 36.809135437000123, -1.270505904999936 ], [ 36.809959412000183, -1.27095520499995 ], [ 36.810926436999978, -1.271647989999906 ], [ 36.811808692000056, -1.272080745999915 ] ] ] ] } },
{ "type": "Feature", "properties": { "fid": 11, "adm2_name": "Langata", "adm2_name1": null, "adm2_name2": null, "adm2_name3": null, "adm2_pcode": "KE047277", "adm1_name": "Nairobi", "adm1_name1": null, "adm1_name2": null, "adm1_name3": null, "adm1_pcode": "KE047", "adm0_name": "Kenya", "adm0_name1": null, "adm0_name2": null, "adm0_name3": null, "adm0_pcode": "KE", "valid_on": "2019-10-31", "valid_to": null, "area_sqkm": 209.80909658, "cod_versio": "V_01", "lang": "en", "lang1": null, "lang2": null, "lang3": null, "adm2_ref_n": "Langata", "center_lat": -1.36795212, "center_lon": 36.81427782 }, "geometry": { "type": "MultiPolygon", "coordinates": [ [ [ [ 36.730270385999972, -1.299619554999879 ], [ 36.730924606000144, -1.301190196999869 ], [ 36.731197357000042, -1.30594181999993 ], [ 36.735431671000072, -1.30460560299997 ], [ 36.737957001000154, -1.303684830999885 ], [ 36.740039825000167, -1.303512453999929 ], [ 36.742103577000023, -1.303125142999932 ], [ 36.743251800999985, -1.302780746999872 ], [ 36.747425842000155, -1.30109002599994 ], [ 36.747357270000123, -1.303398925999943 ], [ 36.747608185000047, -1.306012808999924 ], [ 36.752704620000088, -1.304678201999934 ], [ 36.755455017000031, -1.309234618999881 ], [ 36.759254456000065, -1.308830141999977 ], [ 36.766588211000169, -1.307846426999959 ], [ 36.768222809000065, -1.311247348999871 ], [ 36.770671844000105, -1.310226916999909 ], [ 36.772541046000185, -1.313919424999824 ], [ 36.773323059000177, -1.313941597999872 ], [ 36.774559021000073, -1.31382930299992 ], [ 36.776007334000099, -1.313798268999903 ], [ 36.777079264000179, -1.313832719999937 ], [ 36.777854920000038, -1.314502775999927 ], [ 36.778366089000144, -1.315094768999927 ], [ 36.779180527000051, -1.315104960999861 ], [ 36.780141195000112, -1.314914464999902 ], [ 36.781040192000148, -1.314819215999933 ], [ 36.782005310000102, -1.314853190999884 ], [ 36.782693863000134, -1.314278303999856 ], [ 36.783395768, -1.31391096099992 ], [ 36.784467697000139, -1.313539474999914 ], [ 36.78588771800014, -1.313580274999936 ], [ 36.787004471000103, -1.313147603999823 ], [ 36.787673950000169, -1.312466441999959 ], [ 36.788422903000026, -1.312094449999904 ], [ 36.789425850000157, -1.312608748999935 ], [ 36.7895132700001, -1.314138193999895 ], [ 36.79046630900018, -1.314560015999973 ], [ 36.791414261000114, -1.315621315999863 ], [ 36.792349498000135, -1.315985997999917 ], [ 36.793312073000095, -1.316732465999962 ], [ 36.794197718000078, -1.317457138999885 ], [ 36.794883728000173, -1.316873668999904 ], [ 36.795746613000063, -1.31667776099988 ], [ 36.796718598000098, -1.316592871999944 ], [ 36.797607422000112, -1.316612481999869 ], [ 36.798835754000152, -1.316325008999911 ], [ 36.79985745700003, -1.315624017999824 ], [ 36.799930572000164, -1.314770936999935 ], [ 36.798885345000087, -1.314063310999927 ], [ 36.798137665000013, -1.313720881999927 ], [ 36.797080040000026, -1.31378960599983 ], [ 36.795794329000103, -1.313328051999918 ], [ 36.794910431000176, -1.312586068999906 ], [ 36.794442749000041, -1.311809944999879 ], [ 36.794166565000069, -1.311061501999973 ], [ 36.794347702000039, -1.309983723999949 ], [ 36.794384003000118, -1.308804991999978 ], [ 36.79435539200017, -1.307776390999948 ], [ 36.796249390000185, -1.308506011999896 ], [ 36.798587799000131, -1.309864639999887 ], [ 36.799598694000053, -1.310749291999969 ], [ 36.800987244000169, -1.312234162999914 ], [ 36.801681519000169, -1.312676548999946 ], [ 36.802471161000142, -1.312929272999952 ], [ 36.80342102100019, -1.312771319999968 ], [ 36.804084778000117, -1.312265872999944 ], [ 36.804653168000073, -1.31144440199995 ], [ 36.805065155000136, -1.309959411999898 ], [ 36.805414527000096, -1.307358086999955 ], [ 36.80600357100019, -1.30637872199992 ], [ 36.806770325, -1.305788874999962 ], [ 36.807590485000048, -1.305599212999937 ], [ 36.808635712000068, -1.305599212999937 ], [ 36.809581757000103, -1.305441379999934 ], [ 36.810436249000134, -1.304998993999902 ], [ 36.811321259000181, -1.304461955999955 ], [ 36.812644958000192, -1.30395638899995 ], [ 36.813564301000099, -1.303482412999927 ], [ 36.814668655, -1.302897989999963 ], [ 36.815773010000157, -1.30278742299987 ], [ 36.816974640000126, -1.303134917999955 ], [ 36.81808090200019, -1.30364048499996 ], [ 36.819156647000113, -1.303450822999878 ], [ 36.820987701000092, -1.302945374999979 ], [ 36.82215499900019, -1.30225026599993 ], [ 36.82275772100013, -1.301365613999906 ], [ 36.82300949100005, -1.300259828999913 ], [ 36.822662354000158, -1.298332452999944 ], [ 36.82215499900019, -1.297511100999941 ], [ 36.823287964000087, -1.297176002999947 ], [ 36.828117371000076, -1.307581424999967 ], [ 36.828948924000031, -1.309335165999926 ], [ 36.830341339000029, -1.311945557999934 ], [ 36.83158493000019, -1.313400148999847 ], [ 36.833637238000165, -1.314784883999948 ], [ 36.837165832999972, -1.316855072999886 ], [ 36.840254723000157, -1.318529793999971 ], [ 36.842063904000156, -1.319704293999905 ], [ 36.849447251000072, -1.324211358999889 ], [ 36.850506282000026, -1.324874644999966 ], [ 36.851818085000161, -1.325628319999964 ], [ 36.851058960000103, -1.326910077999969 ], [ 36.861494064000055, -1.333829223999942 ], [ 36.873050690000014, -1.341034113999854 ], [ 36.881020876000093, -1.34643771199984 ], [ 36.882249833000117, -1.347241520999887 ], [ 36.883145896000087, -1.348266911999929 ], [ 36.88368549300003, -1.348856731999888 ], [ 36.884508133000054, -1.349669574999893 ], [ 36.88953673200001, -1.355414425999868 ], [ 36.892316288000131, -1.358568819999846 ], [ 36.894906998000124, -1.356526016999908 ], [ 36.8958664540001, -1.357612139999901 ], [ 36.900117874000102, -1.362424134999969 ], [ 36.902188318000185, -1.36466865999995 ], [ 36.907416026000192, -1.370333393999886 ], [ 36.913506982000058, -1.370835022999927 ], [ 36.914539337000122, -1.372324704999812 ], [ 36.916229248000036, -1.375328540999931 ], [ 36.920337677000077, -1.383109449999949 ], [ 36.921047211000143, -1.384527921999904 ], [ 36.921443939000085, -1.385821341999929 ], [ 36.921653748000153, -1.387010216999954 ], [ 36.921821594000164, -1.388428687999976 ], [ 36.921913147000055, -1.38962382099993 ], [ 36.921993256000178, -1.390444099999968 ], [ 36.922218323000038, -1.391370057999893 ], [ 36.922718048000092, -1.392016648999856 ], [ 36.923427581999988, -1.392475604999902 ], [ 36.924263, -1.392684220999911 ], [ 36.92511749300013, -1.392454742999973 ], [ 36.925971985000103, -1.391995787999974 ], [ 36.926807404000044, -1.391745447999881 ], [ 36.927745819000165, -1.391873796999846 ], [ 36.928772927000068, -1.392772286999957 ], [ 36.930393219, -1.395062326999948 ], [ 36.931269646000146, -1.396082132999879 ], [ 36.932376862000069, -1.396480679999968 ], [ 36.933628082000041, -1.396397351999951 ], [ 36.934543610000162, -1.396376490999899 ], [ 36.93537902800017, -1.396439074999932 ], [ 36.936281204000181, -1.39673814199989 ], [ 36.936920166000107, -1.397300203999919 ], [ 36.937271119000116, -1.398027419999892 ], [ 36.937839507999968, -1.39877533899994 ], [ 36.938488007000103, -1.399422049999828 ], [ 36.939132690000065, -1.399922728999968 ], [ 36.939987183000142, -1.400307138999949 ], [ 36.940780640000185, -1.400611042999969 ], [ 36.941741944000114, -1.400976180999976 ], [ 36.942568461, -1.40207715899993 ], [ 36.942661285000042, -1.403010010999935 ], [ 36.942967415000169, -1.404185860999974 ], [ 36.943763733000139, -1.404929160999927 ], [ 36.945002874000124, -1.406100173999903 ], [ 36.945392609000123, -1.40747404099983 ], [ 36.946228027000132, -1.413919805999967 ], [ 36.946372986000142, -1.415315865999958 ], [ 36.94651794400005, -1.41673600699994 ], [ 36.946704865000129, -1.418780326999979 ], [ 36.947076798000126, -1.419928013999879 ], [ 36.947891236000146, -1.421497642999896 ], [ 36.94855499300013, -1.422162413999956 ], [ 36.950126648000037, -1.423323749999952 ], [ 36.951698303000114, -1.424017786999968 ], [ 36.952766419000056, -1.424611031999859 ], [ 36.953712464000091, -1.425176858999976 ], [ 36.95483016999998, -1.426156281999909 ], [ 36.955722809000065, -1.427643417999946 ], [ 36.957252502000074, -1.430745005999881 ], [ 36.958278656000061, -1.432982086999971 ], [ 36.958911896000018, -1.434254645999943 ], [ 36.959518433000028, -1.435135483999886 ], [ 36.960197449000077, -1.435971021999933 ], [ 36.961063385000159, -1.436367630999939 ], [ 36.962081909000062, -1.436426877999963 ], [ 36.960784912000122, -1.442147810999927 ], [ 36.959770203000062, -1.441897510999979 ], [ 36.958736420000093, -1.441277563999961 ], [ 36.957519531, -1.43985199899987 ], [ 36.957136154000182, -1.43829011899993 ], [ 36.957015991000105, -1.437296509999896 ], [ 36.956722260000049, -1.436064659999943 ], [ 36.956214905000081, -1.43533861599991 ], [ 36.955572129000188, -1.434898077999947 ], [ 36.954412461000175, -1.434849142999894 ], [ 36.953113556000062, -1.435191750999934 ], [ 36.952217102000134, -1.435567020999883 ], [ 36.951148987000124, -1.435713886999963 ], [ 36.950065613000049, -1.435550689999957 ], [ 36.949378967000087, -1.43514287499994 ], [ 36.948235512000053, -1.433876305999888 ], [ 36.947248458999979, -1.433013617999904 ], [ 36.946367264000173, -1.432515977999969 ], [ 36.945404816000121, -1.431960844999935 ], [ 36.944474538000065, -1.431612014999928 ], [ 36.943529765000164, -1.430831471999909 ], [ 36.942565918000071, -1.430521209999938 ], [ 36.940418243000124, -1.430500506999977 ], [ 36.93135833700012, -1.430459022999912 ], [ 36.923271179000153, -1.426807045999908 ], [ 36.908950806000178, -1.420554875999869 ], [ 36.892333984000174, -1.413346528999966 ], [ 36.889862061000031, -1.41225230699996 ], [ 36.89018249500009, -1.410511970999835 ], [ 36.894374847000051, -1.411015867999936 ], [ 36.89478874200006, -1.41022223199991 ], [ 36.894877116000089, -1.409195939999904 ], [ 36.89373970000014, -1.408526867999967 ], [ 36.892747243000031, -1.407891630999927 ], [ 36.891735077000135, -1.407829284999821 ], [ 36.890727997000113, -1.407501846999821 ], [ 36.890060425000115, -1.406843979999906 ], [ 36.888914109000098, -1.406798719999927 ], [ 36.887935638000044, -1.406368493999935 ], [ 36.887176514000146, -1.406056761999878 ], [ 36.886116028000174, -1.405233621999969 ], [ 36.885440826000035, -1.404809593999971 ], [ 36.884405136000169, -1.4048463499999 ], [ 36.883444786000098, -1.404291986999965 ], [ 36.882484436000027, -1.403897881999967 ], [ 36.881708145000061, -1.403688311999929 ], [ 36.880233765000071, -1.403638481999906 ], [ 36.879224141, -1.403871297999899 ], [ 36.878802300000018, -1.404711364999969 ], [ 36.877571106000119, -1.404699921999963 ], [ 36.876670837000177, -1.404486655999904 ], [ 36.876029968000182, -1.403912305999825 ], [ 36.875041644000078, -1.403816620999976 ], [ 36.873517990000153, -1.404273330999956 ], [ 36.872705460000077, -1.404872238999928 ], [ 36.87153244000018, -1.405241488999934 ], [ 36.870605469000111, -1.40502005799982 ], [ 36.869874954000181, -1.403838514999848 ], [ 36.86979293800016, -1.402189254999882 ], [ 36.869678497000166, -1.401229321999949 ], [ 36.868593216000193, -1.401015966999978 ], [ 36.867119789000185, -1.401844679999897 ], [ 36.865791321000074, -1.401647805999971 ], [ 36.864650727000026, -1.401647805999971 ], [ 36.86363220200019, -1.401655971999901 ], [ 36.862148285000103, -1.400023221999902 ], [ 36.860702515000185, -1.39871036999989 ], [ 36.859325409000121, -1.39785706999993 ], [ 36.85827255200013, -1.397184252999921 ], [ 36.857257843000127, -1.396626352999874 ], [ 36.8561992650001, -1.396232485999974 ], [ 36.855270386000086, -1.396281718999944 ], [ 36.854253769000081, -1.396240710999962 ], [ 36.852834702000166, -1.395584343999815 ], [ 36.85128402700019, -1.395034670999962 ], [ 36.849552155000083, -1.394140302999972 ], [ 36.848331451000149, -1.392589568999938 ], [ 36.847541809000177, -1.390964984999869 ], [ 36.846895218000043, -1.390152691999901 ], [ 36.846115112000177, -1.389947652999979 ], [ 36.845294952000188, -1.389701485999979 ], [ 36.844770432000132, -1.388962983999875 ], [ 36.844253540000125, -1.387674807999872 ], [ 36.844351768000081, -1.386202126999876 ], [ 36.844470024000145, -1.385045199999979 ], [ 36.843465805000051, -1.384384691999969 ], [ 36.842275620000123, -1.384253441999931 ], [ 36.84094619800004, -1.384630858999969 ], [ 36.840181351000126, -1.38559901699989 ], [ 36.83936119100008, -1.385894417999907 ], [ 36.838401794000049, -1.385139584999877 ], [ 36.837656022000147, -1.384573399999965 ], [ 36.836843491000138, -1.384680091999883 ], [ 36.836654663000161, -1.385475933999942 ], [ 36.836475372000166, -1.386293688999899 ], [ 36.835416794000139, -1.386296390999973 ], [ 36.834136963000049, -1.38573032599993 ], [ 36.832904816000109, -1.38540208299986 ], [ 36.830951691000109, -1.38505744899993 ], [ 36.829671860000133, -1.385139524999886 ], [ 36.82883453400018, -1.385451316999934 ], [ 36.827949524000132, -1.385287224999956 ], [ 36.826652527000192, -1.384220599999878 ], [ 36.825553894000166, -1.383564233999948 ], [ 36.824487686000055, -1.383318066999891 ], [ 36.822763443000099, -1.383293449999826 ], [ 36.821948051000106, -1.382604270999934 ], [ 36.821840922000035, -1.381466507999903 ], [ 36.820892334000064, -1.38121759899991 ], [ 36.819961124000145, -1.381028089999973 ], [ 36.820075035000059, -1.379359214999909 ], [ 36.819103241000107, -1.3789201969999 ], [ 36.81815147400016, -1.37906789799996 ], [ 36.816864014000032, -1.379478155999891 ], [ 36.815608978000114, -1.37964230699987 ], [ 36.814682007000044, -1.379863797999917 ], [ 36.814165115000094, -1.380566953999903 ], [ 36.812049866000166, -1.382541894999974 ], [ 36.81153488200016, -1.383158862999949 ], [ 36.81174977600017, -1.384073455999953 ], [ 36.810666084000047, -1.384271531999843 ], [ 36.809909821000076, -1.383552669999972 ], [ 36.809138934000146, -1.383354702999895 ], [ 36.808461189000127, -1.385712235999961 ], [ 36.807036400000129, -1.385997741999915 ], [ 36.806404114000031, -1.386703371999943 ], [ 36.805580139000142, -1.386844485999916 ], [ 36.805506387999969, -1.385718782999959 ], [ 36.805610657000159, -1.38486552199987 ], [ 36.804901123000093, -1.384366631999967 ], [ 36.803981781000061, -1.384793280999929 ], [ 36.803661346000069, -1.385879992999946 ], [ 36.802839279000182, -1.386337398999956 ], [ 36.801597596000022, -1.386132060999955 ], [ 36.80044937200006, -1.385114490999968 ], [ 36.799291611000115, -1.385394512999937 ], [ 36.798244476000093, -1.385469197999896 ], [ 36.797014237000155, -1.385674654999946 ], [ 36.795721054000182, -1.385767966999936 ], [ 36.795444489000147, -1.384610413999894 ], [ 36.795351029000017, -1.383574187999955 ], [ 36.794528961000026, -1.383060693999937 ], [ 36.793727875, -1.382948755999905 ], [ 36.792543412000157, -1.383042096999816 ], [ 36.791646003999972, -1.383938282999964 ], [ 36.790573120000033, -1.384479701999908 ], [ 36.789867400999981, -1.385347872999887 ], [ 36.788879395000151, -1.385666846999925 ], [ 36.787614823000126, -1.384937166999919 ], [ 36.786632538000106, -1.384912251999936 ], [ 36.785760880000112, -1.385746210999912 ], [ 36.78476715100004, -1.386107205999849 ], [ 36.783688545000189, -1.386536568999929 ], [ 36.782686234000096, -1.386766850999891 ], [ 36.781679154000074, -1.386020004999978 ], [ 36.781348229000173, -1.384601055999838 ], [ 36.780152639000164, -1.384123960999887 ], [ 36.779529572000058, -1.384754577999843 ], [ 36.7787036900001, -1.38417786299982 ], [ 36.777925491000133, -1.384582369999976 ], [ 36.77706527700019, -1.38438951899991 ], [ 36.776428223000039, -1.384837388999927 ], [ 36.77560424800015, -1.385497271999895 ], [ 36.774595261000059, -1.38587063499989 ], [ 36.773513794000053, -1.386044918999914 ], [ 36.772603989000174, -1.386505424999939 ], [ 36.771747589000029, -1.38640582599993 ], [ 36.771022797000057, -1.386156916999937 ], [ 36.770122528000115, -1.386041402999979 ], [ 36.769001007000099, -1.386368989999937 ], [ 36.767538071000047, -1.386281683999869 ], [ 36.766096115000096, -1.385956018999934 ], [ 36.765480042000036, -1.384708403999923 ], [ 36.764326096000104, -1.383438765999927 ], [ 36.763116837000155, -1.383473723999884 ], [ 36.761962891000053, -1.382856368999967 ], [ 36.760984421000103, -1.382436989999917 ], [ 36.760215759000118, -1.382227301999876 ], [ 36.759353638000107, -1.382704912999884 ], [ 36.758119583000052, -1.383007763999899 ], [ 36.757244110000158, -1.382832407999956 ], [ 36.756431580000083, -1.382755279999969 ], [ 36.75558471700009, -1.382562279999888 ], [ 36.754501343000186, -1.382292031999839 ], [ 36.753276825000114, -1.38210868799996 ], [ 36.752010345000144, -1.382079719999922 ], [ 36.750940323000066, -1.381954251999957 ], [ 36.750061035000101, -1.382234096999923 ], [ 36.748861313000134, -1.382234125999844 ], [ 36.747592926000095, -1.381384848999915 ], [ 36.74676323, -1.380583881999883 ], [ 36.745931626000129, -1.380419790999895 ], [ 36.744792938000046, -1.379049419999944 ], [ 36.744155884000122, -1.378611921999891 ], [ 36.743288040000095, -1.379010796999864 ], [ 36.742313385000159, -1.379551290999927 ], [ 36.741531372000054, -1.379435419999822 ], [ 36.740760803000114, -1.379030107999938 ], [ 36.739833832000102, -1.378122925999946 ], [ 36.739234924000073, -1.377601861999892 ], [ 36.738376618000132, -1.377099990999966 ], [ 36.737611771000161, -1.377264081999954 ], [ 36.736824036000087, -1.377138614999922 ], [ 36.735916138000107, -1.376849173999972 ], [ 36.734912872000052, -1.376424431999908 ], [ 36.733674367000162, -1.375863193999919 ], [ 36.732883454000046, -1.375152269999887 ], [ 36.731870651000179, -1.374685853999949 ], [ 36.730776787000082, -1.373541533999969 ], [ 36.729711533000057, -1.372926830999972 ], [ 36.729072571000074, -1.37230718099994 ], [ 36.728075028000092, -1.37222393299993 ], [ 36.727102280000054, -1.371477662999894 ], [ 36.726093292000087, -1.370908021999924 ], [ 36.725400289, -1.370138426999915 ], [ 36.72444534300007, -1.369408845999942 ], [ 36.723890305000111, -1.368274420999967 ], [ 36.722784043000104, -1.367629825999927 ], [ 36.722156525, -1.366916854999829 ], [ 36.721215248000021, -1.366745262999927 ], [ 36.720378876000098, -1.366070627999875 ], [ 36.719997406000175, -1.36537110799992 ], [ 36.719476700000087, -1.364771425999947 ], [ 36.718368530000021, -1.364491580999868 ], [ 36.717847824000103, -1.36363202299998 ], [ 36.717098236000083, -1.363342224999826 ], [ 36.716899872000056, -1.362572609999916 ], [ 36.716197968000017, -1.36161315399994 ], [ 36.715599060000045, -1.360733627999878 ], [ 36.715019226000038, -1.360173940999971 ], [ 36.71417999300013, -1.359434365999959 ], [ 36.71335983300014, -1.358714818999943 ], [ 36.712396622000085, -1.357884346999867 ], [ 36.711303711000028, -1.357187985999815 ], [ 36.710052490000123, -1.356355070999882 ], [ 36.708850861000087, -1.355792283999961 ], [ 36.707626343000015, -1.355190634999929 ], [ 36.706443787000069, -1.354200839999919 ], [ 36.705627441000047, -1.353308200999948 ], [ 36.704814911000142, -1.351969062999899 ], [ 36.704135895000093, -1.350882291999881 ], [ 36.703086853000116, -1.35031938599991 ], [ 36.702194214000087, -1.349484920999885 ], [ 36.701087952000194, -1.349484920999885 ], [ 36.696662903000117, -1.349698423999882 ], [ 36.695419312000126, -1.350979327999937 ], [ 36.693702698000038, -1.351109861999873 ], [ 36.692802429000096, -1.350649356999952 ], [ 36.689384460000156, -1.347097873999928 ], [ 36.689228058000026, -1.346069216999979 ], [ 36.688957214000141, -1.344070314999897 ], [ 36.686328888000105, -1.34093600499989 ], [ 36.68593215900006, -1.338383912999973 ], [ 36.685852050999983, -1.337394237999945 ], [ 36.685638428000175, -1.336617946999922 ], [ 36.684883118000016, -1.334832429999892 ], [ 36.684455872000058, -1.334133743999928 ], [ 36.682552338000107, -1.334948896999947 ], [ 36.679325104000043, -1.327054261999933 ], [ 36.678886413999976, -1.325982689999876 ], [ 36.674861908000082, -1.327842592999957 ], [ 36.66906738299997, -1.323598861999926 ], [ 36.672790527000188, -1.321908235999842 ], [ 36.663475037000183, -1.31728506099995 ], [ 36.665987015000042, -1.31216794199986 ], [ 36.670215607000159, -1.303582429999949 ], [ 36.672187805000078, -1.30463790899995 ], [ 36.6731948850001, -1.304940223999949 ], [ 36.67430687000018, -1.304752826999959 ], [ 36.677295685000104, -1.299755334999929 ], [ 36.678290939000192, -1.297938620999957 ], [ 36.684597015000065, -1.298161625999967 ], [ 36.687136650000127, -1.29386666399995 ], [ 36.688156128000116, -1.294281601999899 ], [ 36.688923836000072, -1.294801234999909 ], [ 36.689721426000119, -1.294984658999965 ], [ 36.69110965699997, -1.294847130999869 ], [ 36.691978455000083, -1.295193552999933 ], [ 36.692886353000063, -1.295313238999825 ], [ 36.693678537999972, -1.295025427999974 ], [ 36.694969177000132, -1.295630335999931 ], [ 36.696310044000143, -1.296207307999964 ], [ 36.69750976600011, -1.296681045999946 ], [ 36.69867897, -1.297368764999874 ], [ 36.699642182000161, -1.297896026999979 ], [ 36.70056533800016, -1.298224607999941 ], [ 36.701354981000179, -1.29860669399983 ], [ 36.702476501000092, -1.299890398999821 ], [ 36.703945159999989, -1.301449298999842 ], [ 36.704631805000076, -1.302137016999893 ], [ 36.705471039000031, -1.302503763999937 ], [ 36.706527710000159, -1.302671908999912 ], [ 36.708480835000046, -1.295112609999933 ], [ 36.715873718000012, -1.298704146999967 ], [ 36.717880249000075, -1.299391865999951 ], [ 36.718986511000082, -1.299716591999925 ], [ 36.722263336000083, -1.300535678999893 ], [ 36.723419189000026, -1.300824641999952 ], [ 36.725177765000069, -1.297099351999975 ], [ 36.726961136000114, -1.294223188999979 ], [ 36.73255920400004, -1.293397545999937 ], [ 36.733974457000159, -1.293719887999885 ], [ 36.736373901999968, -1.294427275999965 ], [ 36.737035751000121, -1.295609354999897 ], [ 36.737068176000037, -1.296603321999896 ], [ 36.736999512000068, -1.298000215999934 ], [ 36.730270385999972, -1.299619554999879 ] ] ] ] } },
{ "type": "Feature", "properties": { "fid": 12, "adm2_name": "Makadara", "adm2_name1": null, "adm2_name2": null, "adm2_name3": null, "adm2_pcode": "KE047287", "adm1_name": "Nairobi", "adm1_name1": null, "adm1_name2": null, "adm1_name3": null, "adm1_pcode": "KE047", "adm0_name": "Kenya", "adm0_name1": null, "adm0_name2": null, "adm0_name3": null, "adm0_pcode": "KE", "valid_on": "2019-10-31", "valid_to": null, "area_sqkm": 11.99723439, "cod_versio": "V_01", "lang": "en", "lang1": null, "lang2": null, "lang3": null, "adm2_ref_n": "Makadara", "center_lat": -1.29457182, "center_lon": 36.86337877 }, "geometry": { "type": "MultiPolygon", "coordinates": [ [ [ [ 36.882457733000081, -1.279529571999944 ], [ 36.882844525999985, -1.280939369999885 ], [ 36.883445514000186, -1.283193048999919 ], [ 36.883796165000149, -1.284476362999953 ], [ 36.884067536000146, -1.285401641999954 ], [ 36.885008493999976, -1.288909395999951 ], [ 36.885265350000111, -1.290232478999883 ], [ 36.885729323000021, -1.292383450999978 ], [ 36.885898590000124, -1.293711304999874 ], [ 36.88614273100012, -1.294965266999895 ], [ 36.886749268000131, -1.298141240999939 ], [ 36.886951447000058, -1.299114107999969 ], [ 36.887203217000149, -1.300199508999924 ], [ 36.887645721000126, -1.301738261999958 ], [ 36.887943268000186, -1.30258512499995 ], [ 36.888640621000036, -1.304208013999926 ], [ 36.88771083600011, -1.304794294999851 ], [ 36.886614742, -1.304978301999881 ], [ 36.885772055000189, -1.305820842999879 ], [ 36.884682973000167, -1.306150992999903 ], [ 36.883538845000146, -1.30693642499989 ], [ 36.882205615000146, -1.307849687999976 ], [ 36.881496430000027, -1.308150529999978 ], [ 36.880436732000078, -1.308291863999955 ], [ 36.879253388000052, -1.30822801599993 ], [ 36.878496170000119, -1.308125972999903 ], [ 36.877357787000165, -1.308206271999893 ], [ 36.876216889000091, -1.308891295999899 ], [ 36.87508010900018, -1.309705733999976 ], [ 36.87378126699997, -1.310428237999872 ], [ 36.872732338000162, -1.310889587999952 ], [ 36.871951455000101, -1.310954373999891 ], [ 36.871682975000112, -1.310204688999931 ], [ 36.870540867000102, -1.310330012999941 ], [ 36.869354248000093, -1.30990785299997 ], [ 36.868355805000135, -1.309825443999841 ], [ 36.867381783000042, -1.309851485999957 ], [ 36.866233566000176, -1.310222132999968 ], [ 36.865577080000037, -1.311063771999954 ], [ 36.864113968000083, -1.311595344999887 ], [ 36.862958486000082, -1.311903574999917 ], [ 36.8622934280001, -1.312518704999945 ], [ 36.861486085000024, -1.314023698999904 ], [ 36.860474646000057, -1.314410260999921 ], [ 36.858816783000123, -1.314522623999892 ], [ 36.857727160000138, -1.314925093999875 ], [ 36.856753031999972, -1.314538955999922 ], [ 36.855943219000039, -1.313875776999964 ], [ 36.856583409000052, -1.312990423999963 ], [ 36.857391357000154, -1.312076925999975 ], [ 36.858680725000056, -1.311136126999941 ], [ 36.859569550000174, -1.310464024999931 ], [ 36.860416412000063, -1.309496283999977 ], [ 36.860538483000141, -1.308152198999949 ], [ 36.860401154000044, -1.30691552199994 ], [ 36.860147476000179, -1.305813371999875 ], [ 36.859522729999981, -1.30485081899991 ], [ 36.858200073000091, -1.302856325999926 ], [ 36.856719971000189, -1.300652026999956 ], [ 36.855846405000193, -1.299321352999812 ], [ 36.856000900000083, -1.298294066999972 ], [ 36.854671478000057, -1.298191427999939 ], [ 36.85279464700011, -1.298459410999897 ], [ 36.849952698000095, -1.29889666999992 ], [ 36.848400500000082, -1.299137828999903 ], [ 36.846904755000025, -1.299319862999937 ], [ 36.845710754000095, -1.299333929999875 ], [ 36.844726562, -1.299151658999961 ], [ 36.843395233000081, -1.298368334999907 ], [ 36.842464447000168, -1.297475695999935 ], [ 36.841865540000072, -1.296583055999974 ], [ 36.840461731, -1.294178366999972 ], [ 36.839691604000166, -1.292878186999872 ], [ 36.838925932000052, -1.291585526999938 ], [ 36.838130951000096, -1.290243386999919 ], [ 36.837661743000183, -1.28951275299994 ], [ 36.840188599000157, -1.289560293999955 ], [ 36.841140747000054, -1.289873003999901 ], [ 36.843051910000042, -1.290295958999934 ], [ 36.848690033000139, -1.291577219999965 ], [ 36.850419998000177, -1.291932701999883 ], [ 36.851518530000135, -1.290723910999873 ], [ 36.851649529000042, -1.289770372999953 ], [ 36.851707874000169, -1.288686763999976 ], [ 36.851629112000069, -1.287703068999974 ], [ 36.852884293000102, -1.287186353999914 ], [ 36.854114532000153, -1.286083042999962 ], [ 36.854811351000194, -1.285529970999903 ], [ 36.856002808000085, -1.285359322999909 ], [ 36.857009888000107, -1.284776806999957 ], [ 36.858041763000131, -1.284185468999965 ], [ 36.859005078000166, -1.28364355399998 ], [ 36.85969924900013, -1.283152818999952 ], [ 36.86022949200003, -1.282517313999961 ], [ 36.861259460000156, -1.281740664999916 ], [ 36.862507820000076, -1.281241952999949 ], [ 36.863655090000123, -1.281069874999844 ], [ 36.864515686000118, -1.280843924999886 ], [ 36.866641998000034, -1.285011767999947 ], [ 36.871715546000075, -1.280746697999916 ], [ 36.873924255000077, -1.278678297999932 ], [ 36.875495911000087, -1.281287312999893 ], [ 36.877677916999971, -1.279481529999941 ], [ 36.879165649000186, -1.279600500999948 ], [ 36.880496978999986, -1.279679893999855 ], [ 36.879989624000018, -1.278589844999885 ], [ 36.879592896000077, -1.277896284999883 ], [ 36.879125595000062, -1.276955126999894 ], [ 36.878691673000048, -1.275758653999958 ], [ 36.880546570000092, -1.274863957999912 ], [ 36.881652832000157, -1.274634420999917 ], [ 36.88198089600013, -1.276786326999968 ], [ 36.882258341000068, -1.278256025999895 ], [ 36.882457733000081, -1.279529571999944 ] ] ] ] } },
{ "type": "Feature", "properties": { "fid": 13, "adm2_name": "Mathare", "adm2_name1": null, "adm2_name2": null, "adm2_name3": null, "adm2_pcode": "KE047290", "adm1_name": "Nairobi", "adm1_name1": null, "adm1_name2": null, "adm1_name3": null, "adm1_pcode": "KE047", "adm0_name": "Kenya", "adm0_name1": null, "adm0_name2": null, "adm0_name3": null, "adm0_pcode": "KE", "valid_on": "2019-10-31", "valid_to": null, "area_sqkm": 2.90283576, "cod_versio": "V_01", "lang": "en", "lang1": null, "lang2": null, "lang3": null, "adm2_ref_n": "Mathare", "center_lat": -1.25594747, "center_lon": 36.87049393 }, "geometry": { "type": "MultiPolygon", "coordinates": [ [ [ [ 36.877769470000032, -1.249861955999961 ], [ 36.878261566000049, -1.259923457999889 ], [ 36.875175476000152, -1.259980201999952 ], [ 36.873493195000151, -1.259646534999888 ], [ 36.872035980000078, -1.259357571999942 ], [ 36.868972779000046, -1.258994340999948 ], [ 36.865295410000158, -1.260032176999914 ], [ 36.861507416000109, -1.261195897999926 ], [ 36.859279633000028, -1.262096702999941 ], [ 36.858430862000091, -1.26322954799997 ], [ 36.856090546000075, -1.263601779999931 ], [ 36.851455688000101, -1.26362383399993 ], [ 36.85022163400015, -1.263699650999968 ], [ 36.848482132000072, -1.263864933999969 ], [ 36.847591400000113, -1.264043330999868 ], [ 36.843048096000075, -1.265022396999882 ], [ 36.841899872000113, -1.26200199099992 ], [ 36.841041565000069, -1.261921286999893 ], [ 36.840065003000063, -1.261847852999949 ], [ 36.839029312000093, -1.261745034999876 ], [ 36.83786265100008, -1.262082814999928 ], [ 36.837076568000157, -1.261885928999902 ], [ 36.838113785000075, -1.26106101299996 ], [ 36.839283943000112, -1.260963320999963 ], [ 36.840541840000185, -1.259904980999977 ], [ 36.840881348000039, -1.259139656999878 ], [ 36.841816766000136, -1.257959620999941 ], [ 36.842971802000136, -1.257877110999971 ], [ 36.846170426000128, -1.256293176999975 ], [ 36.850658035000095, -1.256364964999875 ], [ 36.851825714000142, -1.257350921999944 ], [ 36.852905273000033, -1.257958292999831 ], [ 36.854187012000125, -1.259218096999973 ], [ 36.855760575000033, -1.260590254999897 ], [ 36.856863022000027, -1.260421573999963 ], [ 36.857875824000189, -1.260477780999906 ], [ 36.858945211000105, -1.260455448999949 ], [ 36.859836579000103, -1.25970065599995 ], [ 36.860946656000067, -1.258845507999979 ], [ 36.861063004000073, -1.257559060999938 ], [ 36.861640930000135, -1.2567260269999 ], [ 36.862506867000093, -1.256188272999907 ], [ 36.86333465600012, -1.255706667999959 ], [ 36.863887787000124, -1.255059897999899 ], [ 36.864784241000052, -1.254891156999975 ], [ 36.865818024000077, -1.254764675999979 ], [ 36.866725922000057, -1.254595994999875 ], [ 36.867546082000047, -1.254216432999954 ], [ 36.868602753000175, -1.253784000999929 ], [ 36.869422913000164, -1.253119706999939 ], [ 36.869981766000137, -1.252086400999929 ], [ 36.870899200000167, -1.251727818999882 ], [ 36.871753693000073, -1.251611827999966 ], [ 36.873271943000134, -1.250268160999838 ], [ 36.874526978000119, -1.249829768999973 ], [ 36.875751496000191, -1.249713777999887 ], [ 36.876394272000084, -1.248596101999965 ], [ 36.876405716000136, -1.247351824999953 ], [ 36.877306196000063, -1.246514372999911 ], [ 36.877769470000032, -1.249861955999961 ] ] ] ] } },
{ "type": "Feature", "properties": { "fid": 14, "adm2_name": "Roysambu", "adm2_name1": null, "adm2_name2": null, "adm2_name3": null, "adm2_pcode": "KE047279", "adm1_name": "Nairobi", "adm1_name1": null, "adm1_name2": null, "adm1_name3": null, "adm1_pcode": "KE047", "adm0_name": "Kenya", "adm0_name1": null, "adm0_name2": null, "adm0_name3": null, "adm0_pcode": "KE", "valid_on": "2019-10-31", "valid_to": null, "area_sqkm": 48.10435805, "cod_versio": "V_01", "lang": "en", "lang1": null, "lang2": null, "lang3": null, "adm2_ref_n": "Roysambu", "center_lat": -1.20801234, "center_lon": 36.87854203 }, "geometry": { "type": "MultiPolygon", "coordinates": [ [ [ [ 36.941638402000081, -1.173297830999957 ], [ 36.940837860000102, -1.174196004999942 ], [ 36.940209707000065, -1.175067106999961 ], [ 36.939365387, -1.17619772799992 ], [ 36.93151664700008, -1.184653698999966 ], [ 36.930637360000048, -1.18559789699998 ], [ 36.925918579000154, -1.190488218999974 ], [ 36.921760559000177, -1.194939255999941 ], [ 36.92063328800009, -1.196146031999945 ], [ 36.919963837000012, -1.196862697999904 ], [ 36.917194366000103, -1.199828028999946 ], [ 36.916145325000116, -1.201242267999817 ], [ 36.915447235000102, -1.202012896999975 ], [ 36.914440155000079, -1.202944397999943 ], [ 36.912433624000016, -1.205048083999941 ], [ 36.911743164000086, -1.205729245999976 ], [ 36.911060333000194, -1.206424235999918 ], [ 36.91026687599998, -1.206795691999957 ], [ 36.907657623000034, -1.20791006099995 ], [ 36.903556824000077, -1.209168314999943 ], [ 36.901424408000025, -1.209959148999928 ], [ 36.899593353000171, -1.210570215999951 ], [ 36.897651672000165, -1.211157440999955 ], [ 36.89592552199997, -1.211918293999929 ], [ 36.894248962000177, -1.213494061999938 ], [ 36.889656067000033, -1.217331528999921 ], [ 36.885833740000066, -1.221387028999914 ], [ 36.883934021000186, -1.223068952999938 ], [ 36.88175392200003, -1.224579512999924 ], [ 36.879684448000035, -1.226058959999932 ], [ 36.875511169000106, -1.229267119999918 ], [ 36.872749329000044, -1.231567620999954 ], [ 36.871959686000025, -1.232226013999878 ], [ 36.870166779000044, -1.234110474999909 ], [ 36.869213649000073, -1.236026967999862 ], [ 36.866973877000191, -1.240604519999977 ], [ 36.866062164000027, -1.241944610999838 ], [ 36.864219666000167, -1.243905901999938 ], [ 36.857505798000091, -1.251350044999924 ], [ 36.854969025000059, -1.253872990999923 ], [ 36.852695465000068, -1.255414723999877 ], [ 36.851894379000044, -1.255705415999955 ], [ 36.850658035000095, -1.256364964999875 ], [ 36.846170426000128, -1.256293176999975 ], [ 36.842971802000136, -1.257877110999971 ], [ 36.841816766000136, -1.257959620999941 ], [ 36.841857910000158, -1.256827592999969 ], [ 36.842445374000135, -1.254499196999973 ], [ 36.844757080000079, -1.249435424999945 ], [ 36.846263886000031, -1.246439396999961 ], [ 36.846117020000122, -1.245446204999837 ], [ 36.84558868400012, -1.244746088999818 ], [ 36.844839096000101, -1.243964552999898 ], [ 36.84368515, -1.241277932999935 ], [ 36.84361648600003, -1.240301012999907 ], [ 36.843307495000147, -1.23771202599994 ], [ 36.842739105000192, -1.232648252999979 ], [ 36.842226029000187, -1.229701101999865 ], [ 36.841747284000064, -1.228968381999891 ], [ 36.840953827000078, -1.228183864999892 ], [ 36.840213776000041, -1.227258800999948 ], [ 36.839076996000131, -1.224962949999963 ], [ 36.837665558000026, -1.222148298999969 ], [ 36.836830139000085, -1.221006273999876 ], [ 36.835670471000071, -1.219703673999902 ], [ 36.834476471000073, -1.21790450799989 ], [ 36.834897995000119, -1.214884161999919 ], [ 36.834564209, -1.213614105999909 ], [ 36.834037018, -1.212483023999937 ], [ 36.831207275000111, -1.207214951999902 ], [ 36.83067703200004, -1.20578491699996 ], [ 36.830261230000076, -1.20481622199992 ], [ 36.830254873000172, -1.203808982999931 ], [ 36.831371307000154, -1.204078077999952 ], [ 36.831993103000116, -1.204608559999883 ], [ 36.83290290900004, -1.205577313999925 ], [ 36.833421708000117, -1.207168876999901 ], [ 36.834114075000116, -1.207768558999874 ], [ 36.83536148100012, -1.208206891999907 ], [ 36.836421967000092, -1.208299040999975 ], [ 36.837226868000187, -1.20836830099995 ], [ 36.837989807000156, -1.208114623999904 ], [ 36.838703156000122, -1.207676290999871 ], [ 36.839141846000132, -1.207007407999868 ], [ 36.845302582000102, -1.209590792999904 ], [ 36.849246979000043, -1.211320757999886 ], [ 36.849418640000124, -1.210209726999892 ], [ 36.850051880000137, -1.206130980999944 ], [ 36.851091385000075, -1.200508683999942 ], [ 36.852453232000187, -1.200006961999918 ], [ 36.853731156000094, -1.19977629199991 ], [ 36.854850770000155, -1.199441909999962 ], [ 36.855772017999982, -1.199245809999923 ], [ 36.857078553000179, -1.19954979399995 ], [ 36.858205796000107, -1.200133799999946 ], [ 36.859498977999976, -1.200572072999876 ], [ 36.860111237000126, -1.198542355999962 ], [ 36.861080170000093, -1.194528936999973 ], [ 36.863210678000144, -1.18792056999996 ], [ 36.864446640000097, -1.188773988999969 ], [ 36.865369161000103, -1.189139206999926 ], [ 36.865873337000096, -1.190304000999902 ], [ 36.866983413000128, -1.190699994999932 ], [ 36.868344307000086, -1.191282420999869 ], [ 36.869578362000141, -1.192187755999896 ], [ 36.870605469000111, -1.192672073999915 ], [ 36.87156772600008, -1.193041145999928 ], [ 36.872621536000054, -1.193686961999958 ], [ 36.873626709000177, -1.193813800999976 ], [ 36.874540965000165, -1.193636992999927 ], [ 36.876392365000015, -1.193906068999979 ], [ 36.878261566000049, -1.193975328999954 ], [ 36.879806519000056, -1.193906068999979 ], [ 36.881675720000089, -1.193859934999978 ], [ 36.883211136000114, -1.193617819999929 ], [ 36.884408951000012, -1.193490981999901 ], [ 36.885782242000062, -1.193479417999924 ], [ 36.88698005700013, -1.193156479999971 ], [ 36.887809753000056, -1.192614435999928 ], [ 36.888412476000099, -1.191991686999927 ], [ 36.88932800300006, -1.191316991999884 ], [ 36.890508652000165, -1.190699934999884 ], [ 36.891571045000035, -1.190907597999967 ], [ 36.892816544000141, -1.191322743999933 ], [ 36.893856049000078, -1.191230535999921 ], [ 36.894615173000034, -1.190907597999967 ], [ 36.895689011000059, -1.190423189999933 ], [ 36.89676284799998, -1.190330981999921 ], [ 36.897567749000075, -1.190330981999921 ], [ 36.898418427000138, -1.190366327999925 ], [ 36.897863388000133, -1.189366935999942 ], [ 36.896806717000175, -1.188483356999939 ], [ 36.896110535000105, -1.187560080999901 ], [ 36.895008087, -1.185492991999922 ], [ 36.896029473000169, -1.183985977999953 ], [ 36.895126343000015, -1.182869552999932 ], [ 36.894803047000096, -1.181520401999876 ], [ 36.894306183000026, -1.180607278999901 ], [ 36.893474579000156, -1.179391264999936 ], [ 36.891487122000115, -1.176624655999888 ], [ 36.890636444000052, -1.175314902999958 ], [ 36.890132904000154, -1.174462794999897 ], [ 36.889595032000045, -1.173579096999958 ], [ 36.88916778600003, -1.172821640999928 ], [ 36.888687134000065, -1.172111629999961 ], [ 36.888002396000104, -1.171354114999815 ], [ 36.892910004000044, -1.167598485999918 ], [ 36.893552781000039, -1.166848778999963 ], [ 36.894485474000021, -1.165199994999966 ], [ 36.896957398000097, -1.160158693999961 ], [ 36.897469521000119, -1.158210038999925 ], [ 36.89872932500009, -1.158824860999914 ], [ 36.899684906000175, -1.15863287399992 ], [ 36.900527954000154, -1.15815480599997 ], [ 36.901628494000079, -1.158006428999954 ], [ 36.90317026800011, -1.15797710399994 ], [ 36.905422211000143, -1.158976554999924 ], [ 36.906681061000029, -1.15925633899991 ], [ 36.907993317000091, -1.15937852899998 ], [ 36.909374237000122, -1.159238695999932 ], [ 36.910722733000171, -1.159016071999929 ], [ 36.911627452000118, -1.15907208099992 ], [ 36.912485123000124, -1.159212588999935 ], [ 36.913524628000062, -1.159098982999922 ], [ 36.914756775000171, -1.159098982999922 ], [ 36.915798187000178, -1.159046530999944 ], [ 36.916576385000042, -1.15916883899996 ], [ 36.917396545000088, -1.159413575999963 ], [ 36.918235779000042, -1.159588455999938 ], [ 36.919075012000121, -1.159868120999874 ], [ 36.919932047000088, -1.160176952999961 ], [ 36.920461655, -1.161711394999827 ], [ 36.920980454000016, -1.162411629999951 ], [ 36.922178269000142, -1.1630671019999 ], [ 36.923027038999976, -1.163102149999872 ], [ 36.924146652000161, -1.163400738999883 ], [ 36.924942016999978, -1.164436458999944 ], [ 36.92521858200007, -1.16536587399986 ], [ 36.925961304000054, -1.165645479999966 ], [ 36.92700386100006, -1.166500537999866 ], [ 36.927875519000054, -1.166633247999926 ], [ 36.92874654100018, -1.166400193999891 ], [ 36.929857254000183, -1.166315733999852 ], [ 36.930946350000056, -1.16649341599998 ], [ 36.933401108000112, -1.167380093999896 ], [ 36.934474945000034, -1.168014287999881 ], [ 36.93672943100006, -1.169185399999947 ], [ 36.938024521000102, -1.16966617099996 ], [ 36.938949585000103, -1.170129417999931 ], [ 36.939472199000193, -1.170847713999933 ], [ 36.940289815000142, -1.171802043999946 ], [ 36.941196442000091, -1.172611832999962 ], [ 36.941638402000081, -1.173297830999957 ] ] ] ] } },
{ "type": "Feature", "properties": { "fid": 15, "adm2_name": "Ruaraka", "adm2_name1": null, "adm2_name2": null, "adm2_name3": null, "adm2_pcode": "KE047281", "adm1_name": "Nairobi", "adm1_name1": null, "adm1_name2": null, "adm1_name3": null, "adm1_pcode": "KE047", "adm0_name": "Kenya", "adm0_name1": null, "adm0_name2": null, "adm0_name3": null, "adm0_pcode": "KE", "valid_on": "2019-10-31", "valid_to": null, "area_sqkm": 7.17967253, "cod_versio": "V_01", "lang": "en", "lang1": null, "lang2": null, "lang3": null, "adm2_ref_n": "Ruaraka", "center_lat": -1.24575497, "center_lon": 36.87807589 }, "geometry": { "type": "MultiPolygon", "coordinates": [ [ [ [ 36.906332016000192, -1.231870829999878 ], [ 36.907233429000087, -1.232400202999884 ], [ 36.908320109000101, -1.23273912999997 ], [ 36.9091014870001, -1.233061849999842 ], [ 36.909861247000094, -1.233356713999967 ], [ 36.910940170000117, -1.234399079999889 ], [ 36.911277771000073, -1.23530355399987 ], [ 36.910299301000123, -1.23568552699993 ], [ 36.909437180000111, -1.235995112999888 ], [ 36.90861511200012, -1.235733985999957 ], [ 36.907842636000169, -1.235434054999928 ], [ 36.906854248000059, -1.235552071999905 ], [ 36.906070709000176, -1.235956429999874 ], [ 36.905316353000103, -1.236464380999905 ], [ 36.904388428000175, -1.236546575999967 ], [ 36.903545380000025, -1.23621765799993 ], [ 36.90270328600019, -1.236860990999958 ], [ 36.901812235000079, -1.237288315999933 ], [ 36.90165583300012, -1.238159020999944 ], [ 36.901583481000159, -1.239273515999969 ], [ 36.900363922000054, -1.239197432999902 ], [ 36.89946060200009, -1.239607 ], [ 36.898736954000071, -1.240406691999965 ], [ 36.897567749000075, -1.240842043999919 ], [ 36.896675110000047, -1.240938782999933 ], [ 36.895696322000049, -1.24146766399997 ], [ 36.89567432399997, -1.242859184999929 ], [ 36.894672394000054, -1.243421951999949 ], [ 36.894550323000146, -1.244179784999858 ], [ 36.894045194, -1.245508372999893 ], [ 36.89288902300018, -1.246148496999922 ], [ 36.892322540000123, -1.247386872999925 ], [ 36.892992020000122, -1.24942338399984 ], [ 36.892778397000086, -1.250158607999936 ], [ 36.892058055000177, -1.250722964999966 ], [ 36.89094924900013, -1.250995456999874 ], [ 36.890077591000079, -1.251367925999887 ], [ 36.889353752000147, -1.252040326999918 ], [ 36.885879516000102, -1.246611674999883 ], [ 36.884933472000171, -1.246087987999829 ], [ 36.883956909000119, -1.246504842999855 ], [ 36.883203507000133, -1.246802329999866 ], [ 36.882083893000015, -1.246405779999918 ], [ 36.880832672000167, -1.246001570999965 ], [ 36.880191803000173, -1.246794700999942 ], [ 36.879322052000077, -1.246687947999817 ], [ 36.87854894000003, -1.246265967999875 ], [ 36.877306196000063, -1.246514372999911 ], [ 36.876405716000136, -1.247351824999953 ], [ 36.876394272000084, -1.248596101999965 ], [ 36.875751496000191, -1.249713777999887 ], [ 36.874526978000119, -1.249829768999973 ], [ 36.873271943000134, -1.250268160999838 ], [ 36.871753693000073, -1.251611827999966 ], [ 36.870899200000167, -1.251727818999882 ], [ 36.869981766000137, -1.252086400999929 ], [ 36.869422913000164, -1.253119706999939 ], [ 36.868602753000175, -1.253784000999929 ], [ 36.867546082000047, -1.254216432999954 ], [ 36.866725922000057, -1.254595994999875 ], [ 36.865818024000077, -1.254764675999979 ], [ 36.864784241000052, -1.254891156999975 ], [ 36.863887787000124, -1.255059897999899 ], [ 36.86333465600012, -1.255706667999959 ], [ 36.862506867000093, -1.256188272999907 ], [ 36.861640930000135, -1.2567260269999 ], [ 36.861063004000073, -1.257559060999938 ], [ 36.860946656000067, -1.258845507999979 ], [ 36.859836579000103, -1.25970065599995 ], [ 36.858945211000105, -1.260455448999949 ], [ 36.857875824000189, -1.260477780999906 ], [ 36.856863022000027, -1.260421573999963 ], [ 36.855760575000033, -1.260590254999897 ], [ 36.854187012000125, -1.259218096999973 ], [ 36.852905273000033, -1.257958292999831 ], [ 36.851825714000142, -1.257350921999944 ], [ 36.850658035000095, -1.256364964999875 ], [ 36.851894379000044, -1.255705415999955 ], [ 36.852695465000068, -1.255414723999877 ], [ 36.854969025000059, -1.253872990999923 ], [ 36.857505798000091, -1.251350044999924 ], [ 36.864219666000167, -1.243905901999938 ], [ 36.866062164000027, -1.241944610999838 ], [ 36.866973877000191, -1.240604519999977 ], [ 36.869213649000073, -1.236026967999862 ], [ 36.87023544300007, -1.236070572999893 ], [ 36.871017456, -1.236317594999946 ], [ 36.872044033000122, -1.236689076999937 ], [ 36.873146820000159, -1.237103628999932 ], [ 36.873725255000181, -1.237861036999902 ], [ 36.874464671000055, -1.238223194999932 ], [ 36.875211716000138, -1.237931608999872 ], [ 36.875507354999968, -1.237064241999974 ], [ 36.876202584000055, -1.236438333999956 ], [ 36.877549012000088, -1.236990883999965 ], [ 36.878934097000183, -1.237019466999925 ], [ 36.879776764000042, -1.236562036999885 ], [ 36.880775070000027, -1.236780452999938 ], [ 36.881479264000177, -1.236248909999915 ], [ 36.882517242000119, -1.235293054999886 ], [ 36.88359642000006, -1.235032796999917 ], [ 36.884534836000057, -1.234834342999932 ], [ 36.885725021000042, -1.234273641999835 ], [ 36.887006760000133, -1.234747289999916 ], [ 36.888149261000081, -1.235144257999934 ], [ 36.889236450000055, -1.235367178999979 ], [ 36.890628815000071, -1.235534279999968 ], [ 36.891470591000086, -1.235590060999925 ], [ 36.893683434000138, -1.235388039999918 ], [ 36.894241333000025, -1.234820424999953 ], [ 36.895117951000032, -1.234319662999894 ], [ 36.896090190000109, -1.233610887999873 ], [ 36.896711077000077, -1.232841951999944 ], [ 36.897061920000056, -1.231996225999978 ], [ 36.89799499500009, -1.23234909699994 ], [ 36.899352265000118, -1.232818054999939 ], [ 36.900255203000029, -1.232226072999879 ], [ 36.901298612000119, -1.232451449999871 ], [ 36.902072907000161, -1.23257777099991 ], [ 36.90317630800007, -1.231745480999905 ], [ 36.904100418000155, -1.231446027999823 ], [ 36.904865265000069, -1.231146513999818 ], [ 36.905770620000112, -1.231188296999903 ], [ 36.906332016000192, -1.231870829999878 ] ] ] ] } },
{ "type": "Feature", "properties": { "fid": 16, "adm2_name": "Starehe", "adm2_name1": null, "adm2_name2": null, "adm2_name3": null, "adm2_pcode": "KE047289", "adm1_name": "Nairobi", "adm1_name1": null, "adm1_name2": null, "adm1_name3": null, "adm1_pcode": "KE047", "adm0_name": "Kenya", "adm0_name1": null, "adm0_name2": null, "adm0_name3": null, "adm0_pcode": "KE", "valid_on": "2019-10-31", "valid_to": null, "area_sqkm": 16.83635222, "cod_versio": "V_01", "lang": "en", "lang1": null, "lang2": null, "lang3": null, "adm2_ref_n": "Starehe", "center_lat": -1.28990184, "center_lon": 36.82862377 }, "geometry": { "type": "MultiPolygon", "coordinates": [ [ [ [ 36.841899872000113, -1.26200199099992 ], [ 36.843048096000075, -1.265022396999882 ], [ 36.843372345000148, -1.266913651999971 ], [ 36.84575271600005, -1.277817725999967 ], [ 36.84377288800016, -1.277886509999973 ], [ 36.843713163000132, -1.279254098999957 ], [ 36.843606949000048, -1.280519663999883 ], [ 36.842838287, -1.28071224699994 ], [ 36.840906429000029, -1.281090459999859 ], [ 36.839969635000159, -1.281797408999978 ], [ 36.839204788000018, -1.282293378999896 ], [ 36.838160005000191, -1.282620424999948 ], [ 36.838684258000114, -1.283199948999936 ], [ 36.839007830000071, -1.284159668999962 ], [ 36.837955475000115, -1.284368991999941 ], [ 36.837017059000118, -1.284368991999941 ], [ 36.835907377000126, -1.283955105999894 ], [ 36.834810893, -1.283451119999938 ], [ 36.833978825000088, -1.283238963999906 ], [ 36.831549050000035, -1.283424752999906 ], [ 36.835743631000071, -1.285002887999838 ], [ 36.838084685000183, -1.285878733999937 ], [ 36.839561086, -1.286602545999926 ], [ 36.840208054000072, -1.287274658999934 ], [ 36.84041595500014, -1.288125872999956 ], [ 36.840188599000157, -1.289560293999955 ], [ 36.837661743000183, -1.28951275299994 ], [ 36.838130951000096, -1.290243386999919 ], [ 36.838925932000052, -1.291585526999938 ], [ 36.839691604000166, -1.292878186999872 ], [ 36.840461731, -1.294178366999972 ], [ 36.841865540000072, -1.296583055999974 ], [ 36.842464447000168, -1.297475695999935 ], [ 36.843395233000081, -1.298368334999907 ], [ 36.844726562, -1.299151658999961 ], [ 36.845710754000095, -1.299333929999875 ], [ 36.846904755000025, -1.299319862999937 ], [ 36.848400500000082, -1.299137828999903 ], [ 36.849952698000095, -1.29889666999992 ], [ 36.85279464700011, -1.298459410999897 ], [ 36.854671478000057, -1.298191427999939 ], [ 36.856000900000083, -1.298294066999972 ], [ 36.855846405000193, -1.299321352999812 ], [ 36.856719971000189, -1.300652026999956 ], [ 36.858200073000091, -1.302856325999926 ], [ 36.859522729999981, -1.30485081899991 ], [ 36.860147476000179, -1.305813371999875 ], [ 36.860401154000044, -1.30691552199994 ], [ 36.860538483000141, -1.308152198999949 ], [ 36.860416412000063, -1.309496283999977 ], [ 36.859569550000174, -1.310464024999931 ], [ 36.858680725000056, -1.311136126999941 ], [ 36.857391357000154, -1.312076925999975 ], [ 36.856583409000052, -1.312990423999963 ], [ 36.855943219000039, -1.313875776999964 ], [ 36.854799271000047, -1.313789784999926 ], [ 36.85373043400017, -1.314143801999933 ], [ 36.852264358000014, -1.31382323899993 ], [ 36.851342280000097, -1.314416688999927 ], [ 36.850529202000189, -1.31458454899996 ], [ 36.849360466000121, -1.315011441999957 ], [ 36.848222733, -1.315674503999901 ], [ 36.847550018000049, -1.316694232999907 ], [ 36.846359128000131, -1.316905482999971 ], [ 36.845302903, -1.317412607999927 ], [ 36.844083786000112, -1.317762533999939 ], [ 36.843168894000087, -1.317674835999867 ], [ 36.842377734000024, -1.3176409269999 ], [ 36.841375090000042, -1.318078882999885 ], [ 36.840254723000157, -1.318529793999971 ], [ 36.837165832999972, -1.316855072999886 ], [ 36.833637238000165, -1.314784883999948 ], [ 36.83158493000019, -1.313400148999847 ], [ 36.830341339000029, -1.311945557999934 ], [ 36.828948924000031, -1.309335165999926 ], [ 36.828117371000076, -1.307581424999967 ], [ 36.823287964000087, -1.297176002999947 ], [ 36.822734833000027, -1.295637607999936 ], [ 36.821773529000097, -1.293927788999952 ], [ 36.821208954000156, -1.292954205999933 ], [ 36.820373535000044, -1.291518568999891 ], [ 36.819675446000133, -1.290576457999919 ], [ 36.815872192000029, -1.283019303999936 ], [ 36.814231873000097, -1.279475450999882 ], [ 36.813508987000148, -1.277843057999917 ], [ 36.813240051000093, -1.276409387999877 ], [ 36.813064575000169, -1.275384664999933 ], [ 36.812717438000107, -1.274394750999875 ], [ 36.812248230000193, -1.273439526999823 ], [ 36.811808692000056, -1.272080745999915 ], [ 36.812883377000105, -1.270860313999947 ], [ 36.81375885000017, -1.270539044999907 ], [ 36.813793182000154, -1.269201755999916 ], [ 36.814159393000182, -1.268229126999927 ], [ 36.815200806000064, -1.267065405999915 ], [ 36.816989899000077, -1.266874432999941 ], [ 36.819683075000114, -1.266622542999869 ], [ 36.822566986000083, -1.266440152999962 ], [ 36.827167511000141, -1.265893101999893 ], [ 36.831699371000127, -1.26486837899995 ], [ 36.833606720000148, -1.264370679999956 ], [ 36.835330963000047, -1.262966036999842 ], [ 36.837076568000157, -1.261885928999902 ], [ 36.83786265100008, -1.262082814999928 ], [ 36.839029312000093, -1.261745034999876 ], [ 36.840065003000063, -1.261847852999949 ], [ 36.841041565000069, -1.261921286999893 ], [ 36.841899872000113, -1.26200199099992 ] ] ] ] } },
{ "type": "Feature", "properties": { "fid": 17, "adm2_name": "Westlands", "adm2_name1": null, "adm2_name2": null, "adm2_name3": null, "adm2_pcode": "KE047274", "adm1_name": "Nairobi", "adm1_name1": null, "adm1_name2": null, "adm1_name3": null, "adm1_pcode": "KE047", "adm0_name": "Kenya", "adm0_name1": null, "adm0_name2": null, "adm0_name3": null, "adm0_pcode": "KE", "valid_on": "2019-10-31", "valid_to": null, "area_sqkm": 72.70426971000001, "cod_versio": "V_01", "lang": "en", "lang1": null, "lang2": null, "lang3": null, "adm2_ref_n": "Westlands", "center_lat": -1.23206086, "center_lon": 36.79537519 }, "geometry": { "type": "MultiPolygon", "coordinates": [ [ [ [ 36.798702240000125, -1.192913293999879 ], [ 36.802078247000111, -1.194696664999924 ], [ 36.825420380000082, -1.207663773999911 ], [ 36.834037018, -1.212483023999937 ], [ 36.834564209, -1.213614105999909 ], [ 36.834897995000119, -1.214884161999919 ], [ 36.834476471000073, -1.21790450799989 ], [ 36.835670471000071, -1.219703673999902 ], [ 36.836830139000085, -1.221006273999876 ], [ 36.837665558000026, -1.222148298999969 ], [ 36.839076996000131, -1.224962949999963 ], [ 36.840213776000041, -1.227258800999948 ], [ 36.840953827000078, -1.228183864999892 ], [ 36.841747284000064, -1.228968381999891 ], [ 36.842226029000187, -1.229701101999865 ], [ 36.842739105000192, -1.232648252999979 ], [ 36.843307495000147, -1.23771202599994 ], [ 36.84361648600003, -1.240301012999907 ], [ 36.84368515, -1.241277932999935 ], [ 36.844839096000101, -1.243964552999898 ], [ 36.84558868400012, -1.244746088999818 ], [ 36.846117020000122, -1.245446204999837 ], [ 36.846263886000031, -1.246439396999961 ], [ 36.844757080000079, -1.249435424999945 ], [ 36.842445374000135, -1.254499196999973 ], [ 36.841857910000158, -1.256827592999969 ], [ 36.841816766000136, -1.257959620999941 ], [ 36.840881348000039, -1.259139656999878 ], [ 36.840541840000185, -1.259904980999977 ], [ 36.839283943000112, -1.260963320999963 ], [ 36.838113785000075, -1.26106101299996 ], [ 36.837076568000157, -1.261885928999902 ], [ 36.835330963000047, -1.262966036999842 ], [ 36.833606720000148, -1.264370679999956 ], [ 36.831699371000127, -1.26486837899995 ], [ 36.827167511000141, -1.265893101999893 ], [ 36.822566986000083, -1.266440152999962 ], [ 36.819683075000114, -1.266622542999869 ], [ 36.816989899000077, -1.266874432999941 ], [ 36.815200806000064, -1.267065405999915 ], [ 36.814159393000182, -1.268229126999927 ], [ 36.813793182000154, -1.269201755999916 ], [ 36.81375885000017, -1.270539044999907 ], [ 36.812883377000105, -1.270860313999947 ], [ 36.811808692000056, -1.272080745999915 ], [ 36.810926436999978, -1.271647989999906 ], [ 36.809959412000183, -1.27095520499995 ], [ 36.809135437000123, -1.270505904999936 ], [ 36.80730056800013, -1.268970727999886 ], [ 36.805529372000137, -1.266920606999918 ], [ 36.804679871000076, -1.265937327999836 ], [ 36.802520752000021, -1.263481020999905 ], [ 36.798683167000036, -1.259114384999918 ], [ 36.794326782000098, -1.258519529999887 ], [ 36.792274475000056, -1.258519529999887 ], [ 36.790962219000164, -1.25815373699993 ], [ 36.789520264000146, -1.25781571899995 ], [ 36.787906647000113, -1.257536529999925 ], [ 36.784634330000188, -1.256980022999869 ], [ 36.779767990000039, -1.256268202999877 ], [ 36.778911591000167, -1.256250023999883 ], [ 36.775133133000168, -1.256938039999966 ], [ 36.768520355000135, -1.258058428999959 ], [ 36.767417908000141, -1.25825262099994 ], [ 36.766689301000156, -1.258653163999952 ], [ 36.764942169000051, -1.259927510999944 ], [ 36.763824463000105, -1.260370552999916 ], [ 36.757816315000184, -1.261238336999952 ], [ 36.753282547000026, -1.261626600999932 ], [ 36.753364563000105, -1.262401222999927 ], [ 36.754232407000131, -1.263316392999968 ], [ 36.755504608000138, -1.264140009999892 ], [ 36.756292343000041, -1.264469444999975 ], [ 36.757225037000126, -1.264487742999961 ], [ 36.758074443000055, -1.264530459999946 ], [ 36.759432792999974, -1.265087216999916 ], [ 36.76022953800009, -1.266072241999893 ], [ 36.760950089000119, -1.266903817999946 ], [ 36.761465073000124, -1.267715990999932 ], [ 36.760456085000101, -1.268306254999914 ], [ 36.759775162000153, -1.267793893999965 ], [ 36.758805593000147, -1.268135308999888 ], [ 36.757891655000037, -1.268474608999895 ], [ 36.757913589000054, -1.269351422999875 ], [ 36.757831573000033, -1.270412563999912 ], [ 36.757061958, -1.271089523999876 ], [ 36.755690575000131, -1.271113722999928 ], [ 36.754538536000155, -1.271062760999882 ], [ 36.753677368000126, -1.270996450999917 ], [ 36.752954483000053, -1.271302401999833 ], [ 36.752227783000194, -1.271741032999955 ], [ 36.751411438000048, -1.272210120999887 ], [ 36.750576019000107, -1.272556900999973 ], [ 36.74962329900012, -1.272030631999939 ], [ 36.748567581000032, -1.271618604999958 ], [ 36.747461319000138, -1.272276341999941 ], [ 36.74627971700005, -1.272541403999924 ], [ 36.745336533, -1.272341012999959 ], [ 36.744400025000175, -1.272828965999906 ], [ 36.743474185000139, -1.27349255799993 ], [ 36.74250475600013, -1.274331668999935 ], [ 36.741512299000135, -1.274669925999945 ], [ 36.740669251000043, -1.27496504699991 ], [ 36.739603043000102, -1.275301128999843 ], [ 36.738620758000081, -1.275540232999901 ], [ 36.737600327000109, -1.275449811999977 ], [ 36.736729940000146, -1.275023221999959 ], [ 36.735942296000133, -1.27422179499996 ], [ 36.73517354300003, -1.273683189999929 ], [ 36.734439850000172, -1.273103653999897 ], [ 36.733408059000169, -1.272898545999908 ], [ 36.732218650000107, -1.272017090999896 ], [ 36.731816823000145, -1.271191396999882 ], [ 36.730816760999971, -1.270583159999831 ], [ 36.729756849000069, -1.270243741999877 ], [ 36.728920616000039, -1.269735964999882 ], [ 36.72773148400006, -1.26872705999989 ], [ 36.726665067000056, -1.26785319999982 ], [ 36.725497843000085, -1.267086669999969 ], [ 36.724538111000072, -1.266494459999933 ], [ 36.723814141000048, -1.266018765999888 ], [ 36.723014193000097, -1.265350450999961 ], [ 36.722299376000194, -1.264714883999943 ], [ 36.721562986000038, -1.264061395999875 ], [ 36.720438186000024, -1.263259743999868 ], [ 36.719630838000057, -1.262191594999877 ], [ 36.718535614000189, -1.260810756999945 ], [ 36.720996857000159, -1.255668878999927 ], [ 36.723613739000143, -1.250602364999963 ], [ 36.724361420000093, -1.249604224999871 ], [ 36.724948883000138, -1.248980402999962 ], [ 36.725519181000095, -1.248294114999908 ], [ 36.725395203000119, -1.246912717999919 ], [ 36.725040435999972, -1.246075033999887 ], [ 36.725040435999972, -1.245201646999931 ], [ 36.725445339000032, -1.244015386999934 ], [ 36.726036072000113, -1.24347269499998 ], [ 36.727281570000173, -1.243224858999895 ], [ 36.727874756, -1.239230632999977 ], [ 36.728656769000168, -1.232403992999934 ], [ 36.729731560000175, -1.231717734999904 ], [ 36.731260300000031, -1.232787191999932 ], [ 36.732139587, -1.232719301999907 ], [ 36.733070374000192, -1.232696532999967 ], [ 36.733947754000155, -1.233128546999922 ], [ 36.734983444000022, -1.233583211999814 ], [ 36.736232758000028, -1.233628749999923 ], [ 36.737461090000068, -1.233810662999872 ], [ 36.738277434999986, -1.233878850999929 ], [ 36.739963531000058, -1.234333633999825 ], [ 36.740949631000149, -1.234424590999879 ], [ 36.741861344000142, -1.23407220799993 ], [ 36.742713928000171, -1.234129070999927 ], [ 36.743442535000156, -1.234470128999931 ], [ 36.74444198599997, -1.234765648999939 ], [ 36.745597839000141, -1.234595476999971 ], [ 36.746696472000167, -1.23467898399997 ], [ 36.752503713000067, -1.223949709999943 ], [ 36.755336761000024, -1.218571614999973 ], [ 36.75582885700004, -1.217814921999945 ], [ 36.756502152000053, -1.216778456999918 ], [ 36.760593414000027, -1.21865534799997 ], [ 36.761985779000042, -1.219448327999942 ], [ 36.766250610000043, -1.221876859999952 ], [ 36.76989364700006, -1.223865865999869 ], [ 36.771602631000064, -1.220980405999967 ], [ 36.778297424000073, -1.224342107999917 ], [ 36.781124115000068, -1.219355701999973 ], [ 36.784389496000188, -1.213070093999931 ], [ 36.783758799000111, -1.212538798999958 ], [ 36.789644877000057, -1.206404168999882 ], [ 36.788822174000131, -1.205807684999911 ], [ 36.788097381999989, -1.205366491999882 ], [ 36.787519455000051, -1.204862236999929 ], [ 36.786858876000053, -1.204119920999972 ], [ 36.785964966000165, -1.203958868999962 ], [ 36.785135270000069, -1.203937827999937 ], [ 36.784242630000108, -1.203223406999939 ], [ 36.784128824999982, -1.202017664999914 ], [ 36.784456889000126, -1.201241015999869 ], [ 36.786964417000149, -1.196164130999932 ], [ 36.790906906000146, -1.189049839999882 ], [ 36.798702240000125, -1.192913293999879 ] ] ] ] } }
]
}
